:020000041000EA
:1001000000000000000000000000000000000000EF
:1001100000000000000000000000000000000000DF
:1001200000000000000000000000000000000000CF
:1001300000000000000000000000000000000000BF
:1001400000000000000000000000000000000000AF
:10015000000000000000000000000000000000009F
:10016000000000000000000000000000000000008F
:10017000000000000000000000000000000000007F
:10018000000000000000000000000000000000006F
:10019000000000000000000000000000000000005F
:1001A000000000000000000000000000000000004F
:1001B000000000000000000000000000000000003F
:1001C000000000000000000000000000000000002F
:1001D000000000000000000000000000000000001F
:1001E000000000000000000000000000000000000F
:1001F00000000000000000000000000000000000FF
:10020000B8BA002041400010195C01102D400010C8
:100210002D4000102D4000102D4000102D400010EA
:1002200000000000000000000000000089400010F5
:100230002D40001000000000C9420010D1730010D2
:10024000754300107543001075430010754300108E
:10025000754300107543001075430010754300107E
:10026000754300107543001075430010754300106E
:10027000754300107543001075430010754300105E
:10028000754300107543001075430010754300104E
:10029000754300107543001075430010754300103E
:1002A000754300107543001075430010754300102E
:1002B000754300107543001075430010754300101E
:1002C000754300107543001075430010754300100E
:1002D00075430010754300107543001075430010FE
:1002E00075430010754300107543001075430010EE
:1002F00075430010754300107543001075430010DE
:1003000075430010754300107543001075430010CD
:10031000D3DEFFFF420121100302000000020010A3
:0C032000FF03000000000000793512AB64
:10033000EC46A0E8F05F80EC108B4FF000007047B7
:10034000B0E8F05FE54690EC108B080008BF012094
:10035000704700BF81F0004102E000BF83F000431E
:1003600030B54FEA41044FEA430594EA050F08BF50
:1003700090EA020F1FBF54EA000C55EA020C7FEA14
:10038000645C7FEA655C00F0E2804FEA5454D4EB91
:100390005555B8BF6D420CDD2C4480EA020281EA5B
:1003A000030382EA000083EA010180EA020281EA93
:1003B0000303362D88BF30BD11F0004F4FEA0131E5
:1003C0004FF4801C4CEA113102D0404261EB4101F4
:1003D00013F0004F4FEA03334CEA133302D052427A
:1003E00063EB430394EA050F00F0A780A4F1010436
:1003F000D5F1200E0DDB02FA0EFC22FA05F2801870
:1004000041F1000103FA0EF2801843FA05F3594155
:100410000EE0A5F120050EF1200E012A03FA0EFCD4
:1004200028BF4CF0020C43FA05F3C01851EBE371FE
:1004300001F0004507D54FF0000EDCF1000C7EEB1B
:1004400000006EEB0101B1F5801F1BD3B1F5001F59
:100450000CD349085FEA30004FEA3C0C04F1010478
:100460004FEA445212F5800F80F09A80BCF1004FA1
:1004700008BF5FEA500C50F1000041EB045141EA23
:10048000050130BD5FEA4C0C404141EB0101013CEC
:1004900028BFB1F5801FE9D291F0000F04BF0146DB
:1004A0000020B1FA81F308BF2033A3F10B03B3F1AD
:1004B00020020CDA0C3208DD02F1140CC2F10C023D
:1004C00001FA0CF021FA02F10CE002F11402D8BF9B
:1004D000C2F1200C01FA02F120FA0CFCDCBF41EA67
:1004E0000C019040E41AA2BF01EB0451294330BD36
:1004F0006FEA04041F3C1CDA0C340EDC04F1140413
:10050000C4F1200220FA04F001FA02F340EA0300E9
:1005100021FA04F345EA030130BDC4F10C04C4F12F
:10052000200220FA02F001FA04F340EA030029460F
:1005300030BD21FA04F0294630BD94F0000F83F459
:10054000801306BF81F480110134013D4EE77FEA3C
:10055000645C18BF7FEA655C29D094EA050F08BF88
:1005600090EA020F05D054EA000C04BF1946104669
:1005700030BD91EA030F1EBF0021002030BD5FEAAD
:10058000545C05D14000494128BF41F0004130BDD5
:1005900014F580043CBF01F5801130BD01F0004529
:1005A00045F0FE4141F470014FF0000030BD7FEA9C
:1005B000645C1ABF194610467FEA655C1CBF0B4697
:1005C000024650EA013406BF52EA033591EA030FAE
:1005D00041F4002130BD00BF90F0000F04BF0021A6
:1005E000704730B54FF4806404F132044FF00005D9
:1005F0004FF0000150E700BF90F0000F04BF002152
:10060000704730B54FF4806404F1320410F00045B7
:1006100048BF40424FF000013EE700BF42004FEAB2
:10062000E2014FEA31014FEA02701FBF12F07F432F
:1006300093F07F4F81F06051704732F07F4208BFE6
:10064000704793F07F4F04BF41F40021704730B5ED
:100650004FF4607401F0004521F000411CE700BF39
:1006600050EA010208BF704730B54FF000050AE0BC
:1006700050EA010208BF704730B511F0004502D5BD
:10068000404261EB41014FF4806404F132045FEABF
:10069000915C3FF4D8AE4FF003025FEADC0C18BF68
:1006A00003325FEADC0C18BF033202EBDC02C2F15A
:1006B000200300FA03FC20FA02F001FA03FE40EAEC
:1006C0000E0021FA02F11444BDE600BF4FEA4102D8
:1006D000B2F1E04324BFB3F5001CDCF1FE5C0DD9A0
:1006E00001F0004C4FEAC0024CEA5070B2F1004FEA
:1006F00040EB830008BF20F00100704711F0804FED
:1007000021D113F13872BCBF01F00040704741F4B1
:1007100080114FEA5252C2F11802C2F1200C10FAB5
:100720000CF320FA02F018BF40F001004FEAC12399
:100730004FEAD32303FA0CFC40EA0C0023FA02F33D
:100740004FEA4303CCE77FEA625307D150EA013313
:100750001EBF4FF0FE4040F44000704701F00040E3
:1007600040F0FE4040F40000704700BF53B94AB962
:10077000002908BF00281CBF4FF0FF314FF0FF30A9
:1007800000F00CB8ADF1080C6DE904CE00F022F8D1
:10079000DDF804E0DDE9022304B07047704700BFD4
:1007A00010F8012B11F8013B012A28BF9A42F7D01B
:1007B000D01A7047034611F8012B03F8012B002AC9
:1007C000F9D17047034613F8012B002AFBD1181A00
:1007D000013870472DE9F0478C468E46089E154635
:1007E00004461946002B40F0D080724547D9B2FA32
:1007F00082F74FB1C7F120030EFA07FCBD40BC40A1
:1008000020FA03F343EA0C0C4FEA154EA8B2230C6E
:10081000BCFBFEF80EFB18CC08FB00F943EA0C43C6
:10082000994528D9EB1808F1FF3204D2994502D92D
:10083000A8F102022B44A3EB0903A4B2B3FBFEFC14
:100840000EFB1C330CFB00F044EA0344A04214D915
:100850002C190CF1FF3304D2A04202D9ACF10203EF
:100860002C44241A43EA02401EB1FC4000233460A9
:100870007360BDE8F0874246DDE76346F1E7002A92
:1008800079D0B2FA82F3002B3FD01946C1F1200390
:1008900002FA01F500FA01F42EFA03F20EFA01FE53
:1008A00020FA03F3AFB243EA0E034FEA154EB2FB50
:1008B000FEFC0EFB1C201A0C0CFB07F842EA00425F
:1008C00090455AD9AA180CF1FF3004D2904502D9AC
:1008D000ACF102002A44A2EB08029BB2B2FBFEFC80
:1008E0000EFB1C220CFB07F743EA02439F4246D94A
:1008F000EB180CF1FF3204D29F4202D9ACF1020294
:100900002B44DB1B42EA004202E0AEEB0203012271
:100910004FEA154EAFB2200CB3FBFEFC0EFB1C33AE
:100920000CFB07F840EA034398452AD9EB180CF171
:10093000FF3004D2984502D9ACF102002B44A3EB5E
:100940000803A4B2B3FBFEFC0EFB1C330CFB07F741
:1009500044EA0344A74216D92C190CF1FF3304D200
:10096000A74202D9ACF102032C44E41B43EA004045
:100970000F46114678E71F2188E76046ABE76246DD
:10098000BFE76046DBE76346EFE7734506D916B974
:10099000002108466DE7C6E9000EF9E7B3FA83F7D0
:1009A00087B9734501D3824207D8841A6EEB0303DB
:1009B00001209C461EB900215BE73846FAE7C6E9EC
:1009C000004CF8E7C7F1200CBB4000FA07F422FA0C
:1009D0000CF520FA0CF1BA401D432EFA0CF30EFA76
:1009E00007FE4FEA154941EA0E011FFA85FEB3FBE7
:1009F000F9F809FB18300B0C08FB0EFA43EA004328
:100A00009A4540D9EB1808F1FF3004D29A4502D933
:100A1000A8F102002B44A3EB0A0389B2B3FBF9F857
:100A200009FB183308FB0EFE41EA03418E452CD921
:100A3000691808F1FF3304D28E4502D9A8F10203E8
:100A4000294443EA0040A1EB0E01A0FB0298414576
:100A5000CE46434602D306D14C4504D20138B9EB09
:100A6000020E68EB0503002EA5D0B4EB0E0261EB7D
:100A7000030101FA0CFC22FA07F3F9404CEA0303E4
:100A8000C6E9003197E74046C5E74346D9E700008D
:100A9000F8B510EE904A10EE103A34F000472DED04
:100AA000048BB0EE609A0DD183F480035B0013F5E4
:100AB000000F40F2AA8230EE098AB0EE480ABDEC7F
:100AC000048BF8BD23F000411846B1F1FF4F02D866
:100AD000B7F1FF4F08D9B3F17E5FECD184F4800405
:100AE000640014F5000FE4E7002B25DAB7F1974F07
:100AF00080F09482B7F17E5F39D3FA15C2F1960285
:100B000047FA02F505FA02F2BA4229D105F00105C9
:100B1000C5F10205B7F17E5F2AD1002C80F27B82FD
:100B2000B5EE400AF1EE10FA1CD1D80FBDEC048BE3
:100B3000BDE8F84014F092BBB7F1FF4F10D1B1F10E
:100B40007E5F00F0628205D9002CDFEDD17A29FEAC
:100B5000278AB2E7002C80F25B82B1EE498AACE7CB
:100B60000025D7E7B7EE007A87EE008AA5E70025D3
:100B7000B4F1804F0A4640F05782B1F1BF4F0CD21A
:100B8000B1F1D05F02D920EE008A96E7B0EEC08ABC
:100B900059BB012D00FE088A8FE723F04046B0EED6
:100BA000C08AB6F17E5F17D1002CBCBFB7EE007AC9
:100BB00087EE088A002B80DAA1F17E51294305D106
:100BC000BDEC048BBDE8F84014F056BB012D7FF45A
:100BD00074AFB1EE488A70E739B9002CD9DA002B2E
:100BE000A4D06B1E58425841A0E7DE0F013E55EAE3
:100BF0000600E5D0B7F19A4F71D9A64B994208D8B3
:100C0000002C0BDA0020BDEC048BBDE8F84014F09A
:100C100017BBA14B994208D9002CF3DC0020BDEC96
:100C2000048BBDE8F84014F0FDBAB7EE007ADFEDB2
:100C30009B7ADFED9B9A38EE478A93A1D1E90001B8
:100C400068EE278AFFF742FDB5EE007A07EE900ABC
:100C5000DFED946A68EE299A48EE477AB6EE007A9C
:100C600007EEC87A68EE087A27EE277AF0EE687AFF
:100C700047EE667A39EEA77A17EE103A6FF30B0358
:100C800007EE103A77EE699A77EEE97A013DF7EED2
:100C9000006ABFEE008A6FF30B04354367EE890AE2
:100CA00008FE268A06EE904A39EE666A67EE267AD4
:100CB00046EE070A30EEA77A17EE101A002921F047
:100CC000004340F31381B3F1864F40F2CC80B5EE80
:100CD000C08AF1EE10FA4CBF0120002093E713F018
:100CE000FF4F05BF9FED707A6FF01701002168EE8E
:100CF000077A08BF17EE902AD315C2F316027F3B7E
:100D000042F07E500B4469498A4206DD68498A42B6
:100D100040F3A7800133A0F500000021654A06EEEC
:100D2000100AF7EE006A02EB8102D2ED005A75EE6E
:100D3000867A36EE657AC6EEA74A27EE245A15EE75
:100D4000102A6FF30B0206EE902A5B4A02EA600259
:100D500042F0005202F5800202EB415207EE902A67
:100D600006EEE77A77EEE57ADFED545A36EE676AFB
:100D700065EE057A06EE667A9FED516A47EE865A71
:100D80009FED506A27EE247A66EEA64A05EEA76A22
:100D9000DFED4D5A46EE275A9FED4C6A05EEA76AE5
:100DA000DFED4B5A46EE275A36EE856A67EEA77A94
:100DB00026EE076A05EEA76AF0EE085A74EEA57AE9
:100DC00077EE867A17EE902A6FF30B0207EE902AE1
:100DD00077EEE55A27EE277A66EEA76A75EEE45AB3
:100DE00036EE656A06EE057A9FED3A6A76EE877A08
:100DF00017EE902A6FF30B0207EE902A364A77EE31
:100E0000E66A02EB810227EE866A37EE667ADFED4C
:100E1000336A67EEA67ADFED326A47EE267A92ED04
:100E2000007A77EE877A07EE103A2E4BF8EEC76A13
:100E300003EB810336EE277AD3ED005A37EE257A9D
:100E400037EE267A17EE103A6FF30B0307EE103ADF
:100E500077EE666A76EEE56A76EEC66A77EEE67A51
:100E600014E701215AE755D1DFED1F6A37EE677AA3
:100E700070EEA66AF4EEC76AF1EE10FA3FF727AFFC
:100E800086234BE0AFF30080E13D55555555D53FE6
:100E900000000000F3FF7F3F0700803F70A5EC36A5
:100EA00000AAB83F3BAAB83F0000804B71C41C00A9
:100EB000D6B35D00C0E0011000F0FFDF55326C3E9C
:100EC00042F1533E05A38B3EABAAAA3EB76DDB3E73
:100ED0009A99193F0040763FB0E00110C623F6B85A
:100EE0004F38763FB8E001103CAA3833534A93425A
:100EF00007D9B5EEC08AF1EE10FA4CBF01200020F0
:100F00008DE607D137EE677AB4EEE07AF1EE10FAAB
:100F1000B6DBEEE7B3F17C5F72D9DB157E3B4FF4B5
:100F20000000474A002940FA03F00844C0F3C753C1
:100F3000A3F17F0342FA03F2C3F1170302EA0002AE
:100F4000C0F3160040F4000007EE102A40FA03F048
:100F500077EEC77AB8BF404237EEA07ADFED396A44
:100F6000DFED395AB7EE000A9FED386A17EE103AF6
:100F70006FF30B0307EE103A77EE677A67EE266A97
:100F800070EEE70ADFED327A27EE277ADFED317A6D
:100F900000EEA77A76EE877A77EEE66A37EE667A23
:100FA00067EEA76A07EE877A16EEA56ADFED2A5A82
:100FB00046EE265A9FED296A15EEA66ADFED285AFD
:100FC00046EE265AB0EE676A05EEE66AF0EE006A73
:100FD00067EE865A36EE666AC5EE866A36EEC77AE0
:100FE00077EE677A30EE670A10EE103A03EBC053E3
:100FF000B3F5000F06DA14F0B3F820EE088A5CE5CA
:101000000020A9E700EE103AF7E7B7EE008A54E5B2
:101010009FED148A51E5B0EE408A4EE5B7F1FF4FDF
:101020003FF48DAD0A460225B4F17C5F7FF4B5AD87
:10103000002BFFF6B2ADB1EEC08A3EE500001643CC
:10104000000080FF0072313F4CBB31330EEADD35CA
:101050008CBEBF351872313F55B38A38610B363BB1
:10106000ABAA2A3E0000000070B504460D46836816
:101070005B6CA3B19847002811DDA3681B6C53B9C2
:10108000A3685B6B63B9094B1B6843B129462046D3
:10109000BDE870401847204698470028F0D170BD41
:1010A000204698470028FAD0EDE700BF180E002030
:1010B00008B504481BF0D2FB00280CBF6FF01200EB
:1010C000002008BD80D1011070B504460D460A48C5
:1010D0001BF0C4FB60B1084E2544AC4201D1002096
:1010E00070BD14F8011BB36803485B689847F4E7C8
:1010F0006FF01200F4E700BF80D1011070B5044614
:101100000D460D481BF0AAFB78B10B4E2544A542B5
:1011100001D1002008E0B3681B684BB1214630467E
:10112000984701340028F2D070BD6FF01200FBE741
:101130006FF05700F8E700BF80D1011037B50446C3
:101140000E4D28461BF08AFB90B1A37922688DF8DA
:10115000063000230092A2888DF80730ADF80420F5
:10116000AB68DB683BB169462846984703B030BDA1
:101170006FF01200FAE76FF05700F7E780D1011027
:1011800070B505460E460D4C20461BF067FB78B146
:101190000B4B1D60A56875B1AB6C63B13246204640
:1011A00008499847AB6A0BB120469847002070BDAC
:1011B0006FF01200FBE76FF05700F8E780D10110E5
:1011C000180E002069100010002210B511460446C8
:1011D00015F052FF00222046114615F04DFF204623
:1011E00000F02EF920466FF00101054A15F095FF39
:1011F00020466FF00101034A15F08FFF012010BD5A
:1012000006EA0110D0E0011038B50F4D0622012189
:10121000044616F0E1F82A68931C03D020460B49D7
:1012200016F079F80A4B204608491C6016F028F899
:10123000002128600748FFF7A3FF0146204615F06C
:1012400033FE012038BD00BFB000002019FCFFBFF5
:101250001C0E002059120010014810F0E3BB00BF23
:10126000A0000020F8B50121044606F0EBFC051EA5
:1012700005DC2046BDE8F8400E4915F0E6BF012226
:101280002946204615F0BEFF29460746FFF736FFE0
:1012900006460146204615F007FE26B1204615F009
:1012A000FCFD0220F8BD2A463946204606F082FAA7
:1012B000F7E700BFDAE0011013B50E4C2068B8B1B3
:1012C0000D4B1A68931C13D00C4915F0A8FE00238F
:1012D000CDE900331A461946206806F08FFA38B176
:1012E0006FF00101206802B0BDE8104015F0CDBCE0
:1012F00002B010BD1C0E0020B000002019FCFFBF82
:1013000037B504460522012116F066F8424A01214C
:10131000204615F061FE4FF0FF31204606F092FCAA
:1013200005466FF00101204615F0AFFC01213B4A54
:101330002046009515F050FE4FF0FF310023204667
:10134000374A16F067F837490546FFF729FA0028AB
:1013500056D028463449FFF723FA002852D02846B1
:101360002F49FFF71DFA20B12A4620462F4915F0D4
:101370006CFF00256FF00101204615F086FC01216D
:101380002B4A20468DF8045015F026FE01224FF01E
:10139000FF31204616F056F805466FF00101204651
:1013A00015F073FC012D07D0022D2DD02A462046C2
:1013B000204915F04AFFC5B201211F4A20468DF889
:1013C000055015F009FE08224FF0FF31204616F0B7
:1013D00039F805466FF00101204615F056FCEB1F69
:1013E000022B13D8681FC0B28DF806006846FFF7BD
:1013F000A5FE0146204615F057FD012003B030BD83
:101400000125B7E70225B5E70325D5E72A4620469B
:101410000A4915F01AFFE6E7EFE00110F8E00110C5
:10142000FFE0011004E1011008E101100DE10110DD
:1014300044E101104EE1011075E101107FE101105E
:1014400010B504469FED080A442106F051FC2046E1
:101450000522002115F010FE20460022034906F067
:101460000FFC012010BD00BF0080FC4350D90110CB
:1014700010B504460A4A0B4915F0F4FF2046002235
:10148000094915F065FD2046084A6FF0010115F085
:1014900044FE20466FF0010115F0F7FB002010BD5F
:1014A000BEE1011019FCFFBFC9110010C7E1011016
:1014B00013B54FF400422549254800F007FB0022F0
:1014C000234924480AF0FCFC04460FF0A7F8204604
:1014D000FFF7CEFF78B1204619F09BFF1E495A2333
:1014E0001E4A1F4814F009F91E4814F006F95A2143
:1014F0001A4814F0F9F820461B4915F029FF034655
:10150000C8B100224FF0FF31204615F06BFC0146B8
:10151000164814F0DCF86FF00101204615F0B5FB19
:10152000204619F076FF4FF40041094802B0BDE8AB
:1015300010400FF02FB80146CDE900004FF0FF3208
:10154000204606F05BF90028DBD1E9E74C100020CB
:10155000200E00206D0501103C0E0210CDE101109F
:101560001BE2011038E20110D41802105AE20110F7
:101570002DE9F04104460D4613F0F2FE804618BBFB
:101580002946204613F0BDFE0146204613F00DFF0C
:1015900004EB8001CE69CEB90122E3688240134397
:1015A000E3600222CD612B462946204613F09EFEC1
:1015B00003222946204613F099FE2946204613F0BF
:1015C000DDFE236903442361BDE8F0810222314638
:1015D000204613F080FE032201460746204613F002
:1015E0007AFE86420BD001210F4A104814F045FACA
:1015F00088F31188BFF36F8F0423184602DF3B4640
:1016000002222946204613F071FE03223346294662
:10161000204613F06BFE39462B46204613F066FE3B
:1016200002223146C6E700BF83E201102CD601102A
:101630002DE9F041904603220D46044613F04BFE7F
:101640008542064608F1060713D10122E36802FA33
:1016500008F223EA0203E360002304EB87077B60C0
:101660002946204613F08AFE23691B1A2361BDE830
:10167000F08102222946204613F02DFE0322014666
:101680008046204613F027FE854206D102223146CD
:10169000204613F020FE85420CD001210D4A0E4851
:1016A00014F0EBF9002383F31188BFF36F8F042349
:1016B000184602DF04EB87073346414620460322E3
:1016C0007E6013F013FE434602223146204613F09B
:1016D0000DFEC5E783E201102CD6011038B50122BA
:1016E00005460C4613F0F7FDC30713D421462846E0
:1016F00013F030FE0146284613F025FE844209D13E
:101700002146284613F01FFE0146284613F022FE0C
:1017100084420CD00121064A064814F0AEF9002399
:1017200083F31188BFF36F8F0423184602DF38BD9F
:10173000A7E201102CD601102DE9F0470446884697
:1017400000AF13F028FEA1680646B1F5004F36BF82
:10175000A8F10403002303F00703B1F5004F34BFE1
:101760004FF0040C4FF0080C02F0070007301D1872
:101770006544ED0805EBD2058D4228BF0D460122D8
:101780003146204613F0A7FD10EA020A16D1E946B9
:1017900088B06A466B4BCDE90538032342F8103F09
:1017A0004FF4C2515346684801F0D2FCCD468AF34B
:1017B0001188BFF36F8F0423184602DF314620469D
:1017C00013F0C8FD0146204613F0BDFD864217D038
:1017D000E94688B06A465D4BCDE90538032342F8F7
:1017E000103F00234FF4C251574801F0B1FC0023D1
:1017F000CD4683F31188BFF36F8F0423184602DFB1
:101800003146204613F09FFD0146204613F0A2FD0D
:10181000864217D0E94688B06A464D4BCDE9053877
:10182000032342F8103F00234FF4C251464801F011
:101830008FFC0023CD4683F31188BFF36F8F042301
:10184000184602DF3146204613F05BFD8542814693
:101850002DD032D26369A0EB0509A3EBC90335444F
:10186000636131462A46204613F0C7FD0122314606
:10187000204613F04CFD294613F06CFD0122014671
:101880000646204613F027FDC3070CD431462046F8
:10189000FFF724FF3146204613F0D6FD3246294695
:1018A000204613F08CFD29462046FFF761FE4FF0DD
:1018B000010A5046BD46BDE8F0873146204613F088
:1018C00049FD012201468046204613F004FD10EA3E
:1018D000020A34D14146204613F013FD48448542A4
:1018E000E7D86369A269A5EB090503EBC5039A4232
:1018F0002CBFA261A361636141462046FFF7EEFE63
:101900004146204613F0A0FD4146204613F0F9FC65
:10191000854209D24544414620462A4613F06DFDD2
:1019200029462046FFF724FE42463146204613F062
:1019300046FD01223146204613F0E9FCB7E74FF09F
:10194000000AB6E7CCE201102CD60110F0E201103B
:1019500019E301102DE9F8430E4600AF002900F00D
:10196000AA8004680122204613F015FD01460546B1
:10197000204613F0B0FC10EA020816D1E94688B000
:101980006A464E4BCDE90536032342F8103F4FF42B
:10199000C25143464A4801F0DBFBCD4688F311882B
:1019A000BFF36F8F0423184602DF2946204613F049
:1019B000D1FC0146204613F0C6FCA84217D0E846E9
:1019C00088B06A463F4BCDE90536032342F8103F05
:1019D00000234FF4C2513A4801F0BAFB0023C54638
:1019E00083F31188BFF36F8F0423184602DF294663
:1019F000204613F0A8FC0146204613F0ABFCA84299
:101A000017D0E84688B06A462F4BCDE90536032348
:101A100042F8103F00234FF4C251294801F098FBCF
:101A20000023C54683F31188BFF36F8F0423184644
:101A300002DF00222946204613F069FC294613F0F4
:101A40009DFC636929461B1A6361204613F082FCE2
:101A5000012201460646204613F03DFCC2070CD485
:101A600031462046FFF73AFE3146204613F0ECFCA3
:101A700032462946204613F0A2FC2946204613F0A0
:101A800062FC012201460646204613F024FCC307EF
:101A90000DD431462046FFF721FE3146204613F093
:101AA000D3FC2A463146204613F089FC35462946A8
:101AB0002046FFF75DFDBD46BDE8F88340E3011019
:101AC0002CD60110F0E2011019E30110B2F5802FBD
:101AD0002DE9F04110D2042A28D8434940F2E323EB
:101AE000424A434813F009FE424813F006FE40F212
:101AF000E3213E4813F0F8FD0823D21ACC1D11440F
:101B000024F0070421F00701091B27294FEAD10718
:101B10000ED839494FF43B73344A354813F0EDFD84
:101B2000344813F0EAFD4FF43B71E2E70423E4E7A5
:101B300000250460C4E90355C4E90555A76000F019
:101B40005FF83946204613F030FC820002F1270688
:101B5000A168F608731CB1F5004F28BF0133BB42E2
:101B60000CD9264940F20233204A214813F0C5FD22
:101B7000204813F0C2FD40F20231BAE72946043290
:101B800004F11C001AF080FF32462946204613F06B
:101B9000D6FB2B462A462946204613F0A7FBA7EB87
:101BA000060820462946012213F0B1FB4246314681
:101BB00013F0C5FB33462A463146204613F096FB08
:101BC0003946204613F0BBFB43462A463946204699
:101BD00013F08CFB39462046012213F098FB314666
:101BE000BDE8F041FFF7C4BCC0E3011065E301109C
:101BF0001BE20110E1E30110FAE3011023E40110FC
:101C0000034638B1064A106838B901211160054A07
:101C1000136070476FF0150070476FF00B0070474E
:101C2000300E00202C0E00202DE9F04F91B00093D3
:101C300002F004030293C2F3C20301338407054692
:101C40000E46DDF868A00392059340F0C881041D9C
:101C5000002837D101F00706341DC6F10806009BA5
:101C60004FF0000804275A1E4FF0FF33C14601937E
:101C7000C3463B46CDF810800DB100982060059812
:101C8000002800F3BF809C480099814203D39B4801
:101C90008142C0F0B7800399601B11F0020C40F044
:101CA000CA80B9F10F0F40F2C980954940F28123F3
:101CB000944A954813F021FD944813F01EFD40F21C
:101CC0008121B5E00729CAD86FF01B0011B0BDE82B
:101CD000F08F7A285AD84B280FD8472856D8292869
:101CE0002DD825284FD051D8202818BF23280CBF25
:101CF0004FF0010B4FF0000B6EE04C382E2845D80A
:101D0000DFE800F06A4444444444444444444444C6
:101D1000474444444444444444544447475454543A
:101D20006A4768446A4418471844447B79474444E6
:101D30004744790000204FF0000B042734E00121D4
:101D40002A38C0B201FA00F010EA0E0F44D110F0A8
:101D5000625C2BD110EA010B3ED06046013C3C4452
:101D6000B4FBF7F47C4325B1A3EB050CA444B445C4
:101D7000AAD8002800F096800598013805905AF8F6
:101D8000040B009078E70199013901914FF0000BA5
:101D900022E012F8010C6C2831D1002012F8023C2C
:101DA00083466C2BC9D108273B46D7E70AF1070ABF
:101DB0002AF0070A0734BAEC027B24F0070435B195
:101DC00006982044B0423FF67FAF84ED007B4FF091
:101DD000000B083408273B4612F8010F00287AD080
:101DE000BBF1000F7FF475AF2528F5D14FF0010B43
:101DF000019B013301930427EDE758469BE7002040
:101E00008346ABE7039988072FD54FF0010C601B81
:101E1000B0F5007FFFF445AF39494FF41F73394ADD
:101E2000394813F06AFC3A4813F067FC4FF41F710D
:101E3000344813F059FC4FF0000CE9E705B309F101
:101E400040010DEB010E0199C0F387000EF8200C44
:101E50000EF8101CBCF1000F0ED060F07F000EF8E1
:101E6000200C08F1010809F10109C5F108014FF63C
:101E7000DA7E04340691AFE7049801300490F2E76B
:101E8000BCF1000F01D00136EDE7029902360029BE
:101E9000E9D10098CDE90632FEF794FCDDE906327F
:101EA0000644E0E7042B08D10AF1040015B1DAF882
:101EB00000102160824604348EE70AF1070323F004
:101EC000070303F1080A1DB193ED007B84ED007B4D
:101ED0000823083480E7631BB3F5806F1CD30849DF
:101EE00040F2D223074A084813F007FC094813F0D0
:101EF00004FC40F2D2219BE774D00110B41E021002
:101F00003C0E021056E401101BE20110A5E4011082
:101F100084E40110BFE401101DB9A6F10804E01823
:101F2000D4E6029A9B0828602B709DF81030BAB155
:101F3000EB7085F80280B8F1000F05D0002208A8E8
:101F4000C5F1010791450DD14FF0000AC5F101031C
:101F500008AF01930DF1300BD14512D1601BB5E6EE
:101F60006B70E6E710F8013B190608D507EB040C87
:101F7000B44503F07F033FF6A7AE04F8013B0132FE
:101F8000E0E7B8F1000F03D097F90020002A16DB34
:101F9000029BC3B11AF80B2004F8012B0022019B0D
:101FA00018191044B0423FF68FAE3878009904F803
:101FB000010B204603921AF05AFD039A14440AF1C9
:101FC000010A0137C8E73A7855F822300093029B9E
:101FD000009845F82230FEF7F5FB421CDFE76FF072
:101FE0000D0073E62DE9F04F95B000AF8A46054627
:101FF000C7E9083258B99B4940F299339A4A9B483D
:1020000013F07BFB40F29931974813F06DFB49B90F
:1020100003784678807800EB83002844564521D821
:10202000A0EB050ABB6F95F8028003F00103BC6FBB
:102030003B61EB78B8F1000F0CBF002404F0010401
:10204000FB6113B1BB6F9E0715D4A4B97B6A1BB1AA
:10205000514628463A6A9847564630465437BD4658
:10206000BDE8F08F441C2046FEF7ACFB0130204455
:102070000AF1010AD2E7BB6FC3F3C0037B612B787F
:10208000FB609B007B606B68BB60FB6805EB830BB0
:102090007B6A002B71D15646D844ACB11C461BF864
:1020A000013B55F82300FEF78DFBFB6F01303BB180
:1020B000D7F88030A34282BFFB6F23F814000134AD
:1020C000C3450644EBD1D846BB6F4FF0000913F06F
:1020D000050F0CBF4FF0020B4FF0010BFB69994548
:1020E000BBD298F8013008F1020855F823A0604BE4
:1020F0009A45C0F082815F4B7A699A452CBF0023D4
:1021000001230AB318F8021CB8687B6213F0BEFA08
:102110007B6AC8B1EA468AB06A46574B0593BB68EA
:10212000CDE906314FF40073ADF82030534B42F83F
:10213000103F00234FF41251514801F009F8D546E1
:10214000023E09F10109C9E723B13B692BB9A6EBAE
:102150000B06F6E7BB6F9807F3D55046FEF732FB48
:10216000FB6F43B1D7F880309C423FBFFA6F431CEE
:1021700022F8143001340644E3E7002C66D1B8F1AC
:10218000000F69D0BB6F590769D5C14607F1400000
:10219000424659461AF06BFC0BEB0803BB61002367
:1021A000DFF8D0E0FA6993426CD3BA6F95F801B0CA
:1021B0003969920704EB0B0348BF0022DBB258BF1A
:1021C0004FEA5902002940F0E280B96F11F0040F84
:1021D00014BF494600216B70A970EA7028463A6A1C
:1021E00079687B6A9847061EFFF637AFFB68494659
:1021F0002B70FB693A6AEB7085F801B07B6A85F851
:10220000028007F140009847B0F10009C0F2F18068
:102210007B68FA69B86903EB420141443A6A7B6A18
:10222000AAEB010198470028C0F2E5804FF0000BAF
:10223000B14409EB000607F1300AA345C0F0A980BC
:1022400000213A6A08467B6A984706E744464FF001
:10225000000907F130009BE74446C1469CE7A146D0
:102260009AE700BFD6E4011056E401101BE201100A
:1022700074D00110B41E0210F1E40110040000013A
:10228000DCD50110B869634A10F8021B10F8016C24
:10229000B86155F826009042C0F0B5807A69704563
:1022A0002CBF4FF0000B4FF0010B3AB1B8683B6008
:1022B00013F0ECF93B68DFF870E160BBBBF1000F95
:1022C0002BD03A695AB10F2C36D9534940F24343C7
:1022D000524A534813F011FA40F2434194E6BA6F60
:1022E000520718D5B9F10F0F09D94E4940F24643AC
:1022F0004A4A4B4813F001FA40F2464184E609F19C
:10230000280207F1280009F1010102EB000909F890
:10231000106C5FFA81F9013344E7BA6F900715D565
:102320000F2C09D93C4940F24D433C4A3C4813F03C
:10233000E4F940F24D4167E604F1280207F1280074
:10234000611C141804F8206CCCB2E4E7B9F10F0F4B
:1023500009D934494FF48A63304A314813F0CDF932
:102360004FF48A6150E609F1280207F1280C09F1BF
:102370000100944407F1500209F1020952FA80F079
:102380000CF8101C5FFA89F900F8106CC3E7002103
:1023900021E71BF80A3055F8239087F82F30FB6FA0
:1023A00023B3D7F880309B4520D2FB6F33F81B80D6
:1023B00001213A6A7B6A07F12F00984700281ADB4F
:1023C0000644B8F1000F06D14846FEF7FBF900F1CC
:1023D00001081FFA88F8414648463A6A7B6A9847DE
:1023E000002808DB06440BF1010B26E74FF000083C
:1023F000DEE74E4631E606462FE67B69002B3FF4CA
:10240000A9AE00237EE67A69002A86D04FF0000B41
:102410004CE700BF74D0011094E5011056E40110A0
:102420001BE20110B3E50110B41E0210014B18604D
:10243000704700BFB400002080B505460E46174621
:10244000984610F04BFB034601F0A6FFDFF85090D2
:10245000044649F80030424639463046A8470B4BFF
:102460001B7873B90A4940F246330A4A0A4813F006
:1024700044F90A4813F041F940F24631054813F097
:1024800033F954F8090001F009FF00BF71910020F1
:102490000FE60110E4E501101BE2011022E6011035
:1024A0000800000038B50D460446202200211AF02D
:1024B000EBFA0022EB68E361AB68A3612B6823624F
:1024C0006B68A26263622A6923B1591E194208BF70
:1024D00042F0010222610122002104F12C001AF0D5
:1024E000EDF948B1054906482F23064A13F005F9CE
:1024F0002F21044813F0F8F838BD00BF6AE6011038
:102500001BE2011044E601102DE9F04F002789B0CD
:10251000CDE90123436A04468B428846BA460597B3
:10252000079754D300F11406EFF31185102383F3BA
:102530001288BFF36F8F3046A94610F04DFD58B991
:1025400084234D4A4D494E4813F0D7F831464D4843
:1025500013F0D3F8842163E0304610F061FD079A50
:102560002AB13946204613F0AEF90023079306A995
:10257000204613F0CFF806998346414530D32268B0
:10258000236A204613F8221003EB820A21F003018C
:1025900003F822102168424613F0E0F8E368206057
:1025A000984218D04FF0000B304610F023FD50B386
:1025B00089F31188BFF36F8F059929B1A2690AB118
:1025C0002046904700230593BBF1000FACD1504645
:1025D00009B0BDE8F08F236943F008032361E1E708
:1025E00018B1204613F0D4F8DEE7DDE901321343D9
:1025F00039D003911AF090F90399A0BB9DBB3046E6
:1026000010F0F8FC78B94FF499731B4A1E491C4826
:1026100013F073F831461D4813F06FF84FF49971B9
:10262000154813F061F885F31188BFF36F8F04F13B
:102630002C00DDE901230EF0A1FF8346EFF31189A1
:10264000102383F31288BFF36F8F304610F0C4FC61
:1026500000283FF475AFBBFA8BFB304610F0E0FC6E
:102660004FEA5B1BA0E7204607AB05AA276813F0DB
:10267000AEF8834698E700BF73E60110A0E60110AC
:102680001BE20110B5E60110CBE60110E2E60110F5
:102690002DE9F0410446C36908460E46984704F107
:1026A00014050746EFF31188102383F31288BFF354
:1026B0006F8F284610F090FC68B984231A4A1B4992
:1026C0001B4813F01AF829461A4813F016F884210B
:1026D000154813F009F8284610F0A2FC33783A4662
:1026E00043F0010333706168204613F037F86060EF
:1026F000204613F003F9284610F07CFC68B94FF42B
:102700009973094A0C490A4812F0F7FF29460B4809
:1027100012F0F3FF4FF49971DAE788F31188BFF3F1
:102720006F8FBDE8F08100BF73E60110A0E60110D5
:102730001BE20110B5E60110CBE60110E2E6011044
:102740002DE9F0470446002700F11406EFF3118845
:10275000102383F31288BFF36F8F304610F03CFCD8
:10276000054668B98423394A39493A4812F0C5FF09
:102770003146394812F0C1FF8421344812F0B4FFC9
:10278000304610F04DFC2369A168180702D4636835
:102790008B4200D2636A5B1A002B41D0206A10F88A
:1027A000213000EB810913F003023CD0022A04D14E
:1027B00050F821205FEA920A05D1DA0720D4484672
:1027C000E36998478246A1685246204612F0C6FF48
:1027D0005146A060204612F0CFFF2F46304610F041
:1027E00009FC10BB4FF49973184A1C49194812F0A0
:1027F00084FF31461A4812F080FF4FF49971BCE70C
:1028000043F0020300F82130E3694846A568984781
:1028100029460246204612F0A1FF0025A060DDE710
:102820001D46A946DAE71546FBE788F31188BFF392
:102830006F8F002D8AD137B1B9F1000F03D104F1A8
:102840002C000EF01DFE4846BDE8F08773E601102F
:10285000A0E601101BE20110B5E60110CBE6011065
:10286000E2E601102DE9F0410446C36908460D4631
:10287000984704F114060746EFF31188102383F3F9
:102880001288BFF36F8F304610F0A6FB68B984231F
:10289000274A2849284812F030FF3146274812F0CD
:1028A0002CFF8421224812F01FFF304610F0B8FBA5
:1028B0002B7823F001032B7023699B0705D5E26871
:1028C000236A03EB82039D4222D12B7823F002037B
:1028D0002B70D4E90231994204D13A46204612F0D5
:1028E0003DFFA0603946204612F046FF304610F00A
:1028F00081FB90B94FF499730D4A11490E4812F0BB
:10290000FCFE31460F4812F0F8FE4FF49971C9E70A
:102910002B6867F39F032B60E8E788F31188BFF308
:102920006F8F04F12C00BDE8F0410EF0A9BD00BF8F
:1029300073E60110A0E601101BE20110B5E60110DC
:10294000CBE60110E2E6011070B5044600F1140573
:10295000EFF31186102383F31288BFF36F8F28469D
:1029600010F03AFB68B984231A4A1B491B4812F03D
:10297000C4FE29461A4812F0C0FE8421154812F000
:10298000B3FE284610F04CFB2369A0681B0702D455
:102990006368834213D2646A241A284610F02AFB23
:1029A00078B94FF499730B4A0E490C4812F0A5FE02
:1029B00029460D4812F0A1FE4FF49971DEE71C1A6A
:1029C000EBE786F31188BFF36F8F201E18BF01203D
:1029D00070BD00BF73E60110A0E601101BE20110FC
:1029E000B5E60110CBE60110E2E6011008B558B9D2
:1029F0000749084840F23513074A12F07EFE40F2BC
:102A00003511054812F070FE4368587908BD00BFC3
:102A10003EE701101BE2011006E7011010B548B9AE
:102A200008490948A023094A12F067FEA021074877
:102A300012F05AFE03681B6913B1BDE81040184735
:102A4000184610BD3EE701101BE2011006E7011019
:102A50002DE9F843044606460127DFF8408094FA42
:102A6000A4F5B5FA85F507FA05F308EB05156FEA45
:102A7000030924EA03042B7B5BB12846FFF7CEFF52
:102A800038B96B6804222846196806EA090612F06C
:102A900084FF002CE3D13046BDE8F88374D60110E2
:102AA00010B5002288B00E490E4819F0C9FF002267
:102AB00000230024CDE906230E234FF40062CDE964
:102AC0000334CDE90144084B0849009408480FF04D
:102AD000ABF8084906480FF01BF8204608B010BDB7
:102AE000D52B0010D00900200D2F00107899002060
:102AF000E804002055E701102DE9F047DFF8D090F9
:102B00002C4C8046A9EB04038F2B0F460BD92A4986
:102B100040F25313294A2A4812F0EFFD40F25311B4
:102B2000264812F0E1FD274812F013FF064660B375
:102B300000252846BDE8F087237B8BB12368DB683E
:102B40000BB1204698476368204683F806A0FFF73C
:102B500065FFB0B9636804222046196812F01DFFB2
:102B6000013610344C4514D9174940F25F13134A0B
:102B7000134812F0C2FD154812F0BFFD40F25F117C
:102B8000CEE70AFA06F31D43EAE705464FF0010ACD
:102B9000E8E7D1D3B8F1000FCBD0002DC8D028463C
:102BA000FFF756FF0546002FF7D0002164200FF0F5
:102BB00009FFF2E774D601108AE701105DE7011002
:102BC0001BE20110480E0020BAE70110DBE70110FC
:102BD00094D6011001480EF053BC00BFC80300207A
:102BE000014B53F82000704794D9011008B50346F3
:102BF00008462BB1044A136000F08AFD002008BD8E
:102C00006FF01500FBE700BFB800002010B5044CC2
:102C1000237813B903480EF033FC0123237010BD51
:102C20004C900020C803002010B50446094812F05B
:102C300090FE3CB1084BD3E8EF1F0139C3E8E21F17
:102C4000002AF8D1054810F0B9FDBDE8104004484D
:102C50000EF016BC400E0020440E0020D0090020CB
:102C6000C80300200022044BD3E8EF0FC3E8E12F94
:102C70000029F9D1704700BF400E002070B5FFF762
:102C8000F1FF0546104C114EB4421AD9104940F2DA
:102C90001623104A104812F030FD104812F02DFD96
:102CA00040F216210B4812F01FFD2046FFF79EFE52
:102CB00028B123685B6813B1294620469847103431
:102CC000E2E7F2D370BD00BF74D6011094D60110B4
:102CD000BAE701105DE701101BE20110DBE701100C
:102CE00010B5044C04492046FFF7DCFB034B1C6085
:102CF00010BD00BF7003002080D90110340E0020E9
:102D00000023154A10B51370144A4FF47A711360FA
:102D1000134A14481360FFF769FFFFF7E1FF124BF6
:102D2000124918468B4215D9114940F22B13114A0A
:102D3000114812F0E2FC114812F0DFFC40F22B11B6
:102D40000C4812F0D1FC1A1A5C681211013222717F
:102D50001033E7E7F7D310BD4D900020400E002060
:102D6000440E00206559011074D6011094D601104C
:102D7000BAE701105DE701101BE20110DBE701106B
:102D80000146002200230148FFF7BEBB700300206C
:102D90000148FFF7D5BC00BF70030020024B01467D
:102DA0001868FFF75FBD00BF340E00200148FFF731
:102DB000CBBD00BF7003002070B52D4B1B78002BDE
:102DC00054D0FFF7E5FF044600283FD1294B2A4D98
:102DD0001B68002B12DD19F031FE0A220023FDF7DB
:102DE000C5FCD5E90032C01A40F2E93361EB0201BB
:102DF000984271F1000101D3FFF740FFD5E900329D
:102E000013F57A7342F10002C5E9003274B3BDE8EC
:102E10007040FFF7CBBF2846FFF7E8FD20B12B68D5
:102E2000214628461B6898471035B54211D91349E9
:102E300040F20A23124A134812F05FFC124812F0C3
:102E40005CFC40F20A210E4812F04EFC0F4D104E71
:102E5000EBE7E0D32046FFF7A1FF0E4BD3E8EF1FCF
:102E60000139C3E8E21F002AB0D0F7E7002070BDA7
:102E70004C900020400E0020C8090020BAE7011045
:102E80005DE701101BE20110DBE7011074D60110B1
:102E900094D60110440E002070B5154D297831BB31
:102EA0000120FFF729FE134C134EB44218D91349E1
:102EB00040F2CF13124A134812F01FFC124812F0CE
:102EC0001CFC40F2CF110E4812F00EFC2046FFF71A
:102ED0008DFD18B1236820469B6898471034E4E7BD
:102EE000F4D3FFF769FF0028FBD101232B7070BDDD
:102EF0004D90002074D6011094D60110BAE701104D
:102F00005DE701101BE20110DBE701102DE9F8433A
:102F1000374F384BFB1A1B090AD137494FF46F73EF
:102F2000364A374812F0E9FB4FF46F71334819E025
:102F300000210846FFF7E0FD0446A8B14FF4FA78F7
:102F40004FF000092F4B1B789BB92F4940F24633B5
:102F50002E4A2B4812F0D1FB2D4812F0CEFB40F246
:102F600046312A4812F0C0FB4FF0FF384FF0FF39CE
:102F7000E8E701F011FA274B274A1B58136033B1D9
:102F8000264B1B68092B02DD25480EF079FA002537
:102F900044B12046FFF75CFD044618B94FF0FF38F6
:102FA0004FF0FF39FFF708FF064628B935B91C482E
:102FB00042464B460EF0E2FA3546E9E70D4D08E091
:102FC000F5D22B689B691BB1002228461146984711
:102FD0001035BD42F4D913494FF46C73074A0848C1
:102FE00012F08BFB104812F088FB4FF46C719DE7D8
:102FF00094D6011074D60110FAE701105DE70110B4
:103000001BE20110719100200FE60110E4E50110B0
:1030100022E60110080000003C0E0020440E0020B3
:10302000C8030020BAE70110DBE7011013B52C48F4
:1030300012F08FFC2B4B1B78002B35D0EFF3118453
:10304000102383F31288BFF36F8F27480FF0C4FF5C
:1030500068B98423254A2649264812F04EFB2249A6
:10306000254812F04AFB8421204812F03DFB1E48FF
:103070000FF0D6FFFFF7A0FE1B480FF0BBFF68B9AB
:103080004FF49973194A1D491A4812F036FB164934
:103090001B4812F032FB4FF49971E5E784F3118875
:1030A000BFF36F8F02B010BD164B1B68002BF9D019
:1030B00050B9002200231448CDE9002342F21072D7
:1030C000002310F00DFBEDE70928EBD10E4810F0BE
:1030D00075FB0E4802B0BDE810400EF0D1B900BF3C
:1030E000440E00204D900020380E002073E60110A1
:1030F000A0E601101BE20110B5E60110CBE60110BD
:10310000E2E601103C0E0020D0090020C803002098
:1031100010B5064B04461B6898472146A06004483A
:10312000FFF7B6FABDE81040FFF780BFB8000020F7
:1031300070030020044A054B9B1AB1EBD30F34BF38
:1031400052F8310000207047D4D5011074D6011018
:103150002DE9F04F8FB0C1F34A2604AF0D469046DB
:10316000B8607B600C0D002E66D04FF000090A237A
:103170004FF0040B07F1140AFE60C7E90799C7F87E
:1031800024900093CDF808B0CDF804A007F11C03FB
:103190004A464046F968FEF725FFB0F5006F034642
:1031A0001CD36C468AB0D8F8041004AB2B481A46DE
:1031B000C3E9050140F2FF71D9614FF40071198430
:1031C000274B42F8103F4FF412514B462548FFF76A
:1031D000BFFFA5462C37BD46BDE8F08FC0F30A06F9
:1031E00004F11700184420F0070080083B60FFF747
:1031F000C7FD66F35325044630B33B6800F1100168
:10320000C7E908390A23F961CDE901AB00934046CB
:10321000154AF96807F11C03FEF7E4FE002813DAEB
:103220001249134840F24913124A12F066FA40F26A
:103230004911104812F058FA04F1170020F0070065
:103240008008FFF79DFD044666F353252A46204675
:103250007B68B96812F0C1FBBCE700BF23E801102E
:1032600004000001F4D50110AD5901108FE80110E0
:103270001BE2011062E801102DE9F04F87B005460E
:10328000DDE9106BDDE9127A8846144699462FB3C2
:103290003B465A4610210020CDF800A0CDF814A0DE
:1032A000FEF7C2FC00280BDA27494FF4B473274A13
:1032B000274812F022FA4FF4B471244812F014FA9D
:1032C000B0F5006F01460BD340F2FF730221214A93
:1032D000214807B0BDE8F04F12F0D8BB3946384658
:1032E00004F0070305F00704E40044EA831444EA09
:1032F000402444EA065406F11700084420F0070071
:1033000080080391FFF73CFD0546A0B19FB13B4605
:103310005A460399CDF800A01030FEF785FC00282E
:1033200009DA094940F28D13084A094812F0E5F913
:1033300040F28D11C1E74B4622464146284607B070
:10334000BDE8F04F12F049BB8EE8011062E80110B1
:103350001BE2011098E80110F4D50110406820B17B
:10336000034BC01A40F3CF0070474FF0FF30704757
:10337000D4D501100EB403B503AB53F8042B0146AA
:103380000448019301F020F802B05DF804EB03B0AB
:10339000704700BFB5330010CA0605D48B064CBF7A
:1033A00002490349FFF7E6BF704700BF7A100210D9
:1033B000D0E8011038B54B6805461A68CB680C4652
:1033C0009A4202D1084612F085FB6368D3E8EF2FDA
:1033D000511CC3E8E01F0028F8D1A3689D5463681E
:1033E0001A68E3689A4209D9054906487223064AD1
:1033F00012F083F97221044812F076F9002038BDEA
:1034000002E901101BE20110D3E801102DE9F04F91
:1034100089B099469DF85080159B044606930D4649
:10342000DDE916A3189F05920493B8F1000F00F090
:10343000A180B8F1040F0BD987494FF41573874A5F
:10344000874812F05AF94FF41571844812F04CF97C
:1034500007F48073079312F09EFA07F0020B0246FE
:10346000002856D020467F49FFF784FF0646BBF16F
:10347000000F08D017F0440F4DD12A4620467A4954
:10348000FFF778FF064407F0010353B1774B20465E
:1034900053F82820764B7749002A08BF1A46FFF7D1
:1034A00069FF07F48073002B07F0080318BF4FF083
:1034B0000009002B5BD0704B204653F828206F4941
:1034C000FFF758FF0546059B2BB11A4620466C496D
:1034D000FFF750FF0544B9F1000F05D04A462046DA
:1034E0006849FFF747FF054467483544069B002BB2
:1034F00047D02246654912F098F8002841DA64491D
:1035000040F2B123554A564812F0F7F840F2B12183
:103510009BE70646ABE75F4B18680028B2D05E4BCE
:103520004FF47A7B1B684FF03C0CB5FBF3F5B5FB11
:10353000F0F14FF4616300FB11550BFB05F5B1FB96
:10354000F3F2B5FBF0FE03FB121100FB1E55B1FBBD
:10355000FCF30BFB05F5B5FBF0F50CFB1311204656
:103560000091CDE901E54D49FFF704FF8AE707F037
:103570000805A8E7B9F1010F45460CBF4248484885
:10358000B4E7049B002B52D0049B3946102B28BF74
:103590001023204699460026FFF7FEFEB54218DCB0
:1035A0000026334620461AF803203E49FFF7E2FE84
:1035B0000136102E13D0710703D120463A49FFF788
:1035C000D9FE4E453346EDD320463849FFF7D2FEAB
:1035D000EEE720463449FFF7CDFE0136DEE7002650
:1035E00020463349FFF7C6FE33461AF8032020462B
:1035F000A2F120035F2B28BF2E222E49FFF7BAFE2F
:103600000136102E0DD0720703D120462649FFF750
:10361000B1FE4E453346E8D320462349FFF7AAFEC4
:10362000EEE7049BCA44B3EB09030493ACD1B8F1B1
:10363000000F0AD0FB0704D520460D4A0D49FFF7BD
:1036400099FE39462046FFF7A7FE204609B0BDE89F
:10365000F04F12F03FBA00BF37E90110D3E8011074
:103660001BE2011042E9011046E90110A4D9011042
:1036700032E9011099010210B8D901106BE901106B
:1036800071E9011075E90110B5330010C94300104C
:103690007AE90110500E00204C0E00204FE9011075
:1036A000EF5A011083E901108BE9011089E901103B
:1036B0008DE901108FE9011042F20F7373B58B424F
:1036C00028BF0B4605680446052168460D4A10F0E0
:1036D0000DFA0646636828460B225B680A4912F019
:1036E000EBF963683246694628465B6812F0E4F9F4
:1036F00063681B2228465B68044912F0DDF902B0BA
:1037000070BD00BF68EB0110C3190210A7190210A9
:1037100000210123064A904206D8064A01B9012336
:103720001360054B18607047012140085B00F2E709
:1037300040420F004C0E0020500E0020F8B50D4600
:103740000446064F4618B44201D12846F8BD14F885
:10375000011BBB6801485B689847F4E780D1011002
:1037600010B543681C68094819F078F848B9084949
:1037700008489923084A11F0C0FF9921064811F022
:10378000B3FF23685B685C6010BD00BF80D101108F
:10379000E0E901101BE20110A2E90110014B002039
:1037A000196070478C0E00200148FFF785BF00BFED
:1037B0001CDA011010B5064B0C461868FFF710FA1A
:1037C0002146BDE8104003460F220248184700BFBB
:1037D0008C0E00201CDA0110F8B5074D074ED5E914
:1037E00000470CB92C60F8BD214630463A4612F02D
:1037F000F5F9241A0644F4E7800E00204F900020CB
:103800002DE9F8430646FCF7DDFF0546EFF3118886
:10381000102383F31288BFF36F8F24480FF0DCFB73
:1038200068B98423224A2349234811F066FF1F49BF
:10383000224811F062FF84211D4811F055FF1B48FA
:103840000FF0EEFB1E4B1C68D3F804909C4208BF9F
:1038500000248CB915480FF0CDFB00BB4FF49973D1
:10386000134A1849144811F048FF1049164811F03E
:1038700044FF4FF49971DFE7A7683846FCF7A2FFD1
:10388000A84206D12A463946304619F024F90028C4
:10389000E0D04C4501D02468DBE70024DAE788F368
:1038A0001188BFF36F8F2046BDE8F883900E00208B
:1038B00073E60110A0E601101BE20110B5E601104D
:1038C000C4000020CBE60110E2E6011070B504460A
:1038D00008B1806838B9244A2448012112F0CDF893
:1038E0006FF0150070BDFFF78BFF054608B1204A49
:1038F000F2E7A082EFF31186102383F31288BFF35F
:103900006F8F1C480FF068FB68B984231A4A1B4963
:103910001B4811F0F2FE17491A4811F0EEFE8421FF
:10392000154811F0E1FE13480FF07AFB164B1148D1
:103930005A68C4E9003214605C600FF05BFB68B940
:103940004FF499730C4A11490D4811F0D6FE0949FC
:103950000F4811F0D2FE4FF49971E1E786F3118818
:10396000BFF36F8F2846BDE729EA0110E4D50110A7
:1039700042EA0110900E002073E60110A0E601104B
:103980001BE20110B5E60110C4000020CBE60110D7
:10399000E2E6011008B50348034A0021121A12F0AA
:1039A00028F908BD0804002074910020074808B5D4
:1039B000074A0849121A12F01EF9BDE808400648E5
:1039C000064A0749121A12F016B900BF000000207B
:1039D00004040020B41E021000000020000000209B
:1039E000B41E02102DE9F84F80460C4600AF0029A6
:1039F00065D0D1E90012E9468AB0A3686D464FF060
:103A0000050A6E463748CDE90723CDE9050146F89A
:103A100010AF002332464FF421513348FFF798FB93
:103A2000D4E90312CD466369AD463048C5E90723A2
:103A3000C5E90501C5F810A0002332464FF4215115
:103A40002948FFF785FBCD46E3690121284A26482E
:103A500012F01CF8264600254FF00A0ADFF8A0B045
:103A6000E946D6E908C0D6E90A138EB06A46CDF811
:103A70001CC005F1010CCDE908C0A81CCDE90A0164
:103A8000E91CCDE905B5CDE90C1342F810AF0023D0
:103A900045F2400114480435FFF75AFB102DCD467E
:103AA00006F11006DCD1236E0121124A0E4811F0F6
:103AB000EDFFA3690121104A0B4811F0E7FFB8F1AF
:103AC000010F07D1EFF305830C4A41460648103B2E
:103AD00011F0DCFF214640460DF09CF8BD46BDE8E4
:103AE000F88F00BF6BEA011024D601109AEA01108A
:103AF000C9EA01101BEB01102AEB011058EB011071
:103B0000D8EA011030BFFFF7FDBF00BF2DE9F0413B
:103B100005460B4EDFF83080324606EB0807CC1B1B
:103B20002046084918F0A3FFA01942460021083C8E
:103B300018F0AAFFC5F8904007F10800BDE8F08131
:103B40000000000094D601100800000010B5244CBD
:103B50002449254812F067F8A36A99013ED5224806
:103B6000224912F060F81E20A36ADA0104D51E482B
:103B70001F4912F058F81F20194CA36ADB0204D524
:103B800019481C4912F04FF82020A36A1C0304D5E1
:103B90001548194912F047F82120114CA36A59031E
:103BA00004D51148154912F03EF82220A36A9A0361
:103BB00004D50D48124912F036F82320084CA36AA8
:103BC000DB0304D508480F4912F02DF82420A36A1E
:103BD0006FEA03436FEA1343A36210BD1D20C3E7DE
:103BE00000ED00E06BEB011024D6011083EB011017
:103BF00096EB0110B0EB0110DAEB0110F8EB0110BD
:103C00001DEC011037EC011070B506460D46334C23
:103C10003349344812F007F8A36AD9064DD5314824
:103C2000314912F000F81120A36A1A0704D52D4873
:103C30002E4911F0F8FF1220284CA36A9B0712D5D9
:103C40002B49284811F0EFFF636BA26A110609D5D2
:103C50000121284A234811F019FF1EB1A36A23F05D
:103C60008003A36213201D4CA36ADA0704D51D4804
:103C7000214911F0D8FF1420A36A9B0604D51948E6
:103C80001E4911F0D0FF1520144B9A6AD60602D4B3
:103C90009A6A940713D59B6AD90610D5184940F241
:103CA0002D13184A184811F028FD184811F025FD69
:103CB00040F22D11134811F017FD1020B4E7074B07
:103CC0009A6A920642BF5A6A22F400525A629A6A6B
:103CD00042F0FF029A6200232B7070BD00ED00E0FD
:103CE00062EC011024D6011078EC0110ABEC01104D
:103CF000BEEC0110D6EC0110ECEC01100BED011044
:103D00006CED01103AED01101BE20110B6ED01104F
:103D100070B506460D46284C2849294811F083FF06
:103D2000A36AD9043CD52648264911F07CFF172008
:103D3000A36A1A0504D52248234911F074FF1820FC
:103D40001D4CA36A9B0512D51D48204911F06BFF3D
:103D5000A36BA26A100409D501211D4A184811F06D
:103D600095FE1EB1A36A23F40043A3621920124CEE
:103D7000A36A590504D51248164911F054FF1A20B8
:103D8000A36ADA050ED50E48134911F04CFF1B202B
:103D9000094A936A43F47F43936200232B7070BDFA
:103DA0001620C5E7A36A9B04F2D505480B4911F01C
:103DB0003AFF1C20ECE700BF00ED00E01AEE011016
:103DC00024D6011030EE0110ABEC011041EE0110D1
:103DD0005AEE01106FEE01108AEE01100BED01108A
:103DE000F0B59DB0774B05465868002600AFC0F38C
:103DF000080386F31188BFF36F8F02F07F44B4F19C
:103E00007F4F07D102F00C04082C12D16E496F4885
:103E100011F009FF6E4940F21B436E4A6E4811F0E3
:103E20006CFC6E4811F069FC40F21B41694811F0CE
:103E30005BFC14074CBF0D460126002DEAD0002282
:103E4000FA71DA1E092A00F29C80DFE802F005927E
:103E500095759A9A9A9A9A9861495C4811F0E3FE8E
:103E60000023584CFB71E36A9A0705D55D49574812
:103E700011F0D9FE00242DE0E36A002B01DA5A4943
:103E8000F5E7E36A5B0067D55849504811F0CBFE6F
:103E90006369AA6943F480736361BFF34F8FBFF313
:103EA0006F8F32F8023C626922F480726261BFF364
:103EB0004F8FBFF36F8F03F47F42B2F55F4F24D172
:103EC000DBB2022B21D12B680121494A3F4811F076
:103ED000DDFD2C68FB79ABB96822294607F10800A3
:103EE00018F0C5FD7B6A002E68D0C3F3080222B922
:103EF0006FEA53236FEA43237B62204607F10801F0
:103F0000FFF770FD7437BD46F0BD2E4B9A6AD2B2F2
:103F10002AB10120F91DFFF777FE0446DAE79A6A15
:103F200012F47F4F04D00120F91DFFF7F1FEF4E7F2
:103F30009B6AB3F5803F02D3FFF708FEEDE72D49FA
:103F400040F2ED23234A244811F0D7FB2A4811F010
:103F5000D4FB40F2ED2169E726494FF43C731D4A3A
:103F60001D4811F0CAFB254811F0C7FB4FF43C7106
:103F70005CE70020F91DCEE70020F91DD5E72049B8
:103F800075E7204A6C4610F4F87F8AB01E4918BFC6
:103F900011466A46103B07934FF400731B48ADF877
:103FA00020301B4BCDE9050142F8103F00234FF4B0
:103FB00011510648FFF7CCF8A5465BE76FF30803FD
:103FC0009AE700BF00ED00E0D0EE011024D601100A
:103FD000FBEE01103AED01101BE201100EEF011093
:103FE0004CEF011063EF011084EF011092EF01100C
:103FF000B1EF01103C0E0210CDEF0110F1EF0110F6
:1040000021F00110B7EE0110A2EE011045F00110F1
:1040100004000001044B5A6942F010025A615A69C7
:1040200022F008025A61704700ED00E0EFF30880CB
:10403000EFF3098101B57246FFF7D2FE01BD00BF63
:104040000F4880F3088811F019FE102080F31188C2
:104050000C484FF0AA014FF4006211F0CAFD094864
:104060004FF40061401880F30988EFF314800221B7
:10407000084380F31488BFF36F8F00F065F80000E9
:10408000B8BA002078A100201EF0040F0CBFEFF397
:104090000880EFF30980816911F8021C0229FFD022
:1040A00001B5724611F0B4FD01BD00BF40B2002859
:1040B00007DB01234109034A00F01F00834042F857
:1040C0002130704700E100E038B54B1C0F2B04464F
:1040D0000D460FD96B23104A1049114811F00DFB02
:1040E000294610480F23224611F007FB6B210A488E
:1040F00011F0FAFA40B20028ACBF00F160400A4A61
:104100004FEA0313DBB2ABBF00F5614000F00F00D4
:1041100080F80033135438BD58F001108FF00110AF
:104120001BE20110AAF0011014ED00E0044B054A57
:1041300023F07F039360BFF34F8FBFF36F8F704700
:104140000002001000ED00E008B5FFF7EFFF104B94
:10415000D3F8882022F47002C3F88820D3F888208E
:1041600042F4A002C3F888204FF04042C3F8342242
:10417000BFF34F8FBFF36F8F0023E1EE103AFFF7CD
:1041800009FCFFF713FC00F0E9F80CF0A3FE00BFF8
:1041900000ED00E04FF47D41C0F8DC1042F8203C17
:1041A000009B0B4942F81C3C019B21F0010142F8A5
:1041B000183C029B42F8081C42F8143C4FF08073F4
:1041C00042F8043C0023203A0265C0F8943070475E
:1041D00039240010104B9B6883421AD1EFF30580FD
:1041E000B8B9EFF31181102282F31288BFF36F8FF9
:1041F0009A8922F002029A81EFF3148323F00403D8
:1042000083F31488BFF36F8F81F31188BFF36F8F2F
:1042100070476FF015007047FC0F00200E461546E2
:10422000002300B5E1EE103AEFF3148323F004030A
:1042300083F31488BFF36F8FBFF36F8F0A4BD0F8EF
:1042400090209860094B1A602C4686F3098800205C
:10425000034B98472046002100220023014C2047B1
:104260003B5C011039240010FC0F0020940E00204C
:104270001022014B1A61704700ED00E0054B9A696E
:104280009B689A421FBF044A536843F080535360AF
:10429000704700BFFC0F002000ED00E0084B9B685A
:1042A00083420BD1EFF3058343B1064B5A6842F0CA
:1042B00080525A605A6A22F400425A620EF014BCCC
:1042C000FC0F002000ED00E021498A6882F8DDE063
:1042D0004FF030001044EFF3098C80E8F01F1EF01F
:1042E000100F03D102F19C0080EC108A102080F3A3
:1042F0001288BFF36F8F174F4FF000668A698A608C
:104300003E60D2F89000144C206092F9DDE0D2F8C3
:1043100094000023C2F8943080F311881EF0100F2F
:1043200003D00023E1EE103A03E002F19C0090EC90
:10433000108AEFF3148323F0040383F31488BFF38C
:104340006F8F02F1300090E8F01F8CF309887047FE
:10435000FC0F002004ED00E0940E0020002310214B
:104360000348C2180133342B82F80013F9D1704787
:1043700000E100E008B5EFF30583064A103B02EBCD
:10438000C30152F8330049688847BDE80840FFF789
:1043900075BF00BFD0D2011001480068704700000F
:1043A000940E002008B5054905481B23054A11F065
:1043B000A4F91B21034811F097F900BF3C0E02102D
:1043C0001BE20110EAF00110F0B587B007460E4677
:1043D00014460021102268461D4618F055FB0223A2
:1043E0008DF80230054B2A4621466846CDE9047611
:1043F00001930FF0BDFD07B0F0BD00BF675C011079
:1044000008B5024B1B689847002008BD980E002095
:10441000034B044A1860937843F00203937070478B
:10442000980E0020CC00002008B5054811F04FF987
:10443000002383F31188BFF36F8F0423184602DF34
:1044400018F1011008B50649064821F00701C1F12D
:10445000202202F50022FDF739FB002008BD00BF35
:10446000CFC800209C0E0020827A2C20074B00FB36
:1044700002335B6A0846DB68032B94BF6FF00303CB
:104480005B42CA5C0132CA54704700BFD8030020A7
:10449000827A2C20094B00FB02335B6ADB68032B1A
:1044A00094BF6FF003035B42CA5CC818013AD2B2F2
:1044B000CA540AB918F0D0BA704700BFD803002018
:1044C0002C2210B50B4C837A02FB0344636AD86834
:1044D0000B6804282CBF1818181D0FF0DDFA38B12E
:1044E00001230370636ADB68042B2CBFC0180430FF
:1044F00010BD00BFD80300202DE9F843002343601E
:104500000223037240F20113438190F837300446CE
:10451000DA0700AF00F1040828D413F0020F0CBF33
:10452000032602264FF00109F6B241462068667361
:1045300084F8099011F0A4FB0546C8B16C4688B018
:104540006A461F4B05931F4B93614FF4007393838F
:104550001D4B42F8103F00234FF4E2511B48FEF779
:10456000F7FDA5462846BD46BDE8F8830126D9E7F4
:10457000206B11F0D4FB022341462068637211F0D6
:104580007FFB054630B16C4688B06A460C4B0593FC
:104590000F4BD9E7A4F86A002674206B11F0BFFB1B
:1045A0000C4B41462068636011F06AFB0546002809
:1045B000D8D0094A4946054811F05FFAD2E700BF52
:1045C0003BF101105CF101100300000134D6011031
:1045D00064F10110801A06006BF1011070B50546F8
:1045E0008AB0012011F09BFB0B26286811F087FB95
:1045F000044698B101211E4A1E4811F03EFA012CD2
:1046000011D1013EF1D11B4803211B4A11F035FAAB
:10461000286811F074FB044670B913E0284611F0C5
:1046200040FB0446EBE714F1740FECD03CB10121E0
:10463000124A104811F021FA20460AB070BD95F8D0
:104640004B303BB9284600F0F9FA041E18BF6FF052
:104650008504F1E73B220123CDE901231023CDE9B5
:104660000734C823286801A9099311F012FBD2E787
:1046700085F1011034D6011098F10110C9F1011033
:10468000F8B50D46002857D041F8280B83689B6980
:104690004BB19847044648B1294A0121294811F0F5
:1046A000ECF92046F8BD6FF05704F5E705F1140664
:1046B000304618F0FCF804460028F2D143F6982260
:1046C000002330460CF022FD044608B11E4AE4E700
:1046D0002846FFF711FF044618B1304611F0D7FA0B
:1046E000DFE72846FFF77AFF0328044614D10127A5
:1046F000284685F86870FFF7FFFE044628B1134A84
:104700003946104811F0B9F9E7E72846FFF766FF88
:10471000044648B10E4AF3E730B1304611F0B7FA1B
:10472000012385F86830BCE7022385F868303046FD
:10473000BDE8F84011F0ABBA6FF01204B1E700BF6A
:10474000DCF1011034D601100BF2011036F2011029
:104750004FF2011070B505460E4C286811F001FBB0
:1047600058B90B26284611F030FB01280ED1013E26
:10477000F8D1A4F5F414A4F590647D207D3C18F0E4
:104780005FF8002CE9DC6FF00F0001E00028F4D1A5
:1047900070BD00BF80969800372310B58AB0002204
:1047A00001931123CDE90732C8230904044602917D
:1047B000006801A9099311F0C6FAD0B9079B012B33
:1047C0000CD1039B0C4A1A4042B10C4802210C4AFE
:1047D00011F05CF96FF004000AB010BD94F84B3092
:1047E000002BF9D1039B13F0200F08BF6FF0850059
:1047F000F2E70120F0E700BF0880F9FD34D6011090
:1048000079F201102DE9F04114461E461A44036E58
:1048100005469A42884690B062D890F86930012BDC
:104820000AD10221304A314811F0A2FA6FF0850412
:10483000204610B0BDE8F08100F11407002338468F
:104840002B4A0CF063FC38B102212A4A274811F0A8
:104850008FFA6FF00F04EBE7012E14BF1223112320
:10486000B5F86A200490900748BF22460793B5F830
:1048700064304FF0110158BF03FB04F20892032289
:10488000CDE90D12C822CDE9014342F210730F9217
:10489000286801AA07A90396CDF81480069311F0A1
:1048A00052FA044670B101210346134A0F4811F031
:1048B000EDF80121114A0D4811F05AFA384611F06D
:1048C00082FAB5E72846FFF745FF04460028F5D0F1
:1048D00001210B4A054811F04BFA6FF07304E8E729
:1048E0006FF01504A4E700BFA8F2011034D6011040
:1048F000A0860100CBF20110E7F2011027F30110AE
:1049000004F301102DE9F04714461E461A44036EC5
:1049100005469A428A46A0B000F29D8090F8693020
:10492000012B0AD102214D4A4D4811F021FA6FF0B6
:104930008504204620B0BDE8F08700F1140700236D
:104940003846484A0CF0E2FB38B10221464A444856
:1049500011F00EFA6FF00F04EBE7012E14BF1923CC
:104960001823B5F86A200E93910748BF2246B5F880
:1049700064304FF0110958BF03FB04F20F92032279
:104980004FF0C808CDF818A042F2107ACDE9149281
:10499000059002AA28680EA9CDE90243CDF85880F7
:1049A0000496CDF81CA011F0CEF9002842D028467C
:1049B000FFF7D0FE014600284AD1182208A818F0B7
:1049C00063F82846B5F85E10FFF7E6FE044640BBE4
:1049D00016230422CDE917300123CDE91D90CDE93E
:1049E0000923089005F18C03286808AA17A9CDE9C6
:1049F0000C3ACDF87C8011F0A6F9044688B91D9BCD
:104A0000012B03D1194C199B1C4054B9D5F88C309B
:104A10001BBA0121164A1248009611F041F86FF0B6
:104A200004040121134A0E4811F0A2F9384611F08E
:104A3000CAF97EE72846FFF78DFE04460028F5D028
:104A400001210D4A064811F093F96FF07304E8E76D
:104A50006FF00F04E5E76FF015046AE7A8F20110A4
:104A600034D60110A0860100CBF201100880F9FDB8
:104A700038F301105AF3011004F301102DE9F0414D
:104A8000036E054693420E4690468AB077D39B1A32
:104A90008B4274D390F86930012B0AD10221394A34
:104AA000394811F065F96FF0850420460AB0BDE879
:104AB000F08100F1140700233846344A0CF026FB3D
:104AC00038B10221324A304811F052F96FF00F0428
:104AD000EBE70324C823CDE90843202301931123E6
:104AE0000793B5F86A3000229B0758BFB5F86430C9
:104AF000286858BF734301A9029658BF029311F06A
:104B000022F9044680BB2123019311230793B5F8B2
:104B10006A30013E980758BFB5F86430464458BF24
:104B200073434FF00002286801A9029658BF029310
:104B300011F009F90446B8B926230193222302464D
:104B4000029001A92868079311F0FDF8044658B9AE
:104B50002846FFF7FFFD044630B101210D4A0A48FF
:104B600011F006F96FF07304384611F02CF9002C9F
:104B70009BD00121084A044811F0FAF895E76FF03C
:104B8000150492E7A8F2011034D60110A0860100A6
:104B9000CBF2011004F3011067F301102DE9F0418D
:104BA00005460F46904600F11406002330461F4A82
:104BB0000CF0ACFA044638B102211D4A1D4811F030
:104BC000D7F82046BDE8F0817B1E072B2BD8DFE805
:104BD00003F0040B2A0E102A15252B6EC8F800309E
:104BE000304611F0F0F8ECE7B5F86430F6E7012351
:104BF000F4E72846FFF7AEFD0446F1E72846FFF745
:104C0000A9FD20B102210C4A0A4811F0B1F8012394
:104C100028686B72291D11F09DF8EDE74146284682
:104C200011F045F9E8E76FF08504D9E7A0860100A7
:104C3000CBF2011034D6011074F301102DE9F04FBE
:104C4000044697B01022002103A817F01DFF94F826
:104C50004B30002B00F0E4810021204611F042F996
:104C60000546A0BBB4F86A6084F8690006F008073E
:104C7000C6F3C006B607642017F0E2FD2923CDE98C
:104C80000D3614231393C823CDE914530021204675
:104C9000FFF782FD0128024623D0002840F0C7819B
:104CA00020680DA911F010F90246002840F0BF81DC
:104CB00094F84B20002F00F0B6810F9B5AB1D80713
:104CC0000BD43146204611F00DF90546D8B12846DF
:104CD00017B0BDE8F08F002B14DB642000210DF02D
:104CE00071FE0135B5F57A7FD0D10121B34AB448C0
:104CF00011F011F96FF07305B24A0121B04811F0BB
:104D00000AF9E4E7E364E36C2046590048BFB4F8CD
:104D10006A2003A944BF42F00202A4F86A20DA0123
:104D200042BFB4F86A2042F02002A4F86A209B0334
:104D300042BFB4F86A3043F04003A4F86A3011F07F
:104D4000B6F805460028C2D1204611F078F805468D
:104D50000028BCD1A36A9C4A934210D803219B4AE5
:104D6000974810F093FEA36A274647F8043F394658
:104D7000206811F0B0F8054618B1954ABDE7954B8B
:104D8000F2E7014624220DA817F07EFE29461822DC
:104D900007A817F079FE2046B4F85E10FFF7FCFC78
:104DA0000546002893D13323CDE90D301123139309
:104DB000C8230126CDE914030823CDE9083642F2C1
:104DC0001073206804F18C0907AA0DA9CDF82C9066
:104DD0000C9311F079F8054600287FF478AFD4F8E9
:104DE0008C2002F00F03B34249D0022B3FD0002B9E
:104DF00047D0560548BFB4F86A304FEA126144BF45
:104E000043F00403A4F86A30D00142BFB4F86A301A
:104E100043F48073A4F86A30890742BFB4F86A305B
:104E200043F08003A4F86A30B4F86A6016F0020612
:104E30002BD1314618220FA8D4F800A04FF40078E7
:104E400017F022FE1023CDE90D3811231393C82348
:104E5000324650460DA9159311F036F8064690B12A
:104E600001215D4A564811F056F835462FE712F4F5
:104E7000000F14BF0823042384F86630B9E7022327
:104E8000FAE73346F8E7A4F8648094F836309B06D6
:104E90007FF51DAF94F86630012B7FF618AFD4F87C
:104EA0005080B8F1000F3FF412AF94F85830002151
:104EB00013F0020FC3F340022368164684F86720FC
:104EC0000FA84FF018020CBF4FF0010B4FF0020B70
:104ED0000193D4F828A017F0D7FD1022002107A8CD
:104EE00017F0D2FD06220D9211221392C82246F02D
:104EF000004646F47F0646F47F4646F0F0060E96DE
:104F0000159201264022CDE9082642F2107201983E
:104F10000C920DA907AACDF82C9010F0D5FF814670
:104F2000002875D194F89C2094F8671002F00F02C5
:104F3000914259D00221294A214810F0ECFF94F8FF
:104F40004830002B3FF4C3AEB4F86A3058077FF501
:104F5000BEAE242200210DA817F096FD2046B4F81D
:104F60005E10FFF719FC064600BB06230D930123D4
:104F70001393C823CDE91403022302460DA9206828
:104F80000E9310F0A1FF064680B9139B012B03D1AD
:104F9000134E0F9B1E404EB9042339462068A3725E
:104FA00010F099FF064600283FF491AE01210D4A0A
:104FB000034810F0B0FF354630E000BFC3F40110E5
:104FC00034D6011090F301103F787D01A9F3011050
:104FD000DEF3011040787D0105F4011026F4011084
:104FE0000880F9FD85F401103946206884F80BB07B
:104FF000D04594BFC4F80480C4F804A010F06BFF3F
:10500000814600289BD00B4A31460B4810F083FFA5
:1050100001210A4A084810F07EFF4D46084A6CE616
:105020006FF0850553E6002A3FF46DAE49E615465C
:1050300062E600BF44F4011034D6011064F401109C
:10504000AFF4011038B500231549164CA14224D9FC
:1050500015493E23154A164810F04FFB154810F02D
:105060004CFB3E21114810F03FFB0A68934204D0EC
:1050700050694BB9038050694380506908314388B7
:10508000013343801346E1E75D69B5F902500580BD
:105090005B695069B3F90230EEE7E6D3002038BD12
:1050A00094D6011094D6011004F50110DEF401101D
:1050B0001BE20110DBE7011070B505460C4C0D4EEC
:1050C000B44211D90C490C230C4A0D4810F015FBC1
:1050D0000C4810F012FB0C21084810F005FB20468C
:1050E000A84718B11834EBE7F9D3012070BD00BF11
:1050F00094D6011094D6011073F501103BF5011000
:105100001BE20110DBE7011000210369426883F80C
:10511000CC105268C3F8D820034AC3E9372003F102
:10512000D000FEF7D3BB00BF54DA011037B5456895
:1051300004690021686801AA11F099F900280EDBC2
:10514000019B00221979186811F0A3F9002806DBE9
:10515000D5E9030183681B681BB96FF0570003B0E2
:1051600030BD98470028FADBD5E905018368DB6884
:10517000002BF2D098470028F1DBAB689847104A23
:105180001049936883F0807383F0070323F0704322
:1051900023F47F0323F47F4323F0F0038B60002389
:1051A0001361012313601368DB05FCD501239361B0
:1051B000A36C1BB904F140000CF062F90020CEE7AB
:1051C00000000A4000100A404FF40062836E10B5E0
:1051D000C0F89C30D0F894300424C0F898300D4BBF
:1051E0009A604FF480629A609C601A60D0F89C20AC
:1051F00092FAA2F1002AB1FA81F108BF4FF0FF3113
:10520000054A126882EA0132044902F470420A60D7
:105210001C6010BD00200A4000000A4000100A4037
:1052200008B540680A79007802F01F03984207D851
:1052300001210F4A0F4810F029FC6FF0850008BDCE
:105240004B883BB10C4A0B48012110F016FC6FF063
:105250001500F4E712F0200005D00121074A0548A7
:1052600010F00BFCE9E70B78092BE8D0044AEAE7D9
:10527000A6F50110D4D50110C2F50110E0F501101A
:10528000FEF50110F7B5066904460D4640364FF0AD
:10529000FF324FF0FF3330460CF070F92B7C626820
:1052A000591E0B2924690CD9394A0121394810F0BB
:1052B000EDFB6FF0850430460CF0E2F8204603B0B9
:1052C000F0BD6B6812783BB1B3FA83F1C1F12001F4
:1052D000914201D9304AE8E70121013A9140002288
:1052E0000B421CBF0132D2B24908F9D153002A68DF
:1052F00012B1928902FB0333EA689A4213D3AC4697
:10530000AB6804F16407C4F89430BCE80F000FC721
:10531000DCF800303B60002727662B685BB920462D
:10532000FFF752FF28E001211C4A1A4810F0A5FBA4
:105330006FF00B04BFE704F178050FCB85E80F0091
:105340006566A4F888700028E9D0D4E8EF3FC4E887
:10535000E27F002AF9D1A06F642263304FF000038E
:1053600047F10001FBF702FA0022CDE9000100231A
:1053700004F108000EF0B4F94FF0FF324FF0FF33A4
:1053800004F150000CF0FAF800B12066246E92E7A8
:1053900010F60110D4D501102AF601104FF60110B5
:1053A00070B5354A04695168136889B2C3F3033391
:1053B0009568EE050BD51568AD050AD56FF00403A9
:1053C000236604F15000BDE870400CF059B8D56870
:1053D000EEE7D4F89450AE1CC4F894602980012103
:1053E0009940D4F89C3023EA0103C4F89C30A3BB55
:1053F000636E002BE5D0E36F43B1B4F8882004F16D
:105400006401984701280BD002281ED0B4F88830D8
:10541000B4F884209A4218D90133A4F8883003E004
:10542000D4F89830C4F89430A36F23B92046BDE86F
:105430007040FFF7C9BED4E8EF3F5A1EC4E8E12F21
:105440000029F8D1012BF1DC70BDA36F002BB8D07F
:1054500004F108000EF0B2F9B3E793FAA3F3B3FA3C
:1054600083F3126882EA0333044A03F4704313603F
:105470000422034B1A60E7E700000A4000100A40CC
:1054800000200A400B2936D8DFE801F006060606A0
:105490000F1B24352A2A3A3A0C22514303681A4A30
:1054A0005B58C3F34313D0567047184B1A6B1B6BF2
:1054B00013F0030322D0022B22D0C2F34313144A69
:1054C000F1E7124AD36BD26B92071BD0114AC3F398
:1054D0004313E8E70D4B104A9B6CC3F34313E2E719
:1054E0000C23594301F1804101F580310B680B4ACF
:1054F000C3F34313D7E74FF0FF3070470E207047D8
:105500000C20704704207047E5190210000001408C
:10551000E2190210DC190210D5190210CF1902107D
:10552000F8B507460C467D68214628463E6910F0CE
:10553000DAFD00286ED00E2C6CD8DFE804F00B0BDF
:105540000B0B0B0B2E6B0B0B3434086368009FEDB9
:10555000330AF8BD214628462E68FFF793FF01461F
:105560003846FFF7DDFF0C2303FB046253685268E3
:105570009FED2B6A92B207EE902AF8EEE77A1B0CA9
:1055800087EE867A07EE903AF8EEE77AF0EE406A18
:1055900077EE277A86EEA70ADBE706212846FFF793
:1055A00071FF0446BFE72146D5E9023628460A2C9A
:1055B00008BF1E46FFF766FF01463846FFF7B0FFFB
:1055C000D6ED027AF8EE677A316827EE800A01F0AC
:1055D0003F0107EE901AF8EEE77AF268C0EE276A0C
:1055E000C2F3024207EE902AF8EEE77AF36886EEFD
:1055F000A77AC3F3023307EE903AF8EEE77A87EE24
:10560000270AA6E796ED000AB8EE400AA1E796ED54
:10561000010AF9E79FED030A9BE700BF001B374B28
:1056200000FF7F47000000004FF08072074BDA61F7
:10563000A3F54053DA69D20102D56FF01500704727
:105640000160D86910F08070F7D1704700B00E404B
:105650002DE9F0438FB005AA90464468A3682568F9
:105660000393E36827690493674B03F1200C164604
:1056700018685968083303C663453246F7D11B885A
:10568000624A3380624B1A60624A634B1360A2F530
:105690004052966833EA0606FBD1B1465FFA89F0BC
:1056A0000C2109F1010916F0AFFFB9F1060FF5D190
:1056B0000023C5F884300BF0B5F8584BDA6B22F0B4
:1056C0000302DA635A6C012AFCD11A6B22F003023E
:1056D0001A639A6B012AFCD1636AE269DFF844918C
:1056E000009309FB02F2236AA16903980BF040F8CA
:1056F000636BE26A0093A16A049809FB02F2236BD0
:105700000BF036F81121404610F031FD18F8160064
:1057100018F9161009285DD90136112EF6D14FF46B
:10572000006305F540521360D36005F5405205F55E
:10573000405593616B62D4F8D81007F1180041F41A
:105740002A61FFF771FF00284FD1D4F8DC103846EA
:1057500041F47A0141F43041FFF766FF002844D15B
:10576000D4F8E010002945D01F2946D801F52A4178
:1057700007F11400FFF758FF002836D1B4F8E41001
:10578000274D381D2943FFF74FFF70BBB4F8E610D3
:1057900007F108002943FFF747FF30BB6FF0604275
:1057A0001C4B1A60A3F540539D68ED4335F06045EE
:1057B000FAD12946606902AA10F059FE00281FDBC1
:1057C000029B2A461979186810F063FE002817DB3F
:1057D00000200CE004EB01110B6C00934B6CD1E941
:1057E0000E1216F0E8FE002896D16FF015000FB0EB
:1057F000BDE8F0834AF60121BAE74FF42A41B7E742
:10580000831CE5D0F3E700BF98D601107F3BEFEF94
:105810000020024000300240F6FFF3030000014088
:1058200000009696001BB70008B5074817F016F859
:1058300038B10648FEF7ECFD0448FCF7F7FD002000
:1058400008BD6FF01200FBE780D101105158001025
:105850000A2838B50446074D04D1AB680D21284607
:105860005B689847AB6803485B68E1B2984720469D
:1058700038BD00BF80D101104FF05043084A19686D
:10588000084B002918BF134630331A46106820B958
:105890000432D11A1429F9D970470120704700BF8A
:1058A000908202404882024038B5036961B92149BB
:1058B0006423214A21480FF020FF21480FF01DFFEB
:1058C00064211D480FF010FF486850B91D49652339
:1058D000194A1A480FF011FF1B480FF00EFF6521FF
:1058E000EFE7586800B30024884219D108688CB9E2
:1058F0009C685860A14200D19860002008602AB1DD
:105900005A680A609A68596002B9996000200FE0ED
:105910002846E9E720609868814208BF9C60ECE770
:1059200005680446002DF3D1002AE9D16FF0150077
:1059300038BD00BFD0F6011094F601101BE2011033
:10594000D9F60110E8F60110FAF60110F8B543682F
:105950000E469C681546B4FA84F4640901EB4414BD
:10596000B2B9114620460AF0A5FF2D4B03EB840285
:1059700053F8243002F5805183F0800303F0C00314
:105980000B604FF4807302F5005213600020F8BDE5
:105990000769C2F340122046C5F300110AF08AFFDE
:1059A000052120460AF06AFF15F480311BD04FF024
:1059B000000343EC4440AB03E8D5012303FA06F1AE
:1059C000AE07FA681BD50A436807FA603A690ED534
:1059D0000A433A614FF0000343EC4040C5F3804571
:1059E00045EC4440D2E720460AF0B2FFE3E722EA62
:1059F00001023A6143EC4040C5F3C045F0E722EABA
:105A00000102FA6015F4002204D043EC404043EC5C
:105A10004440BBE76903FAD542EC4040F7E700BFDA
:105A20000480034070B50E461546014608B104686F
:105A300001B970BD8A682A4010D04B6863B90B4920
:105A400089230B4A0B480FF058FE0B480FF055FE08
:105A5000892107480FF048FE304698471CB123685B
:105A600021461C46E4E72346FAE700BF11F7011080
:105A700094F601101BE20110FAF601104FF05043AA
:105A80002DE9F0471C4C1A681C4B8246002A18BFAF
:105A90001C464FF00F08002201260769DFF86090CE
:105AA000D10801F10C0354F8230002F007039B0016
:105AB000D84010F00F0F02F1010510D008FA03F3DF
:105AC0008C311F2A49F821300ED9DAF80430203AF7
:105AD000996806FA02F20B695868FFF7A3FF302DA8
:105AE0002A46DDD1BDE8F08706FA02F25146786811
:105AF000FFF798FF2A46D3E748820240908202408F
:105B00000080024080B500AF88B06A46094BCDE9FD
:105B100005304FF40073ADF81C30074B42F8103FCE
:105B200000234FF4E2510548FDF712FB6FF012001D
:105B3000BD4680BD35F701100300000164D6011099
:105B40002DE9F0412DED028B8EB0466804460569C3
:105B500002AF306816F082FE0346002800F0A180F4
:105B6000002372799342C0F0B78064684FF0000E52
:105B7000A369E2684FF0FF385A43674BC7F828E043
:105B8000B3FBF2F34FF4803207EE903A4FF4F83360
:105B9000C7E907234FF4402307F108067B6207F1AA
:105BA0001C0CBCE80F000FC6C6F8008023687146C5
:105BB0005B68C7F82C801E68B8EEE78A30460AF0AA
:105BC000A5FFB0F10008C0F29F80DFED547A78EEB7
:105BD000277A7A69BCEEE77A22F0604343F00053FB
:105BE0007B61FB6822F0604223F0C043FB602179B7
:105BF00022F4F8428B0203F4F843134343F00053BA
:105C00007B61BB69090923F4F84343EA8123BB6143
:105C10006379042B14BF182220223B69520623F01B
:105C20007E4302F0785223F42C23134343F0804345
:105C300043F400333B6117EE103A9BB2002B68D05F
:105C400007EE103AB8EE477A77EEC77A9FED347ACE
:105C500067EE877AFCEEE77AC7ED017A3A791B04A2
:105C600043EA022322790124BB6041462346009483
:105C7000304616F02FFD4FF0FF32414607F1080382
:105C8000304616F066FD28460022336804FA08F410
:105C90001C433460114640F8088B16F0D1FE0020FA
:105CA00014E021686C4688B002AA1E48C2E90501CA
:105CB0004FF4007191831C4942F8101F1B484FF4A8
:105CC000E251FDF745FA6FF01200A5463037BD46A8
:105CD000BDEC028BBDE8F0813169C95C032916D99E
:105CE00023686C4688B002AA1149C2E905134FF433
:105CF000007393830C4B42F8103F00234FF4E251A2
:105D00000A48FDF725FAA5466FF01500DEE70133D6
:105D100028E71A46A3E700BF80D1F0080000003B47
:105D20000000804335F701100300000164D6011024
:105D30004EF70110054B186801238B400340003BD0
:105D400018BF012300201370704700BF00000240FD
:105D50000123024A8B40002013607047002002405C
:105D6000012303FA01F1044B1960A3F5405398682D
:105D700031EA0000FBD1704700300240012303FAF2
:105D800001F1064B196003F580531960A3F54053E8
:105D9000986831EA0000FBD1704700BF0020024044
:105DA00010B5094C88B0CDE900430124059304AB3C
:105DB000CDE90342CDE9063402AA06ABCDF808D0FE
:105DC00010F0C8FB08B010BDF21902100369024AB6
:105DD0005B6800201A607047801A06000B4610B5F9
:105DE000242244680021184616F04EFE074A4260FD
:105DF00062690260A2698260C27B42F00102C273E2
:105E0000012280F82320002010BD00BF801A060068
:105E100037B542680123D06820B3147C03FA04F438
:105E200043681B681C420ED10F4940F249630F4A78
:105E30000F480FF062FC0F480FF05FFC40F2496121
:105E40000A480FF051FC0569836801A95B6898470F
:105E500030B92B68019858402040003818BF012005
:105E600003B030BD1846FBE7FEF70110CDF7011077
:105E70001BE201103CF80110034610B50A461979DF
:105E80000123006803FA01F1436804691B681942A1
:105E90000ED10E4940F2A2630D4A0E480FF02DFCC0
:105EA0000D480FF02AFC40F2A26109480FF01CFCDB
:105EB0002368194218BF82F0010222B18368DB68AF
:105EC000BDE81040184783681B69F9E7FEF7011029
:105ED000CDF701101BE201103CF801102DE9F04153
:105EE00012F0FC6F1346D0E9014706690ED0444911
:105EF0004FF47D73434A44480FF0FFFB43480FF0D3
:105F0000FCFB4FF47D713F480FF0EEFB02F03002D6
:105F1000302A0CD13E4940F2F7333A4A3A480FF062
:105F2000ECFB3C480FF0E9FB40F2F731EBE73A4A73
:105F30003A4D1A40AA420CD1394940F2FB33314A5A
:105F400031480FF0DAFB37480FF0D7FB40F2FB3156
:105F5000D9E703F00602042A09D1334940F2FE339F
:105F6000284A29480FF0C9FB40F2FE31CBE713F471
:105F700040221ED09D030CD42C4940F20143214AFB
:105F800021480FF0BAFB2A480FF0B7FB40F201415D
:105F9000B9E7B2F5402F0CD1264940F20543194A22
:105FA00019480FF0AAFB24480FF0A7FB40F2054167
:105FB000A9E7DD0205D522B143F3000202F4402235
:105FC0005340012524688D40254223F480120CD1D2
:105FD0001A4940F211430B4A0B480FF08EFB184848
:105FE0000FF08BFB40F211418DE73468DB074CBFAB
:105FF0002C43AC4334603B68BDE8F041184700BF18
:106000004EF80110CDF701101BE20110BDF8011090
:10601000E1F801101AF9011002000300020001006A
:1060200057F90110A4F90110F3F9011026FA011033
:1060300075FA0110B0FA0110FDFA0110FEF7011017
:106040003CF8011073B50C4C456806690123716872
:1060500028680DF10702FFF7A3FE28B99DF8070095
:10606000FF2803D1013CF1D202B070BD002CFBD15E
:106070006FF07300F8E700BF40420F002DE9F04FCA
:1060800043689BB001930369D1F81C90044688468D
:1060900015460021142212A8029316F0F5FC0C23D9
:1060A000202111930123CDE917134FF47A7319932B
:1060B000002D54D001224146204610F08EFA09F1FD
:1060C000FF390746002840F09580D5E90136D8F819
:1060D0000020D4F804B0183A012AD4F810A02F698F
:1060E00000F29B800E9307AB0F93022310930BAB30
:1060F0000993032304AA0B920122022E0A9334BFB0
:10610000FE23FC23CDE90C278DF81030002E3CD166
:10611000AB68012B17D9FD238DF8103001230A93AA
:10612000DAF804103346DBF8000009AA10F012FA7E
:10613000034600284FD132462046696910F027FAFD
:106140000346002B47D1D8F80030122B0FD1002383
:1061500041E0B9F1000F09F1FF3309DD9946002252
:106160004146204610F039FA07460028F1D10027B1
:10617000019B1868029B596883685B689847002FE9
:1061800018BF38461BB0BDE8F08F39466A6800205A
:106190000FF0CBFE40BAADF81C000023DAF8041073
:1061A000DBF8000009AA10F0D5F9034698B90123DD
:1061B000DAF80410DBF8000005AAFFF7F1FD03464A
:1061C00048B99DF8142002F00F02052A17D00B2AB7
:1061D0007BD16FF089030022204611A90393D8F8E0
:1061E0001C6010F0FAF9039B1F4608B1002E6FDC0B
:1061F000002FBCD0B9F1000F3FF75CAFB8E76A6879
:1062000069691744024620460D9710F0C0F9013E17
:10621000034600283FF47AAFDDE7B3F5007F02D9EB
:106220006FF08503D7E72E4A0A93CDE9052305AA27
:106230000792012209AB2046CDE90B32CDE90827B0
:10624000FFF700FF031EC6DBFE2B3ED1013EFFF42D
:1062500078AFDAF80410DBF800000BAB07AA10F0F7
:1062600079F938B1039001211E4A1F480FF005FC4F
:10627000039BB0E70323DAF8041004AADBF800005C
:10628000FFF78EFD6A680390394600200FF04DFE3F
:10629000BDF81020039B52BA92B2824205D0012170
:1062A000124A11480FF0E9FB93E76A68174409970F
:1062B000002ECBD02046FFF7C5FEFE280346C5D0F2
:1062C00001210B4A08480FF0D8FB6FF0040382E766
:1062D0000022204611A910F080F9013E074684E70C
:1062E000F219021029FB01103CD601103BFB0110F2
:1062F00048FB01102DE9F041064634690D466268FD
:10630000096813684068994216D04369994203D9D5
:106310006FF08500BDE8F08171B104F10807BA4261
:1063200004F124034AD1A160194652F8047B9A4231
:1063300041F8047BF9D163602B79022BE8D16A79AB
:106340002378934254D0022A436843D173B1012188
:106350000430FFF791FD70BB00214FF4B4700CF0D6
:1063600031FB0321264A27480FF087FB3269D6F814
:106370000480566833680BB9234B3360B3883146C9
:1063800043F48043B380D8F800000A234032FFF77B
:1063900007FD0746D8F80000836831465B689847D8
:1063A000B388384323F48043B3801FD00121174AB8
:1063B00014480FF062FB6FF00400ABE73A466162ED
:1063C00004F1400153F804CB8B4242F804CBF9D1DD
:1063D0006760B1E753B100210430FFF74DFD00289D
:1063E000E9D103210A4A07480FF047FB6B79237074
:1063F000AB79012B8CD16B7A012B89D1002089E7F5
:1064000052FB01103CD60110801A06005DFB011002
:106410007CFB011070B545680669286816F01EFA05
:10642000F0B1686890B116F019FAC8B16A89686865
:10643000297A42F4B012FFF751FD044630B1034609
:10644000144A012114480FF021FB0BE0E868B8B1B1
:1064500016F004FA40B90121104A0F480FF00DFB65
:106460006FF01204204670BD6A8AE868297C42F405
:106470008032FFF733FD041E03DA094A2346E0E7C2
:1064800004463346012203F8082B73600023B360EF
:10649000E8E700BF89FB01103CD60110ADFB0110FD
:1064A000CFFB01102DE9F843436804691F680546D6
:1064B000BB6B43F02003BB63237C53B100232374E5
:1064C000636933B14FF0100804F11806BB6B9B06EB
:1064D00001D4BDE8F883EFF3118988F31288BFF384
:1064E0006F8F30460CF078FD68B98423154A164941
:1064F00016480FF002F9314615480FF0FEF88421D6
:1065000010480FF0F1F830460CF08AFD2846636918
:10651000E169984730460CF06DFD68B94FF4997306
:10652000084A0C4909480FF0E8F831460A480FF0CC
:10653000E4F84FF49971E3E789F31188BFF36F8FA3
:10654000C4E700BF73E60110A0E601101BE20110D2
:10655000B5E60110CBE60110E2E60110F8B50669D8
:1065600005467369002B37D006F11804EFF3118745
:10657000102383F31288BFF36F8F20460CF02CFD9D
:1065800068B98423154A164916480FF0B6F8214613
:1065900015480FF0B2F8842110480FF0A5F82046F6
:1065A0000CF03EFD28467369F169984720460CF0CF
:1065B00021FD68B94FF49973084A0C4909480FF056
:1065C0009CF821460A480FF098F84FF49971E3E7D8
:1065D00087F31188BFF36F8FF8BD00BF73E601101A
:1065E000A0E601101BE20110B5E60110CBE6011098
:1065F000E2E601102DE9F84FD0F81090D0F804A091
:1066000099F8083006460F469046DAF800B0002B9D
:1066100040F086805AB1DBF8303023F00103CBF82C
:10662000303043681A68D36A23F01003D3623B7991
:10663000DBF82C40012B24F0EE0405D0022B13D004
:1066400023B16FF0850054E044F002047B79012B04
:1066500003D0032BF5D144F00804BB79032BF0D809
:10666000DFE803F00705111444F00604EEE744F0F8
:106670002004FB796BB1012BE3D173681A68136BAB
:1066800043F440430AE044F04004F2E744F060047D
:10669000EFE773681A68136B23F440430025136314
:1066A000D9F80C103A682B4612018801890EFAF7C6
:1066B0005DF80346DFF870E0403B61F1000C726862
:1066C0009E4575EB0C0C126827D3830943EA81635E
:1066D00000F03F0053629062BFF35F8F2846D36A99
:1066E000D362CBF82C403B68C9F800307B68C9F80E
:1066F0000430B8F1000F0ED09AF81C302BB9736833
:106700001A68D36A43F01003D36273681A68136B74
:1067100043F001031363BDE8F88F6FF01500E8E75D
:106720006FF08500F7E700BF80FF3F0003460A4691
:106730002DE9F0411979DB880068134303F030023A
:10674000302A0669D0E901470ED1294940F2F733D2
:10675000284A29480EF0D1FF28480EF0CEFF40F21B
:10676000F73124480EF0C0FF254A264D1A40AA42B0
:106770000CD1254940F2FB331E4A1F480EF0BDFFE5
:1067800022480EF0BAFF40F2FB31EAE703F00602BE
:10679000042A09D11E4940F2FE33164A16480EF06B
:1067A000ACFF40F2FE31DCE701251A4A24689A4327
:1067B00005FA01F508BF83F44023254223F4801233
:1067C0000CD1154940F211430A4A0B480EF095FFCF
:1067D00012480EF092FF40F21141C2E73468DB0725
:1067E0004CBF2C43AC4334603B68BDE8F0411847D4
:1067F000E1F80110CDF701101BE201101AF90110A8
:10680000020003000200010057F90110A4F9011071
:10681000F3F9011001001000FEF701103CF801101F
:1068200037B5012442688C40126814420ED10F49DA
:1068300040F249630E4A0F480EF05FFF0E480EF01B
:106840005CFF40F249610A480EF04EFF056983681B
:1068500001A95B68984730B92B68019858402040DF
:10686000003818BF012003B030BD00BFFEF7011093
:10687000CDF701101BE201103CF80110034610B5E2
:106880000A4619790123006803FA01F14368046993
:106890001B6819420ED10E4940F2A2630D4A0E4800
:1068A0000EF02BFF0D480EF028FF40F2A2610948C0
:1068B0000EF01AFF2368194218BF82F0010222B1BC
:1068C0008368DB68BDE81040184783681B69F9E7F7
:1068D000FEF70110CDF701101BE201103CF801108A
:1068E000F8B54568066900AF286815F0B7FF48B9E4
:1068F000374A012137480FF0C0F86FF012042046E4
:10690000BD46F8BD4FF4B0112846FFF70FFF041E37
:1069100006DA2346304A01212E480FF0B7F8EEE799
:10692000A86880B105F1080415F098FF08B92B4A52
:10693000DFE720464FF4B011FFF7F8FE041E02DA3D
:10694000274A2346E7E7286978B1103515F086FF16
:1069500008B9244ACDE74FF480312846FFF7E6FE18
:10696000041E02DA204A2346D5E7B568D6E902328A
:1069700003EBC2039D4201D30024C0E7286815F051
:106980006DFF0346D8B92A686C468AB01068297929
:106990006A4607914FF40071144DADF82010144968
:1069A000CDE9055042F8101F4FF411510948FCF78A
:1069B000CFFBA5466FF012040E4A2346ABE74FF417
:1069C000B0112846FFF7B2FE041EF5DB0835CDE70F
:1069D00025FC01104CD6011048FC011069FC011087
:1069E0008DFC0110AFFC0110D3FC0110F5FC01106F
:1069F0000400000119FD01102DE9F04F1F468B889E
:106A00000E46D9079146D0F804A0046991B00AD582
:106A10008A4A01218A480FF030F86FF08508404615
:106A200011B0BDE8F08FC3F34513202B01D9854A7F
:106A3000EFE75A1E48BF9A1D6365D310022B03F17E
:106A4000010208BF0422E26532689AB17E4BB3FBB3
:106A5000F2F35B10A3652660B288DAF808301205FD
:106A60002AD54BB9794A012175480FF006F86FF025
:106A70001508D4E70423EDE7B9F1000F06D00FB1F4
:106A8000734AF0E70AF1080B3D461EE0002F00F0C4
:106A90008381CB464FF480310AF108050AF10800E2
:106AA000FFF744FEB0F1000814DA01214346694AB9
:106AB00063480EF0EBFFB2E753B10AF1080BDAF8C6
:106AC00010500DB10AF1100523B14FF4B011E5E7F4
:106AD0009B46F4E794F85C80B9F1000F78D1C4F8D4
:106AE00034900023A36304F13403079304F13803C3
:106AF000089304F14803099304F14802434604F162
:106B0000380104F134000FF0B3FF6064002F67D147
:106B1000E7630023236404F13C030A9304F1400378
:106B20000B9304F150030C9304F15002434604F11B
:106B3000400104F13C000FF09BFF0023E06423635D
:106B4000B6885046C6F340030D9306F00403059340
:106B500006F008030293C6F3400106F01003069303
:106B6000FFF78CFE206848B1037D3BB1012108305E
:106B7000FFF784FE2368186915F062FEA36D039386
:106B8000C6F3400383F00103049306F00C030E9355
:106B9000626C0AB1A36C7BBBE36C0BB1236D2BBBA6
:106BA00023686BB11A7D5AB1998811F4805507D1C9
:106BB000186915F045FE206829460830FFF75EFE8B
:106BC0000025256304F120000AF05AFCA84626E7B8
:106BD000D9F800306363002B83D0D9F8043081E703
:106BE0003B68E363002B94D07B6893E7D4F848803C
:106BF000B8F1000F00F0CB80E36D022B17D004DC5E
:106C0000012B17D04FF0000804E0033B012BF9D80B
:106C1000D2F80080002D00F0BD80E66C1EB1266D1C
:106C2000003E18BF01260023CDE9003359E0B2F839
:106C30000080EFE792F80080ECE700BF39FD01101B
:106C40004CD6011052FD011040420F0075FD01109D
:106C50009FFD0110CCFD0110069A12B9013BA3EB78
:106C6000090928FA09F707F00107BBF1000F03D063
:106C700039465846FFF702FE039815F0E1FD0E9BDA
:106C8000002B67D1002E67D029792868FFF7C8FD4F
:106C90000346504604990F93FFF7F0FD039815F053
:106CA000CFFD029A0F9B3AB936B1059A22B12979E4
:106CB0002868FFF7B5FD034650460D990F93FFF77F
:106CC000DDFD0F9B029A002A08BF1F46003F18BF38
:106CD0000127009B07FA09F73B430093019B01330F
:106CE00001939DF80490636D9945B5DBE26C3AB170
:106CF000236D2BB1E36D022B36D02FDC012B36D068
:106D0000A36C94F85C6083B1013BA364002B31D188
:106D1000DDE90812636B079808336363A36B013BDB
:106D2000A36333460FF0A4FE6064236D002B3FF491
:106D30002FAF013B23651BBBDDE90B12E36B0A9808
:106D40000833E363236C013B236433460FF090FE6A
:106D5000E0641DE700239CE733469AE7033B012BE1
:106D6000CED8009B1360CBE7009B1380C8E7009B45
:106D70001370C5E7636C002BD7D033446364D4E74A
:106D8000E36C002B3FF404AF3344E36400E7002DD1
:106D90007FF445AF2E4646E7BB4675E60023F7B5C0
:106DA000076901933B680D46994246688C8868D014
:106DB000D6E903018368DB681BB96FF0150003B0E7
:106DC000F0BD01AA98470028F7DB01980028F4D00D
:106DD000D5F800C04308BCEB500F07D901212A4A5F
:106DE0002A480EF053FE6FF08500E8E7E10604D56F
:106DF000274926480FF07CFEF5E7220501D52549F5
:106E0000F7E7E30701D52449F3E704F4FC63B3F59E
:106E1000807F01D02149ECE74FF4FE714FF47E737F
:106E2000022201FB0CF103FB0CF3984203D3023264
:106E3000FE2A0B44F9D14FF48071C2EB0223B0FB60
:106E4000F3FEF44501F1FF3104D30129A3EB020362
:106E5000F5D10021C4F34513600100F0C000013BEF
:106E60000343002043EA01233168C4F3C0044860AF
:106E7000316844F002040A613268136033685C6070
:106E80003D6000209BE700BFFFFD011054D60110BC
:106E900029FE011041FE01105BFE01107CFE011075
:106EA000034610B50A4619790123006803FA01F177
:106EB000436804691B6819420ED10E4940F2A2636F
:106EC0000D4A0E480EF019FC0D480EF016FC40F26B
:106ED000A26109480EF008FC2368194218BF82F02D
:106EE000010222B18368DB68BDE81040184783685F
:106EF0001B69F9E7FEF70110CDF701101BE2011045
:106F00003CF801102DE9F04F98468B8805469B040C
:106F10000E4691464768046987B05DD44FF0FF3252
:106F20004FF0FF3304F110000AF028FB6660314691
:106F30002846FFF733FF019000283ED1B9F1000F3A
:106F400051D160630023A36304F13803029304F179
:106F5000340B04F148031A46584604F138010393F0
:106F60000FF0B3FD6064B8F1000F44D1C4F83C8069
:106F70000023236404F13C03049304F1500804F15A
:106F800040031946424604F13C0005930FF09DFD75
:106F90000023E0642068236348B1037D3BB10121F5
:106FA0000830FFF77DFF2368186915F049FC3F7A28
:106FB0004FB32368002B40F0C180236813B19B8836
:106FC0009B0405D40023636004F110000AF058FA12
:106FD000019807B0BDE8F08FA369002B9ED16368CC
:106FE00099429BD1A3E7D9F800306363002BA9D065
:106FF000D9F80430A7E7D8F80030E363002BB7D006
:10700000D8F80430B5E72B69D5F804C0996C1A6D2F
:1070100021B1002A32D08A4228BF0A46C3E9157737
:10702000DCF800A0D3F844E0D3F84C900AF10C014E
:107030000868C607FCD5086810F0040020D1014696
:1070400082422BD8586D904228D3A36C33B1626D25
:107050009A4247D9424943480FF04AFD236D33B164
:10706000A26D9A4254D93E493E480FF041FDA36CAF
:10707000002BC8D1236D002BC5D19AE70A46CDE776
:10708000DAF80800D7E7BEF1000F29D01EF800009B
:10709000CAF80800586D013101305865DCF800A0CD
:1070A000DAF80C00800704D5586D904201D2072908
:1070B000E9D9986D9042C3D20029C1D0DCF800A074
:1070C000DAF80C607607F5D5DAF808A0B9F1000F08
:1070D00001D009F800A0986D013901309865E8E702
:1070E0007046D5E79B1AA36463B9DDE90212636BAE
:1070F000584608336363A36B013BA3630FF0E5FCC1
:107100006064ABE7636C002BA8D013446364A5E70D
:107110009B1A236563B9DDE90401E36B424608333A
:10712000E363236C013B23640FF0CFFCE0649EE734
:10713000E36C002B9BD01344E36498E71A7D002A8C
:107140003FF43BAF998811F480557FF436AF18694E
:1071500015F076FB206829460830FFF7A1FE2CE7E2
:10716000ABFE011054D601102DE9F04F054689B051
:1071700000AF1C220021381D15F086FC4FF48073EF
:107180006E68D5F81080F0683B8170B18368316912
:107190001B683BB19847041E07DA614961480FF04C
:1071A000A7FC16E06FF05704F7E7706940B93A465C
:1071B0000021F0690FF05BF9041E0FDA5A49EDE780
:1071C000B1698368DB68002B00F0A6809847041E35
:1071D000EDDA20462437BD46BDE8F08F3B6800223B
:1071E000197918680FF055F9041EE7DB2846391D98
:1071F000FFF7D4FD044608B14C49CFE74FF0010931
:10720000D8F808500835D8E9023203EBC203A5F1DB
:107210000802934203D840460FF06EFCD9E755F8B8
:10722000080C15F01BFB034615F8041C55F8080C58
:10723000E3B96C468AB000686A4607914FF4007162
:107240003B4DADF820103B49CDE9055042F8101FE9
:107250004FF411513348FBF77BFF6FF01206A54640
:10726000354930480FF044FC3446B2E735F8023C6B
:1072700003F03002302AD0F810E0D0E901BA0ED184
:107280002E4940F2F7332E4A2E480EF036FA2E4899
:107290000EF033FA40F2F73129480EF025FA03F0E8
:1072A0000602042A09D1294940F2FE33244A25481E
:1072B0000EF023FA40F2FE31EEE7DA0754BF43F452
:1072C000B01683F4D016DBF8003009FA01FC1CEA92
:1072D000030F26F480120CD11D4940F21143184AC5
:1072E00018480EF00AFA1B480EF007FA40F2114156
:1072F000D2E7DEF80030F6074CBF4CEA030323EA7E
:107300000C03CEF80030DAF800309847061E05F17D
:107310000805BFF678AFA3E76FF0570459E700BF41
:10732000C9FE011054D60110E4FE011002FF011045
:10733000F5FC0110040000011AFF0110E1F8011032
:10734000CDF701101BE201101AF90110F3F9011039
:10735000FEF701103CF801104FF0E0230D4A996947
:10736000126818699B69002908BF1146002B08BFE5
:10737000134610F4803F084801D1994205D20168B4
:10738000114401604FF0E021096900681044C01AFF
:10739000704700BFBC0F0020B80F00201022094B1F
:1073A000002083F8232043F69822074B1A60074BEE
:1073B00043F6972218604FF0E0235A610722986144
:1073C0001A61704700ED00E0BC0F0020B80F0020EC
:1073D000684620F007018D4631B5FFF7BDFF134821
:1073E000134A0368D2E900411B1941F10001C2E9C7
:1073F00000310022026043F698220E49D1E9005084
:107400005B1BB3FBF2F402FB04F35B1940F10000D9
:10741000C1E900300CF01CF8014620460BF07EFF5D
:10742000FCF72CFFBDE8314085467047B80F0020BF
:10743000500A0020480A00202DE9F0414A4F89B146
:10744000421C0AD14FF0E022136923F001031361BB
:107450004FF07F433B60BDE8F0813D68012806DCCA
:1074600000240AE0431C3D68F8D140F25D4040F240
:107470005E439842A8BF1846441EEFF311861023BE
:1074800083F31288BFF36F8F38480BF0A5FD68B9FE
:107490008423374A374938480EF02FF933493748A3
:1074A0000EF02BF9842132480EF01EF92F480BF014
:1074B000B7FDFFF751FF4FF0E0233149D3F818C073
:1074C000D1E9002380184FF0000243F10003C1E925
:1074D00000032C4B1A602C4B1A68831A3AD443F6DB
:1074E000982E43F6972814FB0E841C44B4FBFEF43C
:1074F000131A0EFB0433B3F5806F38BF4FF480636B
:10750000224A934228BF13464FF0E0223B60013BE2
:10751000946953610023A4459361ACEB0400D1E965
:1075200000321AD20544EB1842F100020F48C1E9BB
:1075300000320BF05FFD90B94FF499730C4A144977
:107540000D480EF0DAF8094912480EF0D6F84FF45B
:107550009971A8E74FF48063D6E7C318E4E786F390
:107560001188BFF36F8F76E7BC0F0020C00F00209B
:1075700073E60110A0E601101BE20110B5E6011050
:10758000500A0020B80F0020480A002038A9FF0048
:10759000CBE60110E2E6011038B5EFF311851023B8
:1075A00083F31288BFF36F8F1B480BF015FD68B98A
:1075B00084231A4A1A491B480EF09FF816491A48A4
:1075C0000EF09BF8842115480EF08EF812480BF04F
:1075D00027FD164B1C68164B1B68E41AFFF7BCFE10
:1075E00004440D480BF006FD68B94FF499730B4A3B
:1075F00010490C480EF081F807490F480EF07DF84D
:107600004FF49971DFE785F31188BFF36F8F43F66D
:107610009820B4FBF0F038BDC00F002073E60110D5
:10762000A0E601101BE20110B5E60110500A00208F
:10763000480A0020CBE60110E2E6011038B5EFF36E
:107640001185102383F31288BFF36F8F18480BF056
:10765000C3FC68B98423174A174918480EF04DF83F
:10766000134917480EF049F8842112480EF03CF8EF
:107670000F480BF0D5FC134B1C68FFF76DFE04445C
:107680000B480BF0B7FC68B94FF49973094A0E49DF
:107690000A480EF032F806490C480EF02EF84FF466
:1076A0009971E2E785F31188BFF36F8F204638BDEB
:1076B000C00F002073E60110A0E601101BE20110CC
:1076C000B5E60110500A0020CBE60110E2E60110F9
:1076D00030B500290246036908DD1868936800EB9D
:1076E000C100834201D8D0682C3030BD0C488142A3
:1076F00003DB906800EBC100F7E70A4CA14202D11E
:10770000D0682430F1E71B681D79662DEBD11B682A
:10771000641A9D79A542E6DB401A03EBC000E4E75A
:107720001AFCFFBF19FCFFBF9FED010A704700BFA5
:107730000080FC4301F1804203460846054902F2FD
:10774000E6328A4205D81A699B6812689B1A00EBD8
:10775000E3007047E603004070B516460446FFF7A5
:10776000B7FF054631462046FFF7B2FF2B680C4AAB
:1077700003602B799642037111DA5A060FD52369FB
:107780001B6819684B799B0609D52A68537913F051
:10779000180F04D02046BDE8704012F003BC70BD45
:1077A00019FCFFBF024B013153F82100704700BFA5
:1077B000D0DD011038B50546DAB90F4913F07DFF69
:1077C000AA6804461060037943F040031371AB6864
:1077D0000833AB60EB68DB68002B02DC284612F054
:1077E000C1FC94F90730002BB4BF206904F11000EC
:1077F00038BD04F061FCE3E77B1002102DE9FF4186
:10780000DDF82C8004460D4617461E4623B1194666
:107810000FF090F9A369C61AED43A16801EBC50109
:107820000291B8F1000F03D0E36DB3F5803F13D39D
:10783000A3692046CB1A0096184902AA039711F0B3
:1078400002FB002F05DA2369A2685968914238BF0C
:107850005A6004B0BDE8F08125690A9BC5F8108024
:10786000AB61A369CB1AEB61A36D6B61A379A665CC
:10787000286A83B140F4002040F4001028623A46A0
:10788000204611F0D9FA2B6A002023F400132B6252
:107890006B69A365D5E720F40020EDE7136C0110B8
:1078A00070B51B4D0446002B18BF1D4688B013460B
:1078B0000A4603A914F049FE2A4620460C9B03A958
:1078C00001F07AFC0546F8B9A36853F8086CB3795F
:1078D000D3B1E36801AA586A022114F003F93369AD
:1078E0009A68019B13609DF8083013715A060BD5F6
:1078F00031694B799B0607D5019A537913F0180F1C
:1079000002D0204612F04EFB284608B070BD00BFE2
:1079100088010210002938B504460ADD05F058FF39
:10792000E368DB68002B11DC2046BDE8384012F02C
:1079300019BC00220649856804F0BEFB2860037963
:1079400043F040032B71A3680833A36038BD00BF28
:107950007B10021070B504460E4615460AB9002089
:1079600070BD4FF0FF310FF0E5F90528F7D1204643
:107970000FF093FA013D6FF0010120460FF031FC4A
:107980000028ECD06FF0010120460FF0D3F9042855
:1079900028D14FF0FF32314620460FF0E7F930B1E1
:1079A0006FF0010120460FF070F90120D8E72A4658
:1079B00031462046FFF7CEFFA0B120460C490FF01C
:1079C0007BFA6FF0020220464FF0FF31FFF7C4FE52
:1079D00020466FF001010FF058F903212046FFF710
:1079E00099FFE2E76FF0010120460FF04EF9C2E780
:1079F000AD04021010B59EB001AA044610F0C6FDF9
:107A000070B12046094901AA01F040F8079B002BFC
:107A100006DD204606490EAA0FF07EFA1EB010BD04
:107A2000204604490FF078FAF8E700BF68FF01101C
:107A30006BFF01107B10021038B5044615460FF09D
:107A400005F968B935B12A462046BDE838400549F0
:107A50000FF0FBBB2046BDE8384003490FF0F5BBF3
:107A600038BD00BF7AFF011055080210F8B5044672
:107A70000D460FF003F906462A462049204601F03C
:107A800005F81F4A1F4920460FF0A6FA771C062169
:107A900020461D4AFFF7D0FF022239462046FFF755
:107AA00059FF054638B300224FF0FF3120460FF052
:107AB00099F903221549064615F00DF878B9F11C1D
:107AC00020460FF0F9F96FF0010120464FF0FF3228
:107AD0000FF005F96FF0010120460FF0D6F84FF0D6
:107AE000FF313A462046FFF737FE394620460FF071
:107AF000CCF82846F8BD3146F8E700BFC5000210B3
:107B00008EFF011019FCFFBF96FF0110A7FF0110A7
:107B10002DE9F041A0B00C461746002103AA064605
:107B200010F034FD40B93B4622461D4930460FF067
:107B30008CFB20B0BDE8F08130461A4903AA00F062
:107B4000A5FF9DF83330049DA3420BDA1649059832
:107B5000E41AF8F725FEF0B9013C1CD13B462A4651
:107B60001249E3E7DFF8508065B9304603A9FFF713
:107B70007DFF98B12A464FF0FF3130460FF032F9C1
:107B800005460495234642463046CDE9005708494C
:107B90000FF05BFBCDE7DFF82480E5E7054DF0E76C
:107BA000BAFF0110A90A021040010210D0FF011013
:107BB000EEFF011088010210ABFF0110B1FF0110B0
:107BC0001FB5CDE90212069A0349009202AAFFF7F7
:107BD00067FE05B05DF804FB3D72011070B51646F6
:107BE000154A04460D460FF0C3FB042812D10022AB
:107BF0004FF0FF3120460FF0F5F80346324620469D
:107C00000E490FF089F9294602462046BDE870402A
:107C1000FFF77EBF294620460FF08CF8022808D0D7
:107C2000294620460FF086F801462046FFF7BAFDA8
:107C3000E3E7034BE2E700BF73FF011015000210FA
:107C40000600021073B501AA04460D460FF0A7F80E
:107C5000019B06464BB9294620460FF079F838B10A
:107C600029462046054AFFF753FF304602B070BD53
:107C70000322294620460FF0A2FBF6E72900021056
:107C80002DE9F04115460C46184A29460646FFF7ED
:107C9000D3FE0834C5F1000854F8083C2BB9E94379
:107CA0003046BDE8F0410EF0F0BF54F8041CD1B9E5
:107CB00030460FF087F96FF0010154F8082C304678
:107CC000491B0FF02AFA0834E6E7414630460FF028
:107CD00024F80137AF42F8DB2A46304654F8041C3A
:107CE0000FF036F9E7E70027F4E700BF4E00021077
:107CF000F0B52DED028B0D4683B00446F0EE408AC0
:107D0000FFF712FD442DB0EE408A08D020461149FD
:107D100003B0BDEC028BBDE8F0400FF096BAB4EEB4
:107D2000680AF1EE10FA11D018EE900AF8F776FC16
:107D3000064618EE100A0F46F8F770FC3246CDE9F9
:107D400000013B46204604490FF07FFA03B0BDEC2A
:107D5000028BF0BD60000210910002102DE9FF417E
:107D6000C3694769A2EB030888EAE873A3EBE873E9
:107D70007F2B04460D46164607F1FF3734DD1E4BB8
:107D8000A0686FF0604C02930823CDE9003C05F138
:107D90002403A26A696C006A02F024F96864A36A89
:107DA0006FF07F0840F833706B6CA26A03EBC2037C
:107DB000511CA1625E60012384F83A300F4BA06829
:107DC0006FF0004202930123CDE900323A46296C5C
:107DD00005F11803006A02F005F9286400F807802D
:107DE000E66104B0BDE8F08190F83A305A1C1906FB
:107DF00080F83A20C3D4E1E75C030210C700021008
:107E00002DE9F04383681546D3F820900B461E4AAF
:107E100085B0D0F8208053F8107F0C4602926FF0A6
:107E20007E410822CDE90021064642464846216BA4
:107E300002F0D8F83B46206300202169226B99426A
:107E40001CDC296802EBC80342F838102A791A7141
:107E5000336A013333622B795A060BD563799B065B
:107E600008D52A68537913F0180F03D021464846E5
:107E700012F098F8404605B0BDE8F08302EBC3026B
:107E800010710133D9E700BFCF000210B5EE400AF0
:107E90001323F1EE10FA70B586B005468DED020A97
:107EA0008DF80C300BD1022302AA04A904908DF89E
:107EB00014300FF026FB0446204606B070BDDFEDFF
:107EC000127A20EE270A002101A88DED040A8DF810
:107ED000143005F0EDF9064628B12846296802AAB3
:107EE000FFF78EFFE7E702AA04A928460FF009FB77
:107EF0002B680446196B02AA01EBC001304605F05D
:107F00009FFB0028E9D0D7E70100803F10B5521A47
:107F100002F180720368023AB2F1007F5C6B03D316
:107F20000649806812F0C7FA54F8213003F07F0345
:107F300043EAC21344F8213010BD00BFD90002103B
:107F4000406B002900EB810008DD50F8043C044A36
:107F500003F07F03D35CDB0648BF0438704700BFE3
:107F6000081E02107FB5114B056804466FF04042B1
:107F7000806802930423CDE900320E466269696B82
:107F800005F11403006A02F02DF86863636929465D
:107F90005A1C626140F82360A36820469A68FFF784
:107FA000DDFE6069013804B070BD00BFC70002107B
:107FB0000149FFF7D7BF00BF38FFFF7FF7B5D0E912
:107FC00005439C42C3BF036804F180445E6B1A4EB4
:107FD000C4BF04F1FF3406EB8406356805F07F0367
:107FE000082B1FD1C5F3C714C5F30743A14201EB0A
:107FF0000207234414DB03F1010C8C4512DB8C4295
:10800000A8BF0C46013F64F3CE159F42ACBFC4EB42
:108010000704C4EB030464F31745356003B0F0BDF7
:10802000A742EBE70023CDE90033531E0A4608219F
:108030000FF0B7FCF2E700BFB8DC0110F7B505465A
:108040000E46AAB1012A0CBF48274627541C2146D8
:108050002846FF22074B02F01BFD00233246CDE9E4
:1080600000333946234628460FF09BFC03B0F0BD91
:108070004727EBE7F400021038B5036890F8394061
:108080001B7A0C44A342054606DA044BFF22214624
:1080900002F0FEFC2B681C7238BD00BFFC00021011
:1080A0002DE9F0410F4603684E685D6B02F101084F
:1080B000104BFF224146044602F0EAFC55F8262008
:1080C0003B7822F07F4242EA0862152B45F82620D1
:1080D00001D1BDE8F08194F8393022F4FF4242EA40
:1080E000C31245F826202046BDE8F04101210FF0DB
:1080F00094BC00BF06010210F8B505461F461446A1
:108100000E460FF09BFE3946284610F074F80A4BD5
:1081100072689C42CCBF0023631C522128460FF09A
:108120005CFC3946284610F066F831462846BDE822
:10813000F8400FF037BB00BFFEFF01002DE9F3410F
:108140000E461146054614461F460FF0BAFC022E95
:108150002AD004D9032E0BD002B0BDE8F08122460C
:108160002846344B06F10C010FF073FA0028F3D1C6
:10817000214628460FF062FE2146804628460FF031
:1081800011FB002231364346F1B22846CDE90022E8
:108190000FF007FC1423606039462846237002B0B4
:1081A000BDE8F04110F027B823785A1E132A18D8DA
:1081B000DFE802F00A0D0A0D0D0D0D251717171730
:1081C0001717171717170F250223237009E003232A
:1081D000FBE761682868FFF7B3FE036883F4004398
:1081E0000360D4E903132846C4E903310FF044FBCC
:1081F0002846E16802B0BDE8F0410FF03DBB082B16
:108200000AD0012128460FF008FC95F839202146B4
:108210002846013A0FF0E1FC214628460FF0C2FA49
:1082200061682846090441F03301FFF79BFE1423DF
:108230006060CAE7A4DC01102DE9F0470F4688B062
:108240001946064614461D46DDF840800FF039FCFD
:108250000B2F18D9142F1ED8DFE817F07800A000D4
:108260007800AC00AC00AC00AC00B100B100B100D3
:10827000E5000A01360021016A016A012101640159
:10828000640120002C002B462246394630460FF070
:10829000E0F90028DED008B0BDE8F08730462E4671
:1082A000226905F110010FF055FB0FCE0FC42B69A9
:1082B0002360F0E7E268304605F10C010FF04AFB5D
:1082C0000FCD0FC42B68F3E7294630460FF0A0FD11
:1082D000D6E905329342C1BF326803F18043526B45
:1082E00003F1FF33D4BFDFF8BC9202EB8309D9F866
:1082F000007007F07F03352B14D1294630460FF06C
:1083000051FA6268D9F8003007F47F0762F3CE13A0
:1083100007F5803723F47F0307F47F073B43C9F851
:108320000030B8E70023CDE900333521022362682D
:1083300030460FF036FB294630460FF033FA4146FF
:10834000304608B0BDE8F0470FF055BF0021204689
:108350000FF067F9814618B1294620460FF0BDF8A5
:108360009FB928460FF099FA78B12F230621CDE95D
:108370000198CDE903316B687F33009315232A46BA
:10838000214630460FF040FF85E7CDE900982B46A7
:108390002246394630460FF0BFFF7CE707232A46C6
:1083A000CDE900832146152330460FF066FF0028F3
:1083B0007FF471AF0023CDF804800093E7E72378C2
:1083C000062B1BD1294620460FF087F84FF00109F4
:1083D0002B78062B15D1294630460FF0E5F880B1F1
:1083E000302207F11603CDE902820637FFB2049767
:1083F000CDF804906A68DBB20092C0E74FF0000944
:10840000E6E7B9F1000F03D0294620460FF065F8E2
:108410002B4622463946CDF84080304608B0BDE8AC
:10842000F0470FF05CBF20460FF037FA102770B10D
:10843000294620460FF051F82F23CDE9028301236E
:10844000049701936B687F330093202397E72123E0
:108450002A4621463046CDE900870FF00EFF00285E
:108460007FF419AF2B4622460A21CDF84080D4E78D
:1084700028460FF012FA60B12F231122CDE9033202
:108480000023CDF8088001936B687F33009321238C
:1084900075E72B4622460B21CDF84080BDE700232F
:1084A00007932378082B03D0294620460FF015F8B0
:1084B000214630460FF0C2FC07AA824606A928468C
:1084C0000FF04EF8E0B14FF03D09DDF818802A4674
:1084D000214630460FF058F9A7F10D035F425F4186
:1084E000079B5246009349464346019730460FF09A
:1084F00058FA3046FFF75CFD132360602370CAE62C
:10850000294630460FF0B9FC20B14FF03C09D5F8B0
:108510000480DCE7294630460FF090FC4FF0390923
:108520008046D4E7294620460EF0D7FF033FFFB22E
:108530000023284607AA06A907930FF011F8A8B14F
:10854000214630460FF07AFC8046DDF8189030372F
:108550002A46214630460FF017F901230193079B65
:10856000FFB2009342464B463946BFE7204607AA72
:1085700006A90EF0F5FF40B1294630460FF05EFC2B
:1085800032378046DDF81890E2E7214630460FF09A
:1085900055FC2946804630460FF050FC2C3781466A
:1085A000D6E700BFB8DC011000EBC1031B7903F074
:1085B0000F03042B0AD150F83130064893F9071005
:1085C0000029B4BF1B691033136070470020024BB1
:1085D000FAE700BFA30A02108801021050F8310028
:1085E00030B190F90730002BACBF103000697047F4
:1085F00000487047880102102DE9F74F05461446E0
:1086000098460191019B2846D3F80090611C4A4688
:1086100010F09DFDC8F80000002840F082804FF067
:10862000000ED5F834A0404A5AF829304FF0FF3CEC
:1086300003F07F03D356002B7346B8BF09F1FF390F
:108640004B4515DB019BBCF1FF3FC3F800C04FD089
:108650006B6B4FEA8C0453F82C1001F07F02092A4F
:1086600046D8DFE802F03F45455159454545454864
:108670005AF8236003F1010B06F07F02452A4FEA06
:10868000D611C6F3C7170CD8432A1ED8082A13D010
:10869000382A1DD024498A5C120714D5BC4212D155
:1086A00004E04C2AF6D10137BC420CDD7345ACBF67
:1086B0009C464FF0FF3C06E0BC4204DBC6F3074695
:1086C0003E44B442F2DD5B46BAE7BC42FBDBEDE779
:1086D00001F17F41013159444945F4DC8E45B8BF71
:1086E0008E46F0E7C1F30744C1F3C711A14289DC0C
:1086F00003B0BDE8F08FE86BC1F30741FFF76EFFF1
:10870000C8F800000948F3E74246C90B286B03B0DC
:10871000BDE8F04FFFF748BF234459684246C909F6
:10872000F4E70348E4E700BF081E0210F31C021040
:10873000FB1C021030B585B01C460191C2F3074204
:108740008BB11146C06BFFF749FF03900398B0B19E
:108750000C49F8F725F801460B4B0C48002908BFD7
:10876000184605B030BD03AB01A9FFF745FF084B24
:108770009842EBD0074B984218BF0394E6E70348B2
:10878000EFE700BF24010210170102101E010210C2
:10879000FB1C0210F31C0210F0B585B0019101A979
:1087A00004461E46FFF728FF00282FD1019F7B1C9F
:1087B0002CD0636B53F8275005F07F030B3B092B3C
:1087C00024D8DFE803F00511202523232323232BBE
:1087D0003246206B290EFFF7E7FE01232A46394671
:1087E0002046FFF7A7FF11E0334620462A0E03A9D3
:1087F0000397FFF701FF10B10378632B01D00B4BF8
:1088000033600023EAE70A4B0A48336005B0F0BD45
:108810003246206B290EFFF7C7FEF2E73246206B87
:10882000290EFFF7C1FE0448F0E700BF88010210DF
:10883000290102101E010210400102102DE9F04131
:108840000C6A0646E302084605D53B4B3B4C1360D9
:108850002046BDE8F08114F0807303D0384B394CCA
:108860001360F5E714F400443ED10B681B68D3F89D
:108870000C800FF049FED8F83430014653F82070D0
:1088800007F07F05362D1FD82D2D08D8122D18D8AA
:108890000E2D44D80B3D032DDAD823460AE02E3D99
:1088A000082D21D8DFE805F0353535430520373967
:1088B00045001323F16801EB8303D3F8943012339E
:1088C000CDE7142DE9D0C3E7412D0FD8382DBFD9FE
:1088D0000121393DA94011F4A27F22D111F0A20F4C
:1088E00021D111F0010020D10024B1E7462D20D084
:1088F0000AD8443D012DABD813464046C7F3C712F2
:10890000BDE8F041FFF748BF4C2DA1D10E4C1460DB
:108910009EE73B0ECEE70423CCE71623CAE70123EC
:10892000C8E71523C6E71423C4E70523C2E71223CB
:10893000C0E71823BEE700BF88010210370102100C
:10894000540102103C010210470102100023F7B548
:10895000044600690193036A0E4613F400410BD1EB
:1089600003681D68AF7905F10C02B94207DB0022EC
:1089700041680833994217D8144803B0F0BD52F843
:1089800004CFDCF808C066450CD1EB68104AD86B00
:10899000FFF724FE034620460E4903B0BDE8F04031
:1089A00011F05DBF0131E0E79E4202D00132083391
:1089B000E0E70FF0A9FDED68014601AB2846FFF79F
:1089C000EBFE019B02460028E5D1D5E77B100210A3
:1089D000F31C0210590102102DE9F84314460A6AEB
:1089E0001E460B680D461104804603F1080713D597
:1089F000D8F81030AB423FD1D8F80830DB1BB4EBCD
:108A0000E30F12DC002C10DD2B6A1D4813F4004F1D
:108A10001C4B08BF184626E01A68002CD2F80C90B0
:108A200017DA99F80720D20702D40020BDE8F883AE
:108A3000AA6951428C42F8DBC4F1FF5404F5FF14DB
:108A400004F5FF541F34A41A03EBC4030E4833602B
:108A5000ECE728460FF058FD21460246484610F044
:108A600076FB0028C4D0002EE0D004F10054013C75
:108A700007EBC4073760D9E7EB681B68BEE700BFA8
:108A800064010210720102107E0102102DE9F04F04
:108A90000B7885B03E2B0BBF8368166FA3F1080BD4
:108AA000D6F800B008BFC0F808B09BF8043088467C
:108AB00003F0DF0304BF01F101080026462B054641
:108AC000144618BF00274FF0010902F1340308BF14
:108AD000DBF8007008F1FF3A01931AF8013F13BB6D
:108AE0006621404613F0E8FF48B1AB68DBF8002090
:108AF0001A609BF804201A71AB680833AB604C21F4
:108B0000404613F0D9FF50B11FB13B79062B00F05E
:108B1000C8800022AB681A71AB680833AB60484666
:108B200005B0BDE8F08F752B05D8652B06D84C2B0A
:108B3000D3D0532B28D04FF00009CEE7663B0F2B44
:108B4000F9D801A252F823F0DB8A0010378B00100D
:108B5000378B0010378B0010378B0010378B0010CD
:108B6000F18B0010378B0010638C0010378B0010D6
:108B7000378B0010378B0010898C0010378B00105A
:108B80003F8C0010098C001017B13B79062B0DD0DB
:108B900004224FF0FF306149614B21616261E06165
:108BA0002062E360019801F0BDFC96E7FB68D96C98
:108BB000C9B191F90720002AB7BFCA686261626132
:108BC000D96CAABFD96C096910312161D3F828E0AA
:108BD000DFF85CC1C4F81CE0D86A524BBEF1000F4C
:108BE00008BF6346DCE702224F4962612161EDE77D
:108BF0003EB1336A190404D430460FF0BBFCA061C7
:108C00006BE74FF0FF30FAE787B1BB7984F8243087
:108C10003B79062B0CD1FB68DB7913F0030318BFFB
:108C2000012384F82630FB689B7905E084F82470E2
:108C3000012384F82630002384F825304DE75EB107
:108C400096F82230C3F3801384F82830336AC3F3D4
:108C5000032384F8273040E784F8286084F82760ED
:108C60003BE726B9314BA3600023636035E7336AE5
:108C70005A02F7D42846B168221DFFF7DFFDA06035
:108C800000287FF42AAFEDE716B1336ADB0203D484
:108C90000023C4E90B3320E76B6FE362AB6F236300
:108CA0001BE7FF682846BE6A03F0E4FC4522AB6878
:108CB000804618601A71AB680833AB603B6C002BC0
:108CC0003FF42DAF1122FC798DF80C2014F0030431
:108CD00006D093F9003013F1800F13D01E44012405
:108CE000BB699C42BFF61BAF3B6C1B5713F1800F57
:108CF0000ED01E4432464146284602AB13F01CF803
:108D00000134EDE7002138460FF007FC0646E6E7A0
:108D1000214638460FF001FC0646EBE78F010210B2
:108D20005AF10110CE0A0210870102107B100210C6
:108D30008A010210E0B50D4606461F46114692B064
:108D400032B92A460C4912B0BDE8E04011F087BDA7
:108D500092F9072003A8002AB4BFD1E903211031FA
:108D600001F0E0FB3B4630460449009503AA11F0B0
:108D700076FD12B0E0BD00BF940102109C0102100C
:108D800080B5826D0446BAB18368816913F8046CBA
:108D900053F8087C1E711F6083688D188A5843F849
:108DA000082C2A7903F8042C8168012201F10803B8
:108DB0008360083910F043F8A56815F8043C1B07D8
:108DC0000BD111222046074903F076F945F8080C2B
:108DD000037943F0400305F8043C022120460FF0DC
:108DE00026FD00BFA601021083B5044615460F46B6
:108DF000FFF7ACFD39460646204603F033FD2A4610
:108E000003460249204600960FF0D2FBB80102103B
:108E100008B50B7903F00F03033B012B98BF1146F4
:108E2000014AFFF7E1FF00BFD301021008B5044675
:108E3000154603F017FD2A460346024920460FF067
:108E4000B7FB00BFDF0102100D4607B5044616460A
:108E500001A90022284613F003FB00280CBF294675
:108E600031462046FFF772FD0249024620460FF0C8
:108E70009FFB00BF0602021008B51646044603F029
:108E8000F1FC31460546204603F0ECFC064601465F
:108E90002846F7F785FC20B92A46204604490FF0FA
:108EA00087FB33462A46204602490FF081FB00BF6C
:108EB0002D0202104E02021007B5084B0446019322
:108EC000131E05DDC86801AA006B591EFFF76CFB75
:108ED0002046019A02490FF06BFB00BF8801021087
:108EE0006C0202101FB5002303AA0E460169044656
:108EF0000393FFF7A3FC024680B12046039B0A4977
:108F000011F0ADFC05463146204603F0ABFC074AA4
:108F100003460749204600950FF04AFB314620469C
:108F2000FFF714FDEEE700BF59010210CC09021053
:108F3000B801021070B51646172204460D4612F00D
:108F4000DAFF03791B0703D129462046FFF7CAFF42
:108F5000A368AB420FD8A3680833A36003682B60F3
:108F600003792B7106F47063B3F5706F0AD1204654
:108F700006490FF01DFB53F8082C083B9A601A793C
:108F80001A73E6E706F5807070BD00BF8802021014
:108F900070B50E46044611783046154613F08CFD28
:108FA00048B9054933462A46204611F058FC0321AA
:108FB00020460FF03CFC70BDA0020210F7B50C4635
:108FC0004F6B0A681E4B0546002F08BF1F461368EB
:108FD000591E11602068EBB143685A1C42601E782C
:108FE0001B2E1DD14221384613F066FD0646A8B956
:108FF00039462846134AFFF7CBFF33462846A26B73
:10900000216804F085F80146284603B0BDE8F04029
:109010000FF059BF13F072FA0646E1E70123EDE7BE
:1090200039462846084AFFF7B3FF0196A36B284646
:109030000093216804F11003221D11F0F6FFE2E70E
:10904000CA020210CD020210D402021004461722F6
:1090500008B5084903F030F8A268052110600379CB
:10906000204643F040031371A3680833A3600FF058
:10907000DEFB00BFD9020210D0E905329B1A064A76
:10908000934206DCB0F85C00C5288CBF00200120AC
:1090900070470020704700BFB8107A00F8B5174B32
:1090A000D0E90567F61B9E420446154602DD12B361
:1090B000FFF7CCFF124B994213DC8368DB1B01EBFB
:1090C000E301331103EBE6030E4EB342A8BF334670
:1090D0009942B8BF1946B14203DCBDE8F8400FF031
:1090E000F4BB2A46204608490FF0EFFB1DB120468D
:1090F00006490FF05DFA0020F8BD00BF00127A00AB
:109100003F420F0040420F0008430F005508021075
:1091100038B504468368026902BBA569154A5B1B22
:10912000D91001311429B8BF142193421CDC01EB82
:1091300041006269521BB0EBE20F0ADA0E4A204688
:109140009342C8BF0D494FF00002D8BF49000FF04D
:10915000BCFB2046BDE8384012F0FAB8516892686E
:109160008B4238BF0B46D7E7054A9342F1DC0348F0
:10917000DFE700BFA0B02800F8083D0040420F0024
:10918000F8117A00F7B504460D4607698679A36998
:109190008DF804202B446A462046064900930FF0C0
:1091A00072FB024610B12761A671F0E79DF804003A
:1091B00003B0F0BDB987011070B5C56D92B005F56B
:1091C0008035C5650025CDE9103203918268836939
:1091D000816DD31A009103AA16490446CDE90955B9
:1091E000CDE90C5507950F95049506950FF02BFECC
:1091F0002B460646069A0499204611F0CBF9099AA7
:109200000799049012012046069511F09FF90C9AD7
:1092100020460A99120111F099F90F9A20460D99EA
:10922000120111F093F93046E36DA3F58033E36545
:1092300012B070BDBD8F001038B50B790446012BFC
:109240000D4611D01B070FD0182212F054FE0379DF
:1092500013F00F0309D000201149236AEA1A8A4249
:1092600013D8D210EA80256238BD216920460A68E9
:10927000AA1AD210FFF7B0FB0A4B0B49002814BF03
:1092800002461A4620460FF093F903F5FF2202F535
:10929000FF6203F5FE232262A3F8FE0FDDE700BFA5
:1092A000F8FF070088010210F10202102DE9F74FC4
:1092B0000746DDE90C981D464FF0000B91F83E6023
:1092C000DFF878A006F018061168A94208D1104608
:1092D000D8F800305B44C8F8003003B0BDE8F08F28
:1092E0004C7914F0180F07D00B68384613600192C0
:1092F00010F01CF9019AE7E714F0070307D124F0F6
:109300003F0444F0010434434C710A46DCE71AF888
:10931000033024F0070423434B7103F00703032BAE
:10932000F3D1084601910FF09DFFD9F80030019963
:109330000BB9C9F800108344E7E700BF011D021014
:10934000F0B5C56885B06B6E04461A686A666A6CCB
:109350001A606B645A7922F04001597195F83F10F8
:10936000033903294FD895F83E1022F0780201F016
:1093700018010A435A7102931B79022243F04003F9
:10938000204602A98DF80C3012F0B5FD03791B07B9
:1093900037D0002295F84260A77946F0020385F89D
:1093A0004230A368A27103F10801A160016819604D
:1093B000017920461971A36803F10801A16002999F
:1093C00019609DF80C10197121690B6A43F08073C4
:1093D0000B62A368A169103B5B1A00920D490FF064
:1093E00032FD2269136A23F080731362A77185F836
:1093F000426030B12046084902F0FEFDA368083BF8
:10940000A36005B0F0BD02F00702032A08BFAB67F6
:10941000B1E700BFCF96011054010210F8B5042245
:109420000C49044602F048FE0146204610F0F8FDC3
:109430000125094F57F8041B204612F03EF9064655
:109440000146204610F0ECFDB5710135182DF1D123
:10945000F8BD00BF24010210BCDC0110FF29034647
:109460000A4609DC0B4B006A0B445B785B074CBF78
:1094700009490A4911F0F3B9A1F580700849B2F51C
:10948000907F51F8200003DC02460649186AF1E794
:10949000704700BFF21B0210180302101D030210D8
:1094A000BCDC0110E706021080B50446436815468F
:1094B000426B006AFFF73EFC0646A5B1A5F5917325
:1094C000032B276A13D80021204600F019F8A36A5D
:1094D00009491A68206A11F0C2F903463246384633
:1094E000064911F0BCF90321206A0FF0A0F92946C2
:1094F0002046FFF7B3FFF0E7E7060210250302104E
:10950000F8B5846A0E46D4E90132013393420FD98B
:109510000A4B9A4203D300220949FFF7C5FF02EB29
:1095200052073B462168006A11F034F8A7602060BA
:10953000D4E90023591C6160D654F8BD54555555E3
:109540003003021038B5426A056813680446591E94
:109550001160406A0BB343685A1C426018780A28AD
:10956000206001D00D280CD1A8420AD0626A13688D
:10957000591E1160606A9BB143685A1C426018789A
:1095800020606FF0004263680133934263600AD148
:10959000002220460449FFF787FF12F0AFFFDEE705
:1095A00012F0ACFFECE738BD4903021038B50446B1
:1095B0000168FFF7A5FF626A1368591E1160606AAF
:1095C0008BB143685A1C42601D78094B20462B44DE
:1095D0005978084A256001F0100110F04EFF284626
:1095E00000F0F8FD38BD12F089FF0546EDE700BF39
:1095F000F21B021062030210F7B5044606680D461E
:109600003146FFF77DFF626A1368591E1160606A78
:1096100093B143685A1C42601878302E20600ED0F7
:10962000304E314F3146204610F008FF78B12046C9
:109630002E4910F003FFF5E712F060FFEDE720463A
:109640002B4910F0FBFE0028EAD02A4EE9E72168FA
:109650007B185B78DA0601D42E2911D12046FFF75A
:109660004FFF626A1368591E1160606A2BB143682C
:109670005A1C426018782060D4E712F03FFFFAE7E6
:10968000DB070DD52046FFF73BFF626A1368591EC2
:109690001160606AA3B143685A1C42601878206068
:1096A00000212046FFF72CFFA36A6946186800F0E6
:1096B0009FFD40B94FF4917220460F49FFF7F4FE29
:1096C00012F01CFFEBE79DF80430032B0BBF40F2B8
:1096D00023104FF49170009B009B0CBF2B602B60FC
:1096E00003B0F0BD7D030210F21B021086030210CE
:1096F000830302108003021089030210F8B50446A8
:109700000D46D0E900171646FFF7FAFE626A1368A5
:10971000591E1160606A23B343685A1C426018786E
:109720000A28206001D00D2802D12046FFF70AFF49
:1097300021680D2943D017DC4B1C2DD00A293ED0BF
:1097400015B12046FFF7DCFE626A1368591E1160EE
:10975000606A002B3FD043685A1C42601878206032
:10976000E6E712F0CBFEDBE75D29E9D1204610F0F9
:1097700033FEB042DCD120462168FFF7C1FE626AA9
:109780001368591E1160606AB3B143685A1C426085
:109790001878206015BBF8BD1649174A3B46002DC6
:1097A00008BF0A46206A154911F059F840F2211203
:1097B00001462046FFF778FE12F0A0FEE9E72046BA
:1097C0000A21FFF79DFE2046FFF7BCFE002DAFD11A
:1097D000A36A5D60ACE712F091FEC0E7A36A204681
:1097E000D3E90012A2EB4602314410F068FE286073
:1097F000D1E700BF9A0302107A080210A2030210F8
:109800002DE9F74F002204468846836A5A6025688E
:109810003E2D5EDC2C2D33DC691C00F09C83A5F111
:1098200009021E2A45D9994E73195B78DA0740F16F
:10983000838329462046FFF763FE626A1368591E38
:109840001160606A002B00F06B8343685A1C426011
:109850001D7873195B7825609B07EAD1A36A206A9B
:10986000D3E9001202F028FC90F907300146002BE2
:10987000C0F25A838579002D00F05683FF35C0E091
:10988000A5F12D03112B00F24983DFE813F0490005
:109890001B03050140034003400340034003400312
:1098A00040034003400340031D014703C100A700DC
:1098B000DF0001239340764A1A4012BB13F0844F15
:1098C00040F0198113F0120FADD02046FFF73AFE99
:1098D0009DE75B2D6ED07E2DA5D1626A1368591E5F
:1098E0001160606A002B00F0EC8043685A1C4260F3
:1098F000187820603D21204610F057FD40F21D13DE
:10990000BCE0626A1368591E1160606A2BB143683B
:109910005A1C42601878206079E712F0EFFDFAE7F0
:10992000626A1368591E1160606A1BB343685A1C4F
:10993000426018782D28206063D1626A1368591E2E
:109940001160606ACBB143685A1C426018785B288A
:1099500020602CD1204610F03FFD0025A36A01288D
:1099600002465D6023D929462046FFF7C7FEA36A59
:109970005D604CE712F0C2FDDCE712F0BFFDE6E7E8
:10998000626A1368591E1160606A6BB143685A1CA1
:10999000426018782060236801330E2BF0D825FA36
:1099A00003F3DA07ECD532E712F0A8FDF2E744F64C
:1099B0000105F0E7204610F00FFD0128024606D908
:1099C00041462046FFF79AFE40F2251519E0C0B93E
:1099D00040F225122F492046FFF766FD626A1368A0
:1099E000591E1160606A83B143685A1C426018783E
:1099F00020603D21204610F0D8FC002818BF4FF40D
:109A00008D75284603B0BDE8F08F12F077FDEFE7C3
:109A1000626A1368591E1160606AA3B143685A1CD8
:109A20004260187820603D21204610F0BEFC0028DE
:109A300040F094823C21204610F0B7FC002818BF6B
:109A40004FF48F75DDE712F059FDEBE7626A13689A
:109A5000591E1160606AABB143685A1C42601878A5
:109A600020603D21204610F0A0FC002840F07982C3
:109A70003E21204610F099FC40F21F13002818BF29
:109A80001D46BEE712F03AFDEAE700BFF21B0210E6
:109A90000D008000CB030210626A1368591E11602A
:109AA000606A5BB143685A1C4260187820602F21BD
:109AB000204610F07AFC40F21713DFE712F01EFD8B
:109AC000F4E712F01BFD14E7626A1368591E116077
:109AD000606A6BB143685A1C4260187820603A2172
:109AE000204610F062FC002818BF4FF4907588E7FC
:109AF00012F004FDF2E729462046FFF701FD626AF5
:109B00001368591E1160606A002B00F0D58143680C
:109B10005A1C42601878206045E15C290DD0EBDCCE
:109B20000A2907D00D2905D04B1CE5D140F221129E
:109B3000B64950E740F22512FAE72046FFF7E0FC6D
:109B4000626A1368591E1160606A002B4CD043682A
:109B50005A1C42601E787A2E266009DC5B2E47DC98
:109B60000A2E00F0A28000F39980771C00F01B8180
:109B70004FF00009DFF8ACA220460AEB0603597843
:109B8000A34A01F0020110F078FC4F464FF00A0B97
:109B90000AEB06035B78980718D531462046FFF795
:109BA000AFFC626A0BFB07671368303F591E1160F8
:109BB000606A002B00F0758143685A1C42601E7871
:109BC00009F10109B9F1030F2660E1D1FF2F914A94
:109BD000CCBF00210121204610F04FFCA26A53683F
:109BE000A3EB0903536064E012F088FC0646B2E779
:109BF000A6F15C031E2BBBD801A252F823F000BFD4
:109C00007F9C0010719B0010719B0010719B0010D5
:109C1000719B0010AB9E0010AF9E0010719B001056
:109C2000719B0010719B00107D9C0010719B0010B7
:109C3000719B0010719B0010719B0010719B0010B4
:109C4000719B0010719B0010C59C0010719B00104F
:109C5000719B0010719B0010C99C0010719B00103B
:109C6000CD9C0010EF9C0010D19C0010719B001047
:109C7000D59C0010719B0010459E00100C26626A56
:109C80001368591E1160606A002B00F0128143684E
:109C90005A1C42601878374620600AE0222EEED027
:109CA000272EECD00D2E7FF463AF2046FFF74AFC41
:109CB0000A27A26A394653682046013B5360FFF7E2
:109CC0001FFC70E00A26DAE70D26D8E70926D6E75A
:109CD0000B26D4E72046FFF769FC06012046FFF774
:109CE00065FCA26A06445368023B5360C7E77521CE
:109CF0002046FFF705FC626A1368591E1160606A0E
:109D0000002B6FD043685A1C4260187820607B3863
:109D100041424141404A204610F0AFFB2046FFF748
:109D200045FC4FF0040906466FF0784BDFF8F4A0CD
:109D300020462168FFF7E4FB626A1368591E116030
:109D4000606A002B70D043685A1C42601F780AEB8F
:109D500007035B782760DB0647D4A7F17D0CDCF1B5
:109D6000000120462D4A41EB0C0110F086FB626A8F
:109D70001368591E1160606A002B59D043685A1C41
:109D800042601878A26A206053683146A3EB090349
:109D90005360684610F023FD6F460646C0F1070386
:109DA0001F44002E47DC21688D427FF4B6AE294661
:109DB0002046FFF7A5FB626A1368591E1160606AAE
:109DC000002B7CD043685A1C42601878A36A20603C
:109DD000D3E900122046023A013110F070FBC8F8B6
:109DE0000000F1E512F08AFB90E75E458CBF002190
:109DF000012120460A4A10F040FB384600F0EAF9FB
:109E0000360109F10109064492E700BFE903021097
:109E10002904021041040210FB0302101D04021069
:109E200007040210F21B021012F068FB07468EE7CF
:109E300012F064FBA6E7204617F8011FFFF760FB4E
:109E4000013EAEE7A26A5368013B5360626A136841
:109E5000591E1160606A93B143685A1C42601878B9
:109E6000414E20602368F218527817079BD50A2BC1
:109E700001D00D2B06D12046FFF764FBF2E712F06C
:109E80003DFBEDE7626A1368591E1160606A2BB1F1
:109E900043685A1C426018782060E3E712F02EFBFA
:109EA000FAE712F02BFB06468AE60726E7E60826C5
:109EB000E5E612F023FBEEE612F020FB2BE612F0B3
:109EC0001DFB83E72E212046FFF71AFB626A136809
:109ED000591E1160606A83B143685A1C4260187849
:109EE00020602E21204610F060FA48B12E21204635
:109EF00010F05BFA00F58C7583E512F0FFFAEFE7DE
:109F00002268194B13445B7899077FF57AAD414677
:109F1000204603B0BDE8F04FFFF76EBB3B2582E45F
:109F200012F0ECFA054694E4204610F017FA4FF4CC
:109F30009275C8F8000064E5626A1368591E1160E2
:109F4000606A2BB143685A1C42601878206058E55B
:109F500012F0D4FAFAE740F2211552E54FF48E756B
:109F60004FE540F21B154CE5F21B021070B50026C0
:109F70000C46CE600862049962622160012240F2C0
:109F800021116363C4E90122616104220F49E66182
:109F9000054602F091F805220D49A063284602F01B
:109FA0008BF806220B49E063284602F085F820640E
:109FB0008671A56A2023AA682968206A10F0EAFA47
:109FC00020222860A36A9A6070BD00BF240102109D
:109FD0005A0402101701021008B501490EF0E8FA00
:109FE000ED040210F8B51D680746DDE906C4954288
:109FF0001E4618DC04EBD473B5EB630F06DBA542F9
:10A0000008DB2346089A09490EF0D2FA6C00042CAA
:10A01000B8BF042438460CFB04F30CFB05F210F027
:10A02000B9FA014634600846F8BD00BF14050210B5
:10A030000C292CD8DFE801F0070C0F291512212B71
:10A040002B2B2B2B260070EE207AB0EE670A704780
:10A0500070EE607AF9E760EE207AF6E7C0EE207ADB
:10A06000F3E7F0EE007AF4EE670AF1EE10FA02D1AF
:10A0700060EE007AE9E7F6F70BBDC0EE207AFBFE52
:10A08000677AE2E7F1EE407ADFE712F00CBADFED33
:10A09000017ADAE70000000037B504460D4601A951
:10A0A00009F04EFD019B85ED000AA34208D0074C44
:10A0B0001A781846A11849780133090703D402B168
:10A0C000002003B030BD0193F2E700BFF21B021085
:10A0D00038B50B690546012B0C4610D0022B11D068
:10A0E000E2682846616801F0E7FFAA68106003791A
:10A0F00043F040031371AB680833AB6038BD0421F3
:10A100000EF095FB081D0DC8D21A022A05D8033B94
:10A1100006491844F6F74EFBE2E718440349F6F700
:10A1200049FBE3680333E360DAE700BFAB040210E6
:10A1300000230138FF2804D8034A105C1844C0B239
:10A1400070470833000AF5E7081D021008B50D4BEB
:10A15000984214D86421C0016330B0F5C86FB0FBD9
:10A16000F1F101D2C8B208BD481CFFF7E1FF431F5F
:10A17000D9401039043841EA0010C0B2F3E7FF209B
:10A18000F1E700BFFF0D060000F00F02000910B557
:10A190000F4C05D0B0F1080302F1100208D50138C8
:10A1A000A142C0F107030ADA02FB01F0184105E001
:10A1B0001C418C4209DD4A4302FA03F010BD41FA0A
:10A1C00003F0A04201DA5043F8E76FF00040F5E7F2
:10A1D00042082104054B03445B789B0756BF40F0BF
:10A1E000200030385738C0B2704700BFF21B021051
:10A1F0002DE9F047024604460D46DFF84481B4B02D
:10A200001178134608EB01004778013217F0080770
:10A21000F6D12D2929D1134601271A78302A43D1A6
:10A220005A7802F0DF02582A3ED14FF0010C00218B
:10A230009A1C16463078013208EB00035B78DB0687
:10A2400017D43378304608EB0302527801361207F0
:10A25000F7D4BCF1000F31D183BB07B149420323CE
:10A260002960001B2B71013045E02B2908BF1346E4
:10A27000D3E7FFF7AFFF09014FF0000C0144D8E727
:10A280007145A2F1300202D318D14A4516DC4FF0D5
:10A29000000C0AFB01211E463278013308EB020054
:10A2A00040788007ECD4CCE74FF0010C00214FF050
:10A2B0000A0ADFF890E007F10709ECE720461F499A
:10A2C00012F03AFC064620B1067846F020066E2EC3
:10A2D00010D0324669462046FFF7DEFE48BB2E21ED
:10A2E000204612F0E9FB074620B12046F6F76AFA4D
:10A2F000C82803D9002034B0BDE8F0870DF1040868
:10A3000021464046F6F756FA09F0ECFB03683F1B7E
:10A3100007F1D0021B780DEB020769463246404632
:10A3200007F8CC3CFFF7B8FE0028E3D0A0EB08000C
:10A330002044009B2B60132393E700BF2E050210DF
:10A34000F21B0210CCCCCC0CF0B52DED028B0379B6
:10A350000D46032B83B00AD10368402128461E4ACC
:10A3600003B0BDEC028BBDE8F04009F0BFBB90ED3F
:10A37000008A18EE100AF6F751F906460F46174AFA
:10A3800040212846CDE9006709F0B0FB00210446D2
:10A39000284609F0D5FBB4EE408AF1EE10FA07D05A
:10A3A00040212846CDE900670D4A09F09FFB04468D
:10A3B00028460C4912F0D1FB2B5C43B909F092FB03
:10A3C0000268631C12782A5530220234EA5420466F
:10A3D00003B0BDEC028BF0BD68EB01103405021038
:10A3E000390502103E050210F0B500231446DB22A9
:10A3F0000E46CDB0CDE9122315AF109011971493EE
:10A400002521304612F058FB054608BB3046F6F7CA
:10A41000D9F93146024610A810F02AF9109C3D499E
:10A42000204610AA0EF02FFA40B9A36853F8085C32
:10A4300095F90730002BB4BF2D6910351199B94239
:10A4400003D02046129A10F081F828464DB0F0BD96
:10A450003146AA1B10A810F00BF96B78642B35D08D
:10A4600012D8552B48D006D8252B4FD0492B2DD0AC
:10A470000222294626E0632BFAD154F8043B6946B0
:10A4800001228DF800301DE0702B2BD0732B0ED0E5
:10A49000662BEDD1073424F00704F4E80201F6F747
:10A4A00015F91323694600908DF8043015E01A4B16
:10A4B00054F8046B002E08BF1E463046F6F782F9AA
:10A4C0003146024610A810F0D3F809E054F8043BD6
:10A4D0006946009303238DF8043010A810F09DF90D
:10A4E000AE1C8DE740210D4A684654F8043B09F044
:10A4F000FDFA69460246E5E754F8041B684610F089
:10A500006EF9C0F1080102466944DBE70122044903
:10A51000D8E700BFD1A000104A05021062E3011085
:10A520005105021070B50B7805463D2B0E461446BA
:10A5300017D13C2A01F1010103D8BDE8704012F0A7
:10A5400096BA0346393651F8042BB14243F8042B2E
:10A55000F9D10A881A808A789A70002385F83B30EE
:10A5600070BD402B16D13C2A01D80131E5E7214BC3
:10A57000383C1A889B7821440280837001F13802AC
:10A58000C31C51F8040B914243F8040BF9D10A782B
:10A590001A70E5E70A21304612F08EFA164B2C2C81
:10A5A0001A682A605A681B7A6A602B7205F10903DF
:10A5B0000DD868B918462246314612F058FA0346BB
:10A5C00023440E4A1188927819809A70C8E700B126
:10A5D000841B2D2C28BF2D2431462246184612F00C
:10A5E00046FA034603490219088818538B7893707A
:10A5F000D31CE6E7AB040210530502105D05021000
:10A600000A4B00F07F015B5C4E29024603F02000FC
:10A6100006D120B102F47C12B2FA82F040097047F0
:10A620000028FCD002F47F02F6E700BF081E0210EB
:10A63000F0B5114B046B85B0C5690E46174647F659
:10A64000FF71626802931023CDE90031013204F1F9
:10A6500008032168006AFFF7C5FC636820605A1C84
:10A6600000EB031062604771C6606368E86A013BF3
:10A67000181A05B0F0BD00BF600502102DE9FF41BA
:10A680001F46164B4D689046029347F6FF72102303
:10A69000CDE900320C4606462A4601F10803006A5D
:10A6A0000968FFF79FFC2901206040F801802268BB
:10A6B00028460A449760F369B3F9362023680B44AF
:10A6C0009A81002223680B449A7323680A9A0B44E8
:10A6D0005A606B1C636004B0BDE8F081760502101F
:10A6E00010B50B780446093BC069092B37D8DFE861
:10A6F00003F01717361F053029303630236B4A68B0
:10A700001B6803EB0213DA684AB392F9073020465C
:10A71000002BB8BF12691249A8BF10320DF0CDF856
:10A72000B1F9061010F0AEF84379C3B1C268EBE797
:10A7300003684A68DB6B03EBC201897979B153F88E
:10A740003220E1E70268D37943F00203D3710E238C
:10A750000B70CB791BB103688A681B6BEFE710BDE8
:10A760008305021008B50446056AFEF777FE044922
:10A770000246284610F073F8014620460FF09BFE73
:10A78000AC0502102DE9F34104460E4617461D465E
:10A7900010F0BFF801281CD06368AB4203D13146EA
:10A7A0002046FFF7DFFF31462046D4F82080FEF731
:10A7B00055FE394606462046FEF750FE064903463A
:10A7C00032464046009510F04AF8014620460FF008
:10A7D00072FE02B0BDE8F081B80502102DE9F04F1D
:10A7E000D0E9027587B0B5F90C10044610F052F8A4
:10A7F0002B6806464BB1AB7B3BB1002302463621AA
:10A800002046CDE900330DF0CCF8A36884F8396018
:10A81000196BB5F90C60B4F936204B68921B9B1A82
:10A820004B60B4F936108E4241DBEB7B022B0ED12C
:10A83000396BF869D7F83C8001F118060DF0A1F8E2
:10A8400000230090424631463846FFF717FFD4F800
:10A8500008802046D8F83030B5F90C10039310F07A
:10A8600019F8D5F808900590039A6B68126991451C
:10A8700028DBD8F83020D3612A68002A40F0BE8057
:10A88000396BAB680869834280F2B880CA681801E6
:10A8900002EB031312589B6892F9071038460029FF
:10A8A000B8BF12695749A8BF10320DF006F8013938
:10A8B00009B22046E18610F001F80028B1D06369A2
:10A8C0008360AEE74FEA09120492039AD8F830A0E9
:10A8D000D2684FEA09115058DAF81C1002EB091639
:10A8E0008B422FDB4FF0000B95F80EC0BBF1000F31
:10A8F00071D00499DAF80C20D8F81C305618B6F943
:10A900000C00BBF90C10884229DA01461846039264
:10A910000FF0B8FFC368039AFBB193F90710002941
:10A92000B4BF1B69103304994046525892F907107E
:10A930000029B8BF12690093B3683349A8BF103229
:10A940000CF0BBFFDAF818C01A015CF802200CEB1F
:10A95000031B9042C8D00133C2E72C4BE3E7B27B24
:10A9600022B988421BDDBCF1000F18D018460493B1
:10A970000FF090FF049BD6F804C01A68C001526B18
:10A9800040F0360052F82C1002EB8C0251601A682D
:10A990007368526B42F82300736801337360DBF80D
:10A9A00004207168D8F81C000CF0EFFFCC46DAF8F0
:10A9B0001030013B9C4502DBCAF8103054E7DAF84E
:10A9C0000C6006EB0C1606F110030FCB0CF1010C1A
:10A9D00086E80F00EBE7BCF1000F09D02046B6F97E
:10A9E0000C100FF057FF059B83423CBF0123B3734C
:10A9F000B5F90C3009F10109B38135E7E26007B020
:10AA0000BDE8F08F0F060210DD05021056F00110B0
:10AA100038B50C463C2105460FF07BFFE8B12846CF
:10AA200010F014F890F907303E21002BB4BF0469F0
:10AA300000F1100428460FF098FF20460949F5F769
:10AA4000AFFE48B120460849F5F7AAFE38B12246C4
:10AA5000284606490CF031FF0124204638BD032466
:10AA6000FBE700BF3B060210D309021041060210AB
:10AA700010B50446FFF7CCFF012805D0032804D108
:10AA8000204602490CF019FF062010BD580602109E
:10AA90009142F7B5044615461E4615DD83681F6AC8
:10AAA00003689A6A72B1384608490FF0D8FE08491F
:10AAB00000902B46324638460FF0D1FE0146A06882
:10AAC0000FF0F9FC0348F2E703B0F0BD8E06021068
:10AAD000A2060210800602102DE9F043DFF8609014
:10AAE00090F83880066885B04B46FF2208F10101D6
:10AAF00004463746FFF7CCFF0823FF2257F80C5FC8
:10AB0000A068CDE90032CDF808903B464246F16B93
:10AB1000006AFFF767FA2B46F0630020F168F26BDA
:10AB2000994209DC94F83800431C02EBC00084F819
:10AB3000383005B0BDE8F08342F833000133EDE76B
:10AB4000570002102DE9F0414FF0FF360B23144659
:10AB5000C76986B0C2E90366137056600123804658
:10AB60000D46816B38460FF09CFF23780B2B0CD1E0
:10AB700095F907304046002BB8BF2B690C4A0D49A8
:10AB8000A8BF05F110030CF098FE214638460DF0E1
:10AB900099F907232146384601AACDE904668DF8C4
:10ABA000043002950DF06CFA06B0BDE8F08100BFEC
:10ABB00024010210C2060210F8B50C4606460FF03A
:10ABC00045FF4FF0FF3305460B22F0692946C4E9E3
:10ABD000033322706360224601230FF062FF237863
:10ABE0000B2B1ED16768BA1C0BD195F90730304684
:10ABF000002BB8BF2A690B49A8BF05F110020CF061
:10AC00005CFE224629463046FFF79CFF7B1C08D09D
:10AC1000336B1B6803EB07135B79062B04BF01231F
:10AC2000E371F8BDEC0602102DE9F04FC46987B05E
:10AC3000074620460E460FF0F0FF05468319DFF861
:10AC4000BCA00593059B9D4202D107B0BDE8F08FE3
:10AC5000B4F9361020464B1CE3860FF013FE013585
:10AC60006B1E8371266847F6FF7133464FF00C0B5D
:10AC700053F8202FD0F80C900492B4F93420CDE989
:10AC800000B1CDF808A08046B16C386AFFF7AAF988
:10AC9000049BB064316AB26C994228DCB4F9343058
:10ACA00003EB430342F82390B4F93430B26C03EB66
:10ACB0004303616902EB8302516073799B0609D5F6
:10ACC00099F8053013F0180F04D04A463146386A17
:10ACD0000FF068F9B4F9343029465A1CA286204690
:10ACE000A8F80830C8225346FFF7D2FEAAE7002092
:10ACF0000BFB03F101335050CCE700BF07070210F4
:10AD00002DE9F04F044645688FB0006A10F037FB1C
:10AD1000E3683B2B2ED06FF480721344232B00F298
:10AD20004C83232B00F24983DFE813F014038400E3
:10AD300047034703470347039300A5014203280342
:10AD400034004703D1014703470347035B01C102B6
:10AD50004703470347035600470347034703470397
:10AD60004703470347034703470374024703470367
:10AD70004703310320460FF0ADFBE56928460FF08D
:10AD80004CFF85F83900226AD36D013BD3650FB0C3
:10AD9000BDE8F08F4FF0FF33E6690893204608A91D
:10ADA00010F01DF9E368B3F5827FF7D040F203118C
:10ADB00020460FF0AEFD10B1204610F0FFF840F233
:10ADC00005112B4640F20B122046FFF7DBFC0899D9
:10ADD00030460CF0E2FDD0E7E66920460FF07AFB42
:10ADE00030460CF0CEFD804620460FF0A3FF012236
:10ADF000074608A930460FF073FD4FF481712046D5
:10AE00000FF0B3FD204610F0D9F83046FDF7D0F82A
:10AE10004246014630460CF0B8FD40F205112B4683
:10AE20004FF48B722046FFF7ADFC3046FFF7D6FC9F
:10AE30003946CDE720460FF04DFB204610F0BEF816
:10AE40002B464FF4817240F205112046FFF79AFC21
:10AE500093E7D4F81C90012203A948460FF040FD67
:10AE600020460FF037FB20460FF0F0FDD4F80C80A1
:10AE70000646B8F13D0F09D0B8F5867F59D0B8F134
:10AE80002C0F56D0C84920460FF015FBE7690B225E
:10AE9000C649204697F839A00FF011FB014620461D
:10AEA0000FF0D1FD0B22C14920460FF008FB0146EF
:10AEB00020460FF0C8FD012231462046FFF7B8FBBF
:10AEC000414620460FF051FD20460FF0F0FF2C21A7
:10AED00020460FF04AFD20460FF0E9FF2C212046C6
:10AEE0000FF017FDD0B120460FF0E1FF0221204600
:10AEF000FFF79AFE00232A4600930123514620467D
:10AF000000F056FF20462B4640F2071240F2051192
:10AF1000FFF738FC4846FFF761FC2EE7384697F804
:10AF2000391001220CF084FD012138460CF075FD2A
:10AF3000DCE7E7690B229D49204697F839A00FF01E
:10AF4000BEFA014620460FF07EFD0B2297492046AF
:10AF50000FF0B5FA014620460FF075FD0B2293491C
:10AF600020460FF0ACFA014620460FF06CFD01229E
:10AF700031462046FFF75CFB4FF004082C212046A9
:10AF80000FF0C7FC18BB4FF4867120460FF0EDFCA4
:10AF900008A92046D4F804B00FF02EFF012602467F
:10AFA00008AB0421E0690FF01FFD03212046FFF7E5
:10AFB0003BFEFB6802219E731E74384687F83B6097
:10AFC000FDF75AF85A460096A8F1030396E7204683
:10AFD0000FF03CFD014620460FF035FD08F1010859
:10AFE000CCE7E66930460CF0CCFC012203A9074609
:10AFF00030460FF075FC002208A90FF071FC2046C6
:10B000000FF068FA20460FF07EFE2B4640F2111238
:10B0100040F215112046FFF7B5FB20460FF08AFEDF
:10B0200005463046FFF7DAFB9DF82E30E3B1304697
:10B03000FCF7BEFF2946804630460CF0AEFCBDF959
:10B040002C1030460FF026FC002302463621CDE9B5
:10B05000003330460CF0A5FC3046FCF7A9FF414612
:10B06000054630460CF099FC30463A4629460CF02D
:10B070008CFC30464FE720460FF02CFA204603A9FF
:10B08000FFF79AFDE3682E2B1AD03A2B1DD12046EC
:10B0900003A90FF0E9FC0126204603A9FFF720FBD6
:10B0A0002B463246204608A900F0B8F9E06903A90A
:10B0B00008AA0CF025FF2946E0690DF09CF85CE633
:10B0C000204603A90FF0D0FCDCE70026E4E7204689
:10B0D0000FF000FA4FF4847120460FF01AFCE56976
:10B0E0000746C8B12046B5F936600FF0AFFC0146FF
:10B0F00020460FF0A8FC01212046FFF795FD63686C
:10B100000022204608A900F089F9314628460FF0B0
:10B11000D5FB6B69436030E601462046FFF778FCBB
:10B120004FF0FF38834620460FF090FC5946814689
:10B130002046FFF76DFC4946064602462046FFF7CB
:10B1400077FA032E81460BD1B8F1FF3F05D0204698
:10B1500017490CF0B2FB5746E5E7B5F93680B8441D
:10B160002C21204607F1010A0FF0D3FB0028F2D171
:10B170003D2120460FF0CDFB064688B1204608A9A8
:10B180000FF03AFE8245064614D05146E069324639
:10B1900008AB0FF029FC51462046FFF745FD22E0A1
:10B1A0008DF82000F1E700BF2307021017070210F7
:10B1B00038070210494628460FF064FB4379814660
:10B1C000012BE2D1024608A928460CF08DFB00288D
:10B1D000DBD00423394689F805302046FFF724FDEB
:10B1E000EB8E0133EB86B8F1FF3F3FF4C6AD012390
:10B1F000EA68414693731374284685F83B300FF094
:10B2000049FB0023024637212846CDE900330CF0E4
:10B21000C8FBB2E520460FF05DF920460FF016FCA2
:10B220004FF49071064620460FF09FFBE0683B28E4
:10B2300027D0B0F5907F24D0D4F81C90276BD9F894
:10B240003030D7F81CE073451FDB00210FF097FB6F
:10B25000804648460CF095FB2B460090324620462F
:10B2600007F11801FFF70AFAB8F1000F3FF485ADB6
:10B27000D9F80C30B3F90C20BB6903EB00139A81A9
:10B280007BE52046FFF73CFDD0E7B9691A018A58F3
:10B2900001EB031C964200F0B4800133D3E706F1C2
:10B2A00010022046DCF8083059490CF006FB204615
:10B2B0000FF010F9E66930460FF0AFFCD4F80C80BF
:10B2C0000746012140460FF05AFB054600283FD1B2
:10B2D000B8F13B0F17D0204608A90FF08DFD9DF85F
:10B2E00020300546153B012B27D84FF0FF32304662
:10B2F00008A9FCF7D5FE9DF82030152B01D1012DB2
:10B300000BD04FF0FF35394630462A46FCF796FE03
:10B310003B2120460FF0FDFA2FE5F3681B7C002B44
:10B32000EFD1336809995A6B52F8213023F07F032B
:10B3300043F0450342F82130E3E7012D304608A9E8
:10B3400003D10CF07BFD0746DDE70CF061FDDAE789
:10B350000025D8E7E369DB680BB92E4993E5DA7B72
:10B3600052B102222046DA730FF0B4F82A46E16B9C
:10B3700020460FF01BFB00E51B68EDE720460FF0B1
:10B38000A9F820460FF062FB2A460146F0E7226941
:10B39000236C9A4211D120460FF0B3F83C2807D015
:10B3A000B0F5927F04D02A2802D0B0F5847F04D172
:10B3B000294620460FF087FDDFE4204609A9E5690C
:10B3C00000F0F6FBE3683D2B01D02C2B07D10023C6
:10B3D0000122204608A9089300F056FCCDE49DF810
:10B3E0002430152B01D00C494DE52B680A995A6B76
:10B3F00052F8213023F07F4343F0807342F821302C
:10B40000BBE496F90730002BBFF649AF326948E735
:10B41000660702108C0702109F0702102DE9F04FFB
:10B42000D0E9079BD9F800609246F569D9F8242045
:10B430000446AA420F46984699B080F2C08058460A
:10B440000DF01CFED9F82430B26B591CC9F8241039
:10B4500042F8230073790546980600F1C880002061
:10B46000C5F828800DF12409D4E90736C4F81C90EA
:10B47000CDE90A34AB6ACDE91200CDE90F03CDE97D
:10B480001600236B11900E905A680C901492DB6991
:10B49000626B15936B7909959B06EA6407D553791E
:10B4A00013F0180F03D0294630460EF07BFD02231F
:10B4B00030462B7201F0DEF845220D90B36818601B
:10B4C0001A7130460DF05AFA484604A900220FF0CE
:10B4D00007FA282120460FF048FABAF1000F0CD0E5
:10B4E0000422594920460EF0EAFF014620460FF09B
:10B4F000AAFA01212046FFF797FBE368E669292BAA
:10B50000D6F800A000F09D804FF0000940F2191B12
:10B51000E3685B4576D0B3F5927F40F08E8020469D
:10B520000FF094FA014620460FF08DFA2C212046A8
:10B530000FF0EFF909F1010905460028E8D1494665
:10B540002046FFF771FBF38E8AF8063035B130469E
:10B550000FF0E9F901212046FFF766FB3046B6F906
:10B5600036100CF05AFA292120460FF0FEF9204639
:10B570000FF0C9FB6268099B2046DA6240F20511B0
:10B5800043464FF48472FFF7FDF8E36900225D68DB
:10B590004F216B6A2846013B0CF01FFA4FF0FF3336
:10B5A000C7E90333142339463B70786028460CF012
:10B5B0002FFC20460FF035FB19B0BDE8F08F234B70
:10B5C000234902930423CDE900315846B16B06F1BB
:10B5D0001C03FEF707FD2B460021B063F26993427E
:10B5E000BFF62DAFB26B42F823100133F6E76B794B
:10B5F00013F0180F3FF433AF2A46314658460EF089
:10B60000D1FC2CE720460EF065FFE368B3F5927F8E
:10B6100009D120460FF01AFA022201462046FFF710
:10B6200007F801258BE70E2220460A490EF047FF56
:10B63000014620460FF007FAF3E7204606490EF0D0
:10B640003AFF0025A9467AE7B6070210AC070210B8
:10B65000FFFF0100BB070210CA0702102DE9F047E7
:10B66000064688B0006A0C4617460FF088FEF3685D
:10B670007E2B54D00ADC232B6ED02D2B6ED07B2B4F
:10B6800011D12146304600F057F959E040F20F122F
:10B69000934265D0B3F58A7F6FD017DCB3F5847F12
:10B6A00000F0908007DCB3F5837F6CD021463046F4
:10B6B00000F07EFA44E0B3F5877FF7D14FF0FF3317
:10B6C000C4E9033301232370002354E040F2231222
:10B6D000934247D0B3F5927F14DA40F219129342A5
:10B6E00057D0B3F5917FE1D14FF0FF33C4E9033375
:10B6F00005232370002363603369636030460EF0D6
:10B70000E9FE1DE040F225129342CFD14FF0FF3306
:10B710003269C4E90333072362602370EEE7012531
:10B720003046D6F804800EF0D5FE0C222146304675
:10B73000FFF794FF434622462946F069FCF7FEFCDA
:10B74000F3687E2B00F0CC8000F385802F2B73DC18
:10B75000242B53DC152540E00325E1E70025DFE736
:10B760000225DDE74FF0FF33C4E9033306232370DE
:10B770000023636033696360C0E74FF0FF33C4E9BF
:10B78000033302239FE74FF0FF33C4E9033303235E
:10B7900099E7F0690368DA79920703D13046644982
:10B7A0000EF089FE012100229B79CDE90012502183
:10B7B0000CF0F7F84FF0FF33C4E903331623606051
:10B7C00023709BE730460EF085FE0022214630466E
:10B7D0007368FFF723FEB3E70A25DFF85891152DAC
:10B7E00004D019F81530BB4200F386802846326A2F
:10B7F000D36D013BD36508B0BDE8F087253B0A2B2C
:10B80000A8D801A252F823F0B9B80010C1B80010AE
:10B8100055B7001055B7001055B70010B5B8001057
:10B8200035B8001055B70010E9B8001055B7001032
:10B83000BDB800100025D0E75E2B57D006DC3C2BAE
:10B8400056D03E2B14BF15251125C6E77C2B14BFFF
:10B8500015250825C1E7B3F5807F4BD0A3F5887384
:10B860000F2B3FF677AF0F2B3FF674AF01A252F8C4
:10B8700023F000BFDDB8001055B7001055B7001019
:10B8800055B7001055B7001055B7001055B7001048
:10B89000E5B80010C9B8001055B70010D1B80010B5
:10B8A000D9B80010D5B80010CDB80010D9B7001025
:10B8B000C5B80010022590E703258EE705258CE723
:10B8C00007258AE70B2588E70C2586E7102584E7FE
:10B8D0000D2582E70F2580E712257EE714257CE7FA
:10B8E00009257AE7062578E7012576E7042574E738
:10B8F0000E2572E7132570E73046D6F804A00EF047
:10B90000E9FD29462246F0690CF00DFC09EB4503E0
:10B910005A7803A93046FFF7A1FE8046CDF800A073
:10B9200029462246F06903ABFCF786FC454656E7FC
:10B93000E3070210611E02102DE9F0470026C569D9
:10B940008CB00F4633463246D0F80490044613219B
:10B950002846CDE900660CF032F83146804628468C
:10B96000FCF700FB4FF0FF3A082295F8393001212F
:10B970007B6028463A70C7E903AACDE908660A96B3
:10B9800007970CF04AF87B212046CDE905AA8DF8EF
:10B99000086003960EF0E9FF95F83930C3F1FF0314
:10B9A0009F2B32DD0522B3FBF2F30B930026E368F5
:10B9B0007D2B4AD09DF80830A3B1284602A90CF08F
:10B9C00027FADDE90A3293428DF808600ADB07990D
:10B9D000099A284649680CF00DFDDDE90932134447
:10B9E000CDE90936E3685B2B14D0B3F5927F5AD1C9
:10B9F00020460EF086FD3D2802A920460CD00FF00F
:10BA000096F90A9B01330A9308E0502BB4BF012337
:10BA10000A23CAE7204602A90FF0B4F9DDE909318B
:10BA20000898194401446FF040422846264BFFF71E
:10BA30002FF82C2120460EF06CFF0028B7D13B21B7
:10BA400020460EF066FF0028B0D14B467B227D21B8
:10BA50002046FEF797FE0A9BD3B19DF80830A3F16C
:10BA60001502012A22D84FF0FF32284602A9FCF71E
:10BA700017FB07994FF0FF332846099A49680CF0E5
:10BA8000B9FC099B013B0993DDE909321344099391
:10BA9000089B414600932846099B7A680CF076FC87
:10BAA0000CB0BDE8F087204602A9A8E71BB12846E4
:10BAB00002A90CF0ADF9DDE9092307992846496888
:10BAC0000CF098FCE0E700BF0E0802102DE9F041F1
:10BAD000C36804467B2B0D46C669476888B04FD0C3
:10BAE00040F2251293424FD0282B59D10EF0F2FC90
:10BAF000E368292B34D100238DF80C303B462822F3
:10BB000029212046FEF73EFE9DF80C30D5F8048032
:10BB1000A3F11502012A08F1010444D91BB13046F2
:10BB200003A90CF075F996F839301B1B022200218D
:10BB30003046CDE900210133424644210BF031FF6C
:10BB40004FF0FF33C5E903331523686039463046AB
:10BB50002B700CF050FB86F8394008B0BDE8F0813E
:10BB6000204603A90FF048F99DF80C30153B012B36
:10BB7000C4D84FF0FF32304603A9FCF791FABDE775
:10BB800003A9FFF7D9FEBFE74FF0FF33CDE9063336
:10BB9000072302698DF80C3004920EF09BFCB3E78A
:10BBA00002490EF088FC4FF0FF33BFE72508021072
:10BBB0002DE9F041C7680446282F0D46C66986B0B6
:10BBC00005D0B7F5927F23D02E490EF074FCD0F843
:10BBD00004800EF07FFC294620460FF0A8F82921AA
:10BBE000204643463A46FEF7CDFD2946E0690BF074
:10BBF00068FF4FF0FF374FF00708E3683A2B2CD06F
:10BC000009DC282B11D02E2B14D006B0BDE8F08112
:10BC1000FEF7D2FFEDE75B2B11D05A2BF5DD7B2B26
:10BC200003D040F225129342EFD1294630460CF062
:10BC3000EFF822E0294620460EF016FFDDE7294600
:10BC400030460CF03FF9204601A90FF088F829464C
:10BC5000304601AA0CF014FACFE720460EF03AFC69
:10BC600020460EF0F3FE2946029001AA3046CDE9A7
:10BC700004778DF804800CF0BEF929462046FFF7C2
:10BC800025FFBAE7410802102DE9F0430B7905467C
:10BC9000093B092B0C46174689B002D943490EF0DF
:10BCA0000AFC01F104094946FEF71AFD2C21284639
:10BCB0000EF02FFE064600285BD0284603A902940A
:10BCC000FFF776FF9DF80C300E3B042B19D90023AB
:10BCD000D5F81C8098F8392024BB93B19DF80C301E
:10BCE0004046092B0CBF21460921CDE900440CBF79
:10BCF0009DF81030049B0BF054FE012140460BF0E0
:10BD00008CFE286A0FF03BFB7A1C284602A9FFF73D
:10BD1000BBFF2A6AD36D013BD3654946E8690EF043
:10BD200012FE40E02179A1F10E0004280DD810295F
:10BD30009DF80C000BD10C2807D1A07A04998842F9
:10BD400003D11223A272237133462468C4E7092861
:10BD5000FBD19DF8100094F80AC0844501D1334608
:10BD6000A2720E29F1D1B4F908108142EDD12281DD
:10BD7000EAE73D2128460EF0F8FD284602A90FF01B
:10BD80003BF8B842024605D03946E86902AB0EF0EE
:10BD90002BFEC2E7E86902A90BF06DFE4946E8698F
:10BDA00002AA0CF0ADF809B0BDE8F0839F070210BD
:10BDB0002DE9F0470F4688B04FF48171C46982467F
:10BDC00098461646DDF840900EF0CFFD314900232D
:10BDD0003A4611F8091020460BF0FFFD94F839306F
:10BDE0000022013B84F83930054603A920460EF0B5
:10BDF00077FD41465046FEF717FF414620460BF0BF
:10BE00000CFE50460FF0DAF82046FEF7E7FC20461D
:10BE10000BF0B7FD23685A6B6B1CC01AB0F5003FDE
:10BE200003DB1D49A0680EF046FB52F82530C3F332
:10BE30000E0343EAC03342F82530B9F1000F0BD0AE
:10BE400000234C213A462046CDE900830BF0A9FDA2
:10BE5000314620460CF0CFF9104900233A462046DF
:10BE600011F809100BF0B9FD2368451BB5F5003F2B
:10BE70005A6BD6DA52F820303146C3F30E0343EA48
:10BE8000C53342F8203020460CF0B5F908B0BDE8C3
:10BE9000F08700BF5F1E0210D90002105D1E021065
:10BEA00008B5B0F85C30C82B02D104490CF080FB17
:10BEB000DB2B01D9FDF7CAF808BD00BF53080210FB
:10BEC0002DE9F8430F46804691464FF453730822FC
:10BED00000213846C0470446002800F0878040F61D
:10BEE00008020823A0F8D4220122002580F83E3061
:10BEF000A0F8D62280F83F304FF480324FF4003360
:10BF000000F53476C0F82C23C0F82453C0E9BE6590
:10BF1000C0E9CE55C0E9C255C0E90087C0E9B155B6
:10BF2000C0E90755C0F8DC02C0F8E852C0F8E0529A
:10BF3000C0F83453C0F84053C0F8EC52C0F828534E
:10BF4000C0F830534664C0F8D052C0F834908561D0
:10BF500080F82850C0F88C5003644FF4537383600A
:10BF60000323C0E9195580F83030C0E91C55C0E9F9
:10BF70002055C0E91455C0E91755C0E90355C564FB
:10BF8000C5668567C56785648565C0F88850C562E4
:10BF9000FA20FEF7DBF884F83B00C820FEF7D6F85D
:10BFA00084F83C004FF4AF50FEF7D0F884F83D0021
:10BFB0001420FEF7CBF884F838004620FEF7C6F8C8
:10BFC00084F83A003220FEF7C1F82422294684F88A
:10BFD000390004F1F80010F057FD2A4630460549B3
:10BFE0000CF051FC18B130460FF069F900263046CC
:10BFF000BDE8F88303B2011070B58268044612F8F8
:10C00000043C0E4603F00F03042B22D152F8085CC7
:10C0100095F90730002BB4BF2D6910352046012259
:10C020000D490FF0FBF93146204601220FF0F6F9D9
:10C030002046012209490FF0F1F929462046012244
:10C040000FF0ECF92046BDE87040002204490FF0E3
:10C05000E5B9044DE2E700BF81080210B4EE01101B
:10C0600042E101106408021038B500224FF400715B
:10C07000C46805460EF0A5FA80220021A0610FF0E9
:10C08000D5F98023112223620A4928460FF042FA8B
:10C090000146C4F8900028460DF0C2FF2346D4F8AC
:10C0A000902004F5D471C3E9472208338B42FAD1BA
:10C0B00038BD00BF8B080210282A70B50E46144602
:10C0C00003D8BDE870400FF025BA084B9A4201D959
:10C0D000FDF782FF11460FF0C8FA054622463146A9
:10C0E000006910F0C4FC284670BD00BFE2FFFF7F6E
:10C0F00038B50C46154672B16FF00043D11CA3EB66
:10C10000C103A3424FEAC10209D2FDF765FF02F85D
:10C11000331001330EE0094B9942F6D81022072163
:10C1200022440DF09FFF002319468460C580C36040
:10C1300000F11C029D42EADC38BD00BFEFFFFF7F2B
:10C140002DE9FF41DDF8288007460D4616461C46BE
:10C1500083B9FE2369468DF800300FF072FA039B15
:10C160009DF80020DA71039BDE600398056104B03E
:10C17000BDE8F081FD236A4609498DF800300CF0D6
:10C1800082FB40B1294600234046721CA04704218F
:10C1900038460CF04CFB039BC3E90548DFE700BFC2
:10C1A00043B6011010B50C460FF0CBFA4379032BC0
:10C1B00002D1C368A34205D0836813B100EB03101A
:10C1C000F4E7014810BD00BF54DD011037B50B790D
:10C1D000054603F03F03013B152B63D8DFE803F06E
:10C1E00058620B3F626262626262626262626262B3
:10C1F0005A62114B6262096803B0BDE830400FF02B
:10C20000A0BA046991ED000A01A808F07DFFDFEDF6
:10C210002D7A9FED2D7A20EE270AB4EEC70AF1EEB3
:10C2200010FA1ADBB4EEE70AF1EE10FA15D5FDEEBE
:10C23000C07A17EE903A019A134483EAE37301221D
:10C24000E9798A40013A42F00102B3FBF2F102FBC4
:10C25000113304EB031003B030BD0023EFE74FF0C0
:10C26000FF32C3799A400B689B6823EA020328696E
:10C2700000EB0310EFE7046908680FF010F94FF0C6
:10C28000FF33EA79934020EA030004EB0010E2E771
:10C290000069E0E74FF0FF33C2799340DB4303F0DE
:10C2A0000103E4E70123C27900699340013B0A6876
:10C2B00043F00103B2FBF3F103FB112200EB021088
:10C2C000C9E700BF0000004F000000CF70B50D4669
:10C2D0001646FFF77BFF04462B796279934219D00B
:10C2E000442A0BD1542B04D1E16828680FF0BEF822
:10C2F000E0B9A36883B304EB0314EDE7002EF8D094
:10C300000B2AF6D15906F4D52B68E2689A1A5342E3
:10C3100053411EE0112B09D00AD8022BF4D005D9C5
:10C32000032BF1D12A68E3689A42E2D1204670BD1E
:10C33000162BE9D0542BD7D0132BE5D195ED007AED
:10C34000D4ED037AB4EE677AF1EE10FA0CBF012354
:10C350000023002BCDD0E9E70048E8E754DD0110C9
:10C36000F8B514461279074612F00F030D468E6891
:10C3700011D0032A0BD0012221462846FFF7A6FF41
:10C380000379202B11D1384621490CF011F923688B
:10C390005A1E9642EFD9B3420DD30121EA799B1B75
:10C3A0009140994221D800201CE02B69C01A731CCF
:10C3B00003EB2013EFE7EA681A4411795A1C11F0D5
:10C3C0000F0F10D022600322C3F17F53227121731B
:10C3D00003F57F13EA6803F57F533F3352F82330A8
:10C3E000A3600120F8BD1346D5E728691E0100EBC4
:10C3F000031217793F0708D0D3682360537923715C
:10C400008359A36013792373EBE70133C9E700BFB6
:10C410009D0802102DE9F04FB2F1333F81460C46E2
:10C42000174618468D688FB003D948468F490CF0DF
:10C43000BFF8002B00F0B180FDF77AFE1E280646FB
:10C44000F3DC4FF0010B0BFA00FBBBF1805FECDA81
:10C450004FF0100802284FF0000208FA00F800F32D
:10C460009180414648460EF0ACF882460022534681
:10C470001146102001325A4599605971187103F123
:10C480001003F7DB0023BD42019340F2A280236931
:10C490004FF0030B0293A37994F8078003F0400256
:10C4A0000392019A23F040031A436FF00303E671ED
:10C4B000C4F810A0A2717E1C05F1010AB24571D129
:10C4C000A379D4F810A003F040020192029A23F05D
:10C4D00040032261039AE6791A4384F80780A27127
:10C4E000002F40F08F80E168AA00A1EB8501002DAC
:10C4F00000F086802A44043248460EF027F84FF0B8
:10C500000008A279E37902F040010291019922F03A
:10C5100040021143D4F810B0C4E90278E671C4F8BF
:10C5200010A0A171B8F1000F02D07A08C8F800205D
:10C530001021AF4200F2958001275D4600269F4002
:10C540002A7912070BD0EA68204607926A7907A970
:10C550008DF820202A4601930FF0ADF9019B01369A
:10C56000B74205F11005EBD1029A484607A98DF8AC
:10C5700022208DF82330CDF82CB00FF070F90FB0D9
:10C58000BDE8F08F484608F104010EF01AF800F1FA
:10C59000040A0AEB0803036068E71E46DFF8D0A030
:10C5A000402370E7E2689119C97808070FD08DF829
:10C5B000201003FB06F152582046079205A907AA4E
:10C5C00005968DF818B00FF0DAF86FF00303013616
:10C5D00074E785D1D4F80C80B8F1000F91D1002D0B
:10C5E0008FD0019B484607A98DF822308DF8236033
:10C5F000CDF82CA00FF033F9042148460CF017F9C0
:10C600002A4679E7002207EB8703043311464846A0
:10C610004FEA870803930DF0A4FF0028E1D080447F
:10C62000002D3FF46EAFBD42284628BF3846E36870
:10C6300005EB850B0293039B0BF1040BBD422CBF52
:10C640001A465A46029BA3EB8001A8EB800010F02B
:10C650000EFA029BA9005A464846591A0DF076FF79
:10C660004FE7E2682A441171013562E7B30802100E
:10C670005CDD01101C22052108B50DF0F3FC002241
:10C680000349C0E9022201617F214261C18008BDE6
:10C690005CDD01104FF0FF32C37900699A408B686E
:10C6A00023EA020300EB03104379442B02D1C36851
:10C6B0008B4203D08368002BF4D10148704700BF40
:10C6C00054DD011073B50B79064603F03F03042BCC
:10C6D0000C4615461AD008D863B3032B24D0002289
:10C6E00021463046FFF7F2FD13E0132BF7D100216E
:10C6F00094ED000A01A800F0DBFD0028EFD02A46E7
:10C70000304601990FF0EEF902B070BD0968FFF7ED
:10C71000C1FF03791B071FBF03682B6003792B71CF
:10C72000007900F03F00EFE7096802B0BDE8704013
:10C730000FF0D8B90048ECE754DD01102DE9F041C5
:10C740002DED028B84B00C9C0546012C0F469046C3
:10C750001E4648D113791A0702D132490BF028FF3F
:10C76000132B1ED198ED008A0021B0EE480A01A8D3
:10C7700000F09EFD68B1019B0DF1080802930323B0
:10C780008DF80C3033464246394628460FF0AAF859
:10C7900024E0B4EE488AF1EE10FAF3D0284622499C
:10C7A000DCE7542BEED1D8F8001091F907300133B3
:10C7B000E8D00EF0BEFFAB68394603F10802AA606C
:10C7C00018600279284642F040021A71AA6833467E
:10C7D000083A0FF087F8AB68083BAB6004B0BDECDB
:10C7E000028BBDE8F081002C0BDD04F180540B6955
:10C7F000033C31682201995003EB0414337923710F
:10C80000ECE7E4431A79CB682344C4F17F541A71EE
:10C8100004F57F14CB68326804F57F543F3443F845
:10C820002420DBE7C2080210D5080210F8B5044640
:10C8300000250B4F57F8041B2046E6680EF03DFF1D
:10C8400005F1240206EB82067060E368204603EBE4
:10C850008203596801350DF0E3FB192DEAD1F8BDCB
:10C860006CDD011038B50B790C46452B16D10B68E1
:10C870005D69C5B110490EF020FF01462846FFF75B
:10C8800009FF037903F00F03042B0CD1006890F922
:10C890000730002BB4BF0069103038BD472B02D1E0
:10C8A0000B68DD68E5E72379044A03F00F030133E1
:10C8B00052F82300F1E700BF73FF0110D0DD011033
:10C8C000F7B59DF82070064600970C4615460FF008
:10C8D00085FB01301CD1112F03D80C2F03D80D4B31
:10C8E00011E0132FFBD1237903F00F03032B09D1A0
:10C8F0002B7903F00F03032B04D12A46214630463F
:10C90000FCF7A2FA044B2A46214630460BF085FE7E
:10C9100003B0F0BD05090210E80802102DE9F04F40
:10C9200092F806A083686FEA0A060F680AF1010B05
:10C93000A3EB0709D37904469B070D4685B006EBA8
:10C94000E9064FEACB0849D5FFF794FE4522A368D4
:10C95000014618601A71A368324608338146A36005
:10C9600020460123FFF756FD374920460EF0A5FE6D
:10C970000379009043F040038DF8043003236A46A6
:10C980008DF80C304946204602AB029607EBCA07E9
:10C990000FF0BEF94FF0000A564507F1080714DC06
:10C9A000E368DB68002B02DC20460DF0DBFBA368AC
:10C9B0002A6853F8081C904442F83B1013F8043CD2
:10C9C00088F8043005B0BDE8F08F0AF1010A3B4653
:10C9D0005246494620460FF0AFF9DDE78E61117AE5
:10C9E0004369826801319B1AB1EBE30F02DB01223C
:10C9F000FCF754FBA368002003F10802A2602A6838
:10CA00001168196012791A710122924509DA6A686F
:10CA10002B684A446A6000224B442B6043441A71DD
:10CA2000D0E7A36803F10801A160296801EBC20601
:10CA300051F832101960317919712B6803EBC20378
:10CA400018710132E1E700BFE80902102DE9F74350
:10CA500098460A9B0746002B8946154604DB0A6860
:10CA6000013352F8336066BB0026D9F81840B8F19C
:10CA7000000F38DA7B69BA689B1AB4EBE30F08DB66
:10CA8000BB69012221463846ED1AFCF707FBBB695A
:10CA90001D4405EBC403BB60A046274646B3A94628
:10CAA0000024BC422ADA01344A46214630460FF0BF
:10CAB00019F810F00F0008BF89F8040009F10809FF
:10CAC000EFE71B490EF0F9FD6A46014630460FF0CC
:10CAD00029F8032803D1009CB4F1804FC7D338460E
:10CAE00014490BF065FDA0454746A8BF2746D5E78A
:10CAF0006FF007035C432A1DBE4208DB002327EAD0
:10CB0000E7770435B8450EDC03B0BDE8F083D9F80B
:10CB1000003019191B59083445F836300B7902F8E2
:10CB200036300136E8E705F837300137EAE700BF6D
:10CB3000E80902101B090210044608B50B4682687A
:10CB4000034900680DF08BFE032120680BF06FFE97
:10CB5000050A021008B504460B46006803490DF0AB
:10CB60007EFE01462046FFF7E7FF00BF200A0210C5
:10CB700010B5426804461368591E1160406843B1FD
:10CB800043685A1C426018782369C0B2013323619C
:10CB900010BD0FF0B3FC431CF6D120460149FFF74E
:10CBA000CBFF00BF2F0A02106FF00043994270B50F
:10CBB00005460CBF6FF07F466FF07E460024284686
:10CBC000FFF7D6FFB44203D928460549FFF7B4FF63
:10CBD00000F07F0343EAC4140306F0D4204670BD7E
:10CBE0003F0A021038B504460D4640680FF0D2FCEB
:10CBF00023692B44236118B920460249FFF79CFFA3
:10CC000038BD00BF500A021038B5044640681546CA
:10CC10000FF0A2FC18B120460349FFF78DFF2369EE
:10CC20002B44236138BD00BF2F0A02102DE9F043C9
:10CC30000E468FB06FF00041054691460768FFF73A
:10CC4000B3FF804618BB4FF0FF312846FFF7ACFF1B
:10CC50000146C8B1E86803AA0EF044FF00F00F00D7
:10CC6000042803D028463849FFF766FF039AC9F81D
:10CC700000207379980607D5537913F0180F03D065
:10CC8000314638460DF08EF90FB0BDE8F083441EF2
:10CC9000282C32D8024603A92846FFF7B5FF2246C2
:10CCA000384603A9FFF708FAC9F80000737904466B
:10CCB000990608D5437913F0180F04D0024631467F
:10CCC00038460DF06FF96A69039401326A6123797D
:10CCD000E96843F040038DF81030384603AB0FF09D
:10CCE0002BF8E9684B799B06CED5637913F0180FC2
:10CCF000CAD038460DF07AF9C6E72B7E5BB1014603
:10CD00002846FFF76FFF002301462246384600936E
:10CD1000FFF716FAC8E7214638460EF0A6FCC9F818
:10CD20000000737904469A0608D5437913F0180F6A
:10CD300004D00246314638460DF034F942462846C2
:10CD40002169FFF761FFBEE7670A021038B50446A4
:10CD50000D46FFF70DFF042804D02A46204602495D
:10CD6000FFF7F8FE38BD00BF2DE901102DE9F04FA7
:10CD700085B00C4605460FF0F5F9A06228460FF085
:10CD8000F1F9E0622846FFF7F3FEA0712846FFF7AD
:10CD9000EFFE20F00403E3712B7E13B140F004009A
:10CDA000E0712846FFF7E4FE207228460FF0DAF91A
:10CDB0002B69064603F00303C3F104021BB12846A6
:10CDC00003A9FFF721FF2A7EB700002A00F0AA80FE
:10CDD00039462846FFF706FF6661606328460FF074
:10CDE000C1F907467B1CB3F1005F286880F09F8083
:10CDF000F90000220DF0E5FB0023194620632761AE
:10CE00009F4200F3A1800026B14604F14C03019338
:10CE1000B74200F39F8028460FF0A4F90646731C22
:10CE2000B3F1005F286880F082800022F1000DF0ED
:10CE3000C8FB00231A46E063E6609E4200F3DA80F6
:10CE40000027BE4200F3DB8028460FF08BF9064630
:10CE5000731CB3F1804F286869D20022B1000DF035
:10CE6000B0FB00231A46A063E6619E4200F3E28015
:10CE70000027BE4200F3E380214604F14C0228461D
:10CE8000FFF7D4FE28460FF06DF92A7E06460146CC
:10CE9000002A00F0F3802846FFF7A4FEA661206474
:10CEA00028460FF05FF9061E14DD2B6903F003031B
:10CEB000C3F104021BB1284603A9FFF7A5FE2A7E91
:10CEC000F700002A00F0E58039462846FFF78AFE81
:10CED0006662606428460FF045F90646894B721C6D
:10CEE0009A42286823D80C27002207FB06F10DF090
:10CEF00068FB00231A46A06426629E4200F3DA8093
:10CF000000274FF00C09BE4200F3DA8028460FF0EC
:10CF100029F920B10026E768B74200F3EA8005B09E
:10CF2000BDE8F08F731CB3F1804F286801D3FDF783
:10CF300053F839460DF045FB3A4601466063666199
:10CF40002846FFF761FE49E7226B02EBC30211712D
:10CF5000013355E7D4F8308028464FEAC60B08EB7A
:10CF6000C60AFFF705FE142842D8DFE800F00B0FD1
:10CF7000411F2C4141414141414141414141411306
:10CF800041152C008AF80490013641E701228AF805
:10CF90000420F9E71122FAE70422284603A9FFF743
:10CFA00033FE039ACAF800201322F0E74FF0FF3156
:10CFB0002846FFF7F9FD40F3000282EA500248F8E4
:10CFC00036200322E3E7019A21462846FFF72EFE8A
:10CFD000E26C1AB94C492846FFF7AEFD48F80B2021
:10CFE000127942F040028AF80420C4F84C90CBE752
:10CFF0004649F0E7E16B41F8332001331DE7E36B6D
:10D00000284603EBC708FFF7B3FD88F80400E36B7D
:10D010004FEAC709284603EB0908FFF7A9FD88F87E
:10D020000500E36B28469944FFF7A2FD013789F814
:10D03000060006E7A16B41F82320013315E72868B5
:10D04000D4F838900CF01AF849F8270063794FEAC1
:10D0500087089B060AD5A36B53F82720537913F052
:10D06000180F03D0214628680CF09CFFA36B2846BC
:10D0700053F80810FFF77AFE0137FAE628680DF03A
:10D08000A0FA324601462064A6612846FFF7BCFD9F
:10D0900006E7731CB3F1005F2868BFF448AF394658
:10D0A0000DF08FFA3A460146606466622846FFF743
:10D0B000ABFD0FE707FB03F1A06C013342501CE707
:10D0C00009FB07F8A26C214642442846FFF7AEFD53
:10D0D000A36C284603EB080A0FF044F8CAF80400D2
:10D0E000A36C284698440FF03DF80137C8F80800B3
:10D0F00009E7E26B214602EBC6022846FFF796FDE0
:10D10000013609E7555555157C0A02109B0A021095
:10D1100070B50446107888B0402801D03D2815D15C
:10D1200001328DF81C300123CDE9014103925149B0
:10D13000514A01A805930FF019F801A8FFF718FD4F
:10D14000552808D04D4901A8FFF7F6FC4C4D1B2887
:10D1500008BF2A46E5E701A8FFF70AFD064608B121
:10D160004849F0E7484A494901A80EF0FFFF4849FD
:10D1700001A8FFF7EBFD042269460DEB0200FFF763
:10D1800043FD009D434B9D4204D0414A424901A8C2
:10D19000FFF7E0FC414901A8FFF7D8FD04226946EA
:10D1A0000DEB0200FFF730FD3D4B009A9A4201D093
:10D1B0003A4AEBE73B4901A8FFF7C8FD042269465C
:10D1C0000DEB0200FFF720FD009BAB4201D0354A7A
:10D1D000DCE7354901A8FFF7B9FD042269460DEBEC
:10D1E0000200FFF711FDDFED317A9DED007AB4EE1C
:10D1F000677AF1EE10FA01D02B4AC7E701A8FFF7D2
:10D20000B7FC014620460BF04CFE4622A3680546BB
:10D2100018601A7120460BF0B1FB2046FFF72AFA7E
:10D220004522A3680490069618601A7120460BF0F8
:10D23000A5FB20460BF022FF6B7902469B06E860B7
:10D2400007D5437913F0180F03D0294620460CF078
:10D25000A9FEE96801A8FFF789FDEB68AA79DB68F8
:10D260009A4201D008496EE72846A368083BA360AC
:10D2700008B070BDCE0A0210BA0A0210D20A02101B
:10D28000AC0A0210E30A0210F30A0210030B0210A8
:10D290000A0B021088A9FFFF0E0B021056EC0110BA
:10D2A00078563412150B0210210B02100040B9C33E
:10D2B00003460846FBFE407AB4EE670AF1EE10FA28
:10D2C00006D0D1B1022904BFB7EE007A77EE877A93
:10D2D0009FED0A7AF4EEC77AF1EE10FA0CDB9FEDBF
:10D2E000087AF4EEC77AF1EE10FA05D5FDEEE77A8A
:10D2F0000120C3ED007A704700207047000000CF86
:10D300000000004F2DE9FF410B790646032B0C4628
:10D3100001F1080858D10B7D032B55D10D690F6819
:10D32000002D03D1304652490BF042F9B4BF02221E
:10D330000122404602A90FF0A4F870BB237B132BF7
:10D3400015D1A3680393DDED037AF5EEC07AF1EE13
:10D3500010FA17DD002D08DB6FF000430293029BEB
:10D360009F42D4BF00230123D3B1012029E04046CE
:10D3700003A90EF0AEFF0128E5D041463D4A3046F4
:10D38000FBF754FD002DF0DC4FF000430293029BAD
:10D390009F42ACBF00230123E6E7002DF7DDDEE767
:10D3A000029B002DCDBFDB1BFB1A6A42B3FBF5F3DA
:10D3B000D8BFB3FBF2F323600323A5602373276177
:10D3C000002004B0BDE8F081237B132B2FD1A3688C
:10D3D0000293237D132B31D1236903932379132BDC
:10D3E00037D123680193DDED037AF5EE407AF1EE53
:10D3F00010FA97D0F5EEC07ADDED016A9DED027A64
:10D40000F1EE10FAB4EEE67A2CDDF1EE10FA4CBF34
:10D4100001230023002BA8D1132384ED007AC4ED4F
:10D42000027AC4ED046A237123732375C8E740466A
:10D4300002A90EF04EFF0128CBD09EE704F11005A3
:10D44000284603A90EF045FF0128C7D029460A4AFD
:10D4500095E7204601A90EF03CFF0128C3D02146E4
:10D46000064A8CE7F1EE10FACCBF01230023D1E786
:10D470002C0B02103F0B0210450B02104A0B02103E
:10D480002DE9F0470E4690461F464FF4FA690546CF
:10D490009DF8200030280FD10022314628460EF09A
:10D4A0002AFD037904461A0719D1314628461C4A39
:10D4B000FBF79AFC2646EDE73368586918B9002057
:10D4C0003871BDE8F087817911F00101F7D1EB687F
:10D4D000D3F894200EF0FEFC04460028EFD0237908
:10D4E00003F00F02062A08D1434632462146284659
:10D4F0000897BDE8F0470EF041BD452B0DD13A46E7
:10D5000041462068FFF7DEF80307DAD1B9F10109D7
:10D51000D0D1284603490BF04BF83020F6E700BF86
:10D52000760A0210580B02102DE9F74F0446884680
:10D5300092461E464FF4FA6B0C9F022F4FD0D8F83C
:10D540000090D9F81400F8B94522A36849461A7129
:10D55000C3F80090A36852460833A36020463346C0
:10D560000097FFF7EBF8A368083BA36099F8063033
:10D5700023F03F0389F8063033795F061FD403B0E8
:10D58000BDE8F08FA846D8E783799D07DCD4E3682F
:10D590000121D3F898200EF09DFC05460028D3D039
:10D5A0002B7903F00F02062A27D15346424629461B
:10D5B00020460C9603B0BDE8F04F0EF0BCBC99F8C5
:10D5C00005309806DBD533685B7913F0180FD6D099
:10D5D0004946204603B0BDE8F04F0CF007BD414678
:10D5E000012220460EF087FC037905461907D7D1A2
:10D5F00041462046104AFBF7F7FB452B13D1324634
:10D60000514628680EF04BFB074668B933795A0635
:10D61000B5D529684B799B06B1D533685B7913F092
:10D62000180FACD0D5E70227BBF1010BAAD12046D9
:10D6300002490AF0BDFF00BF760A0210800B0210FB
:10D640007FB514460B7912790D465A4012F00F013E
:10D6500006460AD1920603F03F0328D0132B16D0BA
:10D6600006D8032B06D0042B1AD0002004B070BDBE
:10D67000142BF9E794ED000A03A8FFF719FE002820
:10D68000F4D02868039BC41A60426041EEE795ED30
:10D69000000A03A8FFF70CFE0028E7D02068F1E796
:10D6A0002168286804B0BDE870400DF0DFBE162B7D
:10D6B00000F2888001A252F823F000BFCBD70010FF
:10D6C000CBD70010C5D70010C5D70010C5D70010A4
:10D6D00095D70010C5D7001031D70010C5D700105E
:10D6E000C5D70010C5D70010C5D70010C5D700108A
:10D6F000C5D70010C5D70010C5D70010C5D700107A
:10D70000CBD70010C5D7001019D70010A1D6001034
:10D71000C5D70010C5D7001095ED007AD4ED007A7A
:10D72000B4EE677AF1EE10FA0CBF012000209DE7FD
:10D730002B682268934248D0002896D0D86870B9E8
:10D740002368D868002890D083799B068DD4F3682D
:10D750000521D3F8A8200EF0BDFB58B985E78379E1
:10D760009906EDD4F3680521D3F8A8200EF0B2FB9A
:10D770000028E5D0B368014600932A462346304688
:10D780000EF0FCFB01283FF470AF10F00F0018BF43
:10D7900001206BE72B682268934216D000283FF4E3
:10D7A00064AF586910B923685869CBE783799A0642
:10D7B000F9D4F3680521D3F8A8200EF08BFB0028DC
:10D7C000D8D1F0E7286823685DE701204EE700BF65
:10D7D0002DE9F0470129054689468AB03AD04F4ED7
:10D7E000AC6814F80C3C03F00F03033B012B21D869
:10D7F00014F8043C03F00F03042B06D0032B19D1BB
:10D800002846A4F108010DF016F814F8041C54F889
:10D81000082C442914F80C3C1FD192F90700E0B9F8
:10D8200003F00F03032B08D12846A4F110010DF0DB
:10D8300002F802E028460EF0F5FB02277B1EA9EB5A
:10D840000309AB68C7F1010703EBC703B9F1010F87
:10D85000AB60C5DC0AB0BDE8F087442B0BD154F8AF
:10D86000103C93F9073033B954F8083C04F80C1C09
:10D8700044F8103CE1E7012792F90780A4F1100A6F
:10D88000B8F1000FB8BFD2F80C80B94522DD9AF884
:10D89000043003F00F03042B05D0032B1AD151469B
:10D8A00028460CF0C8FFDAF80020AAF1080A92F91D
:10D8B0000730002BB8BFD368A6EB08029A4206D8FF
:10D8C000A4EBC90428461649AC600AF071FE9844DE
:10D8D0000137DAE7B8F1280F14D86A4639462046EE
:10D8E0000EF091FC424669462846FEF7E5FB80466D
:10D8F000A4EBC704C4F8008098F8043043F0400358
:10D9000023719BE7414628460DF0AFFE394680461D
:10D91000026920460EF077FCEAE700BFE3FFFF7FD5
:10D92000AB0B0210F7B51379064603F03F03052B46
:10D930000D46144610D0142B32D0042B2BD0214688
:10D9400004220EF0D8FA037901461B071CD12146A8
:10D950003046154AFBF748FA1768786940B93946E6
:10D9600030460EF014FA286003232B7103B0F0BD8B
:10D970008379DA06F3D4F3680421D3F8A4200EF0F7
:10D98000A9FA01460028EAD02346224630460095EF
:10D990000EF0F4FAEAE7136893F907302B60E3E737
:10D9A0001368DB68FAE700BFC20B021008B5531C0E
:10D9B000012B05D812B908490AF0FAFD484208BD02
:10D9C00092EA010F91FBF2F0F9D502FB1011002948
:10D9D000F5D00138F3E700BFD00B021008B5531C97
:10D9E000012B03D862B907490AF0E2FD91FBF2F37B
:10D9F00002FB131018B192EA000F00D5104408BDC5
:10DA00000020FCE7EA0B02102DE9F04F83460F4699
:10DA1000DFF81CAC91B0DBF870803B683D691B6897
:10DA20000493DB681B6B0393B8F1000F03D05846D7
:10DA30000AF0FEFD80463E680836B8F1000F06D0B9
:10DA4000294658460AF00CFE80463E68083655F8CE
:10DA5000044B04F07F035AF8233043F001031847C6
:10DA600038460746D7E7C4F3C713C4F3074456F84C
:10DA7000340006EBC40146F8330006EBC3020B7911
:10DA80001371B8F1000F06D0294658460AF0E8FD98
:10DA900080463E68083655F8044B04F07F035AF878
:10DAA0002330DAE7C4F3C713E40BA4F57F44FF3C4B
:10DAB00006EBC30246F8334003231371B8F1000F9D
:10DAC00006D0294658460AF0CBFD80463E68083607
:10DAD00055F8044B04F07F035AF82330BDE7C4F334
:10DAE000C713E40BA4F57F44FF3C07EE904A1322D2
:10DAF000F8EEE77A06EBC303C3ED007A1A71B8F1CA
:10DB0000000F06D0294658460AF0AAFD80463E6816
:10DB1000083655F8044B04F07F035AF823309CE78D
:10DB20000398C4F3C713E40B50F83400039946F884
:10DB3000330001EBC40106EBC3020B791371B8F19A
:10DB4000000F06D0294658460AF08AFD80463E68F6
:10DB5000083655F8044B04F07F035AF823307CE76D
:10DB600055F8043B03990398DB0901EBC30150F816
:10DB70003330C4F3C71446F834300B7906EBC402D3
:10DB80001371B8F1000F06D0294658460AF068FD17
:10DB900080463E68083655F8044B04F07F035AF877
:10DBA00023305AE70123C4F3C71406EBC4042371DE
:10DBB000B8F1000F06D0294658460AF051FD8046BC
:10DBC0003E68083655F8044B04F07F035AF82330BA
:10DBD00043E70123C4F3C71406EBC40423710435DF
:10DBE000B8F1000F06D0294658460AF039FD8046A4
:10DBF0003E68083655F8044B04F07F035AF823308A
:10DC00002BE71123C4F3C71406EBC4042371B8F146
:10DC1000000F06D0294658460AF022FD80463E688D
:10DC2000083655F8044B04F07F035AF8233014E704
:10DC30000022C4F3C71306EBC303C4F30744013C3B
:10DC400003F1080303F8042CF9D2B8F1000F06D051
:10DC5000294658460AF004FD80463E68083655F8C5
:10DC6000044B04F07F035AF82330F6E6C4F3C712DE
:10DC7000049BC4F30744043453F8243006EBC20178
:10DC80009B68186846F832001B790B71B8F1000FD9
:10DC900006D0294658460AF0E3FC80463E6808361E
:10DCA00055F8044B04F07F035AF82330D5E6C4F34B
:10DCB000C7130499C4F30744043451F8241056F8E8
:10DCC00033008C6806EBC302206012795006227183
:10DCD0000BD54A79920608D556F83320537913F0BC
:10DCE000180F02D058460CF05DF9B8F1000F06D0BD
:10DCF000294658460AF0B4FC80463E68083655F876
:10DD0000044B04F07F035AF82330A6E60499C4F3C9
:10DD10000742043251F82220C4F3C713D2F8089006
:10DD2000039A240E02EBC4020592039A06EBC30386
:10DD300052F8341099F80420452A25D11A46D9F80A
:10DD4000000006930DF0EEFE04070CD1069B7A68E6
:10DD50003D614946CBF808200090059A5846FFF7E8
:10DD60008FFBD7F81480B8F1000F06D0294658462B
:10DD70000AF076FC80463E68083655F8044B04F0FD
:10DD80007F035AF8233068E63020E0E7C4F3C71376
:10DD9000C4F30749240E06EBC404227906EBC3033F
:10DDA00006EBC909032A059399F8043040D1452BA5
:10DDB00047D1D9F80000216883684A1E934232D9BE
:10DDC000C3680B44DB7819070FD00599C2F17F5265
:10DDD0000B7102F57F12C16802F57F523F3251F894
:10DDE000222005990A601A070CD17A683D614946DC
:10DDF000CBF80820584600932246059BFFF740FBCE
:10DE0000D7F81480B8F1000F06D0294658460AF01A
:10DE100027FC80463E68083655F8044B04F07F0323
:10DE20005AF8233019E6059A0DF05CFE0346DAE74E
:10DE3000452B06D12146059AD9F80000FEF742FC91
:10DE4000F4E73023D1E7C4F3074306EBC3010591A0
:10DE50000979C4F3C712452906EBC2094FEA1464D5
:10DE600043D156F83300611E83688B4224D9C368BE
:10DE70002344DB7813F00F0F25D0C1F17F5189F8CF
:10DE8000043001F57F11C36801F57F513F3153F82C
:10DE9000213046F83230B8F1000F06D029465846F6
:10DEA0000AF0DEFB80463E68083655F8044B04F065
:10DEB0007F035AF82330D0E54A4621460DF012FE82
:10DEC00002070346E7D103220E948DF83C207A68BE
:10DED0003D615846CBF80820059900930EAA4B46A1
:10DEE000FFF7CEFAD7F81480D5E73023EBE7039A93
:10DEF000C4F3C713C4F30740240E02EBC402059217
:10DF0000039A06EBC00952F8341099F8042006EB86
:10DF1000C303452A25D11A4656F8300006930DF062
:10DF200001FE04070CD1069B7A683D614946CBF897
:10DF300008200090059A5846FFF7A2FAD7F81480F7
:10DF4000B8F1000F06D0294658460AF089FB8046F2
:10DF50003E68083655F8044B04F07F035AF8233026
:10DF60007BE53020E0E7C4F3C713049A043352F88A
:10DF70002330C4F30742D3F80890039B210403EB3A
:10DF8000C20348BF039905934FEA14634FEAC303E2
:10DF90004CBFCC18F418039B53F8321099F8043096
:10DFA000452B26D12246D9F800000DF01CFE08BBF7
:10DFB00023795B060CD5D9F800104B79980607D564
:10DFC00023685B7913F0180F02D058460CF00EF856
:10DFD000B8F1000F06D0294658460AF041FB8046AA
:10DFE0003E68083655F8044B04F07F035AF8233096
:10DFF00033E502207B683D614946CBF80830059A3D
:10E00000009023465846FFF78FFAD7F81480DFE7D1
:10E01000C4F30743210406EBC30348BF039A0593E7
:10E020004FEA14634FEAC303C4F3C71948BFD418B7
:10E03000059A58BFF418127906EBC909032A99F812
:10E0400004305FD1452B66D1059BD9F800001968D3
:10E05000836801F1FF3E73454ED9D0F814C0C26801
:10E06000CB1CBCF1000F09D09CF806C01CF0020FBD
:10E0700004D112F803C01CF00F0F2ED02179CEF17D
:10E080007F5ED1540EF57F1EC36822680EF57F5E59
:10E090000EF13F0E43F82E2023795A060CD5D9F8FD
:10E0A00000104B799B0607D523685B7913F0180F96
:10E0B00002D058460BF09AFFB8F1000F06D029465F
:10E0C00058460AF0CDFA80463E68083655F8044BAB
:10E0D00004F07F035AF82330BFE448427B683D6177
:10E0E0004946CBF80830059A009023465846FFF77A
:10E0F0001BFAD7F81480DFE722460DF041FD002817
:10E10000CAD0EBE7452B06D122460599D9F8000085
:10E110000DF0C5FDF3E70220E0E7C4F3C7192004C2
:10E1200006EBC90348BF039A05934FEA14634FEA0D
:10E13000C303C4F307494CBFD418F418059B1B79DB
:10E14000452B5CD1059B09F1FF3C1868836863454A
:10E150004ED94169C26809F1030329B18979890758
:10E1600002D4D15C09072ED02179CCF17F5CD15447
:10E170000CF57F1CC36822680CF57F5C0CF13F0C2A
:10E1800043F82C2023795B060CD5059B19684B7945
:10E19000980607D523685B7913F0180F02D058460C
:10E1A0000BF024FFB8F1000F06D0294658460AF0BC
:10E1B00057FA80463E68083655F8044B04F07F0352
:10E1C0005AF8233049E4C9F100000323CDF8389010
:10E1D0008DF83C307B683D610599CBF808300EAA7C
:10E1E000009023465846FFF79FF9D7F81480D9E7E7
:10E1F000224649460DF0C4FC0028C3D0E5E70220C2
:10E20000E3E7039BC4F30742210403EBC20348BFC7
:10E21000039905934FEA14634FEAC303C4F3C71984
:10E220004CBFCC18F418039B06EBC90953F8321005
:10E2300099F80430452B27D12246D9F800000DF07B
:10E24000D2FC10BB23795B060CD5D9F800104B79B2
:10E25000980607D523685B7913F0180F02D058464B
:10E260000BF0C4FEB8F1000F06D0294658460AF05C
:10E27000F7F980463E68083655F8044B04F07F03F2
:10E280005AF82330FFF7E9BB02207B683D6149461D
:10E29000CBF80830059A009023465846FFF744F91A
:10E2A000D7F81480DEE7A20D14F47C1F059218BF86
:10E2B0000122C4F3054918BF09F1FF39C4F3C7139C
:10E2C00018BF02FA09F9220406EBC30305D52A6830
:10E2D0000599D20901EB8222059203F10804584600
:10E2E000CBF808400693FEF7C5F94522069B014688
:10E2F00018601A71059B043559EA030304D04B4694
:10E300005846059AFEF786F8DBF80C30DB68002BE0
:10E3100007DC3D615846CBF808400BF023FFD7F8E7
:10E320001480B8F1000F06D0294658460AF098F933
:10E3300080463E68083655F8044B04F07F035AF8CF
:10E340002330FFF78ABB039AC4F30740C4F3C71313
:10E35000240E02EBC4020592039A06EBC30352F8A3
:10E36000341056F8302006EBC0099A6099F8042062
:10E37000452A1A7326D11A4656F8300006930DF036
:10E38000D1FB03070CD1069B7A683D614946CBF867
:10E3900008200090059A5846FFF772F8D7F81480C5
:10E3A000B8F1000F06D0294658460AF059F98046C0
:10E3B0003E68083655F8044B04F07F035AF82330C2
:10E3C000FFF74BBB3020DFE7C4F3074C06EBCC0173
:10E3D0000B79C4F3C710032B4FEA146406EBC00299
:10E3E000A4F17F0405F1040E18D156F83C10214425
:10E3F00046F8301075461371B8F1000F06D0294663
:10E4000058460AF02DF980463E68083655F8044B08
:10E4100004F07F035AF82330FFF71FBB132BEBD117
:10E4200007EE904A91ED007AF8EEE77A77EE277AD8
:10E43000C2ED007ADEE7C4F3074E06EBCE0319798E
:10E44000039A4FEA146C032902EBCC0005F1040295
:10E4500022D1017956F83E30032931D1039DC4F30E
:10E46000C71455F83C5006EBC4002B4446F8343032
:10E4700001711546B8F1000F06D0294658460AF03A
:10E48000EFF880463E68083655F8044B04F07F03E9
:10E490005AF82330FFF7E1BA1329EBD193ED007A54
:10E4A0000379132B11D1D0ED007A77EE877A1323FD
:10E4B000C4F3C71406EBC404C4ED007A2371D8E793
:10E4C00007EE903AB8EEE77AEAE7032BD2D1039B46
:10E4D00003EBCC03D3ED007AF8EEE77AE5E7C4F37B
:10E4E000074E06EBCE031979039A4FEA146C032901
:10E4F00002EBCC0005F1040222D1017956F83E303E
:10E50000032931D1039DC4F3C71455F83C5006EBE1
:10E51000C4005B1B46F8343001711546B8F1000F9A
:10E5200006D0294658460AF09BF880463E680836D1
:10E5300055F8044B04F07F035AF82330FFF78DBAE7
:10E540001329EBD1D3ED007A0379132B11D190ED80
:10E55000007A77EEC77A1323C4F3C71406EBC4041A
:10E56000C4ED007A2371D8E707EE903AF8EEE77A27
:10E57000EAE7032BD2D1039B03EBCC0393ED007AA4
:10E58000B8EEC77AE5E7C4F3074E06EBCE03197978
:10E59000039A4FEA146C032902EBCC0005F1040244
:10E5A00022D1017956F83E30032931D1039DC4F3BD
:10E5B000C71455F83C5006EBC4006B4346F83430A2
:10E5C00001711546B8F1000F06D0294658460AF0E9
:10E5D00047F880463E68083655F8044B04F07F0340
:10E5E0005AF82330FFF739BA1329EBD193ED007AAB
:10E5F0000379132B11D1D0ED007A67EE877A1323BC
:10E60000C4F3C71406EBC404C4ED007A2371D8E741
:10E6100007EE903AB8EEE77AEAE7032BD2D1039BF4
:10E6200003EBCC03D3ED007AF8EEE77AE5E700BF21
:10E6300000DE01107B683D61CBF80830C4F307436E
:10E6400006EBC30393F804C00399220E281DBCF106
:10E65000030F01EBC201059026D191F80490B9F1A6
:10E66000030F37D10399584651F832201968FFF744
:10E67000B5F9C4F3C71406EBC40546F8340085F8B1
:10E680000490059DB8F1000F06D02946584609F0C0
:10E69000E7FF80463E68083655F8044B04F07F03D8
:10E6A0005AF82330FFF7D9B9BCF1130FEAD193ED33
:10E6B000000A0B79132B12D1D1ED000A58460DF048
:10E6C000F2FE1323C4F3C71406EBC40484ED000A5E
:10E6D0002371D6E793ED000AB8EEC00AE9E7032BF1
:10E6E000D0D1039B03EBC203D3ED000AF8EEE00A9E
:10E6F000E4E7C4F3074206EBC2000179230E1329B5
:10E700002ED190ED000A039A02EBC3010A79132A75
:10E710002FD1D1ED000AF0EE007AF4EE670AF1EEA7
:10E7200010FAC4F3C71406EBC40405F104052AD19A
:10E7300020EE000A132384ED000A2371B8F1000FC4
:10E7400006D02946584609F08BFF80463E680836B9
:10E7500055F8044B04F07F035AF82330FFF77DB9D6
:10E760000329EBD106EBC20292ED000AB8EEC00A13
:10E77000C9E7032AE2D1039A02EBC303D3ED000AEF
:10E78000F8EEE00AC7E7F2F783F9D3E7C4F30742EC
:10E7900006EBC2000179230E132926D190ED007AF1
:10E7A000039A02EBC3010A79132A27D1D1ED007A2B
:10E7B000C7EE276AC4F3C71406EBC4041323C4EDE1
:10E7C000006A04352371B8F1000F06D02946584677
:10E7D00009F046FF80463E68083655F8044B04F0C1
:10E7E0007F035AF82330FFF738B90329EBD106EB42
:10E7F000C20292ED007AB8EEC77AD1E7032AE2D1DD
:10E80000039A02EBC303D3ED007AF8EEE77ACFE781
:10E810007B683D61CBF80830C4F3074306EBC303C4
:10E8200093F804C00399220E281DBCF1030F01EBDD
:10E83000C201059026D191F80490B9F1030F38D1A7
:10E840000399584651F832201968FFF7AFF8C4F31E
:10E85000C71406EBC40546F8340085F80490059DFE
:10E86000B8F1000F06D02946584609F0F9FE804657
:10E870003E68083655F8044B04F07F035AF82330FD
:10E88000FFF7EBB8BCF1130FEAD193ED007A0B79E7
:10E89000132B13D1D1ED007AC4F3C714C7EE276A46
:10E8A00006EBC404FBFE667A1323C4ED007A2371E1
:10E8B000D5E793ED007AB8EEC77AE8E7032BCFD11E
:10E8C000039B03EBC203D3ED007AF8EEE77AE3E7AC
:10E8D0000399C4F30743220E06EBC30051F83290AC
:10E8E0000279032A0FD156F833300E930E9BC4F3EE
:10E8F000C71403EA090346F83430032306EBC402C5
:10E900000435137105E000220EA90DF0A9FD0028C1
:10E91000ECD1B8F1000F06D02946584609F0A0FE08
:10E9200080463E68083655F8044B04F07F035AF8D9
:10E930002330FFF792B80399C4F30743220E06EB86
:10E94000C30051F832900279032A0FD156F83330C0
:10E950000E930E9BC4F3C71443EA090346F8343000
:10E96000032306EBC4020435137105E000220EA94F
:10E970000DF076FD0028ECD1B8F1000F06D0294645
:10E98000584609F06DFE80463E68083655F8044B3F
:10E9900004F07F035AF82330FFF75FB80399C4F3FC
:10E9A0000743220E06EBC30051F832900279032A86
:10E9B0000FD156F833300E930E9BC4F3C71483EA7D
:10E9C000090346F83430032306EBC40204351371FF
:10E9D00005E000220EA90DF043FD0028ECD1B8F1AE
:10E9E000000F06D02946584609F03AFE80463E6898
:10E9F000083655F8044B04F07F035AF82330FFF72C
:10EA00002CB8C4F3074306EBC3000279C4F3C7195B
:10EA1000032A4FEA146406EBC909A4F17F040DD15F
:10EA200056F833300A9320460A990DF059FD032316
:10EA30000435C9F8000089F8043005E000220AA96D
:10EA40000DF00EFD0028EED1B8F1000F06D02946DA
:10EA5000584609F005FE80463E68083655F8044BD6
:10EA600004F07F035AF82330FEF7F7BFC4F30743DF
:10EA700006EBC3000279C4F3C719032A06EBC909E0
:10EA80004FEA14640ED156F833300B930B98C4F14F
:10EA90007F010DF025FD03230435C9F8000089F836
:10EAA000043005E000220BA90DF0DAFC0028EDD1BE
:10EAB000B8F1000F06D02946584609F0D1FD80462E
:10EAC0003E68083655F8044B04F07F035AF82330AB
:10EAD000FEF7C3BFC4F3074006EBC00319794FEA42
:10EAE000146C032906EBCC0C05F1040222D19CF82E
:10EAF000041056F83030032931D1DCF80050C4F34B
:10EB0000C71406EBC4002B4446F834300171154697
:10EB1000B8F1000F06D02946584609F0A1FD8046FD
:10EB20003E68083655F8044B04F07F035AF823304A
:10EB3000FEF793BF1329EBD193ED007A9CF80430D4
:10EB4000132B11D1DCED007A77EE877A1323C4F30F
:10EB5000C71406EBC404C4ED007A2371D7E707EEAF
:10EB6000903AB8EEE77AE9E7032BD1D1DCED007AF1
:10EB7000F8EEE77AE8E7C4F3074006EBC00319793B
:10EB80004FEA146C032906EBCC0C05F1040222D1E8
:10EB90009CF8041056F83030032931D1DCF80050CD
:10EBA000C4F3C71406EBC4005B1B46F83430017194
:10EBB0001546B8F1000F06D02946584609F050FD19
:10EBC00080463E68083655F8044B04F07F035AF837
:10EBD0002330FEF742BF1329EBD1D3ED007A9CF826
:10EBE0000430132B11D19CED007A77EEC77A1323F2
:10EBF000C4F3C71406EBC404C4ED007A2371D7E74D
:10EC000007EE903AF8EEE77AE9E7032BD1D19CEDD5
:10EC1000007AB8EEC77AE8E7C4F3074006EBC00312
:10EC200019794FEA146C032906EBCC0C05F10402A8
:10EC300022D19CF8041056F83030032931D1DCF889
:10EC40000050C4F3C7146B4306EBC40046F83430DD
:10EC500001711546B8F1000F06D02946584609F053
:10EC6000FFFC80463E68083655F8044B04F07F03ED
:10EC70005AF82330FEF7F1BE1329EBD193ED007A59
:10EC80009CF80430132B11D1DCED007A67EE877A03
:10EC90001323C4F3C71406EBC404C4ED007A237134
:10ECA000D7E707EE903AB8EEE77AE9E7032BD1D140
:10ECB000DCED007AF8EEE77AE8E77B68C4F3074119
:10ECC0003D6106EBC101CBF808300A79230E281DFF
:10ECD000032A06EBC303059024D193F80490B9F1FD
:10ECE000030F34D11A6809685846FEF777FEC4F35B
:10ECF000C71406EBC40546F8340085F80490059D5A
:10ED0000B8F1000F06D02946584609F0A9FC804604
:10ED10003E68083655F8044B04F07F035AF8233058
:10ED2000FEF79BBE132AEBD191ED000A1A79132A44
:10ED300012D1D3ED000A58460DF0B5FB1323C4F3EE
:10ED4000C71406EBC40484ED000A2371D7E791EDE4
:10ED5000000AB8EEC00AE9E7032AD1D1D3ED000AD0
:10ED6000F8EEE00AE7E7C4F3074206EBC2000179D8
:10ED7000230E132906EBC3032BD190ED000A1A7959
:10ED8000132A2FD1D3ED000AF0EE007AF4EE670AD1
:10ED9000F1EE10FAC4F3C71406EBC40405F1040540
:10EDA00027D120EE000A132384ED000A2371B8F165
:10EDB000000F06D02946584609F052FC80463E68AE
:10EDC000083655F8044B04F07F035AF82330FEF759
:10EDD00044BE0329EBD106EBC20292ED000AB8EE65
:10EDE000C00ACCE7032AE2D1D3ED000AF8EEE00A2C
:10EDF000CAE7F1F74DFED6E7C4F3074206EBC200BF
:10EE00000179230E132906EBC30323D190ED007A79
:10EE10001A79132A27D1D3ED007AC7EE276AC4F3F3
:10EE2000C71406EBC4041323C4ED006A0435237130
:10EE3000B8F1000F06D02946584609F011FC80466B
:10EE40003E68083655F8044B04F07F035AF8233027
:10EE5000FEF703BE0329EBD106EBC20292ED007A66
:10EE6000B8EEC77AD4E7032AE2D1D3ED007AF8EE00
:10EE7000E77AD2E77B68C4F307413D6106EBC10145
:10EE8000CBF808300A79230E281D032A06EBC303AA
:10EE9000059024D193F80490B9F1030F35D11A6885
:10EEA00009685846FEF782FDC4F3C71406EBC40593
:10EEB00046F8340085F80490059DB8F1000F06D09F
:10EEC0002946584609F0CCFB80463E68083655F87E
:10EED000044B04F07F035AF82330FEF7BEBD132A1B
:10EEE000EBD191ED007A1A79132A13D1D3ED007A80
:10EEF000C4F3C714C7EE276A06EBC404FBFE667AA8
:10EF00001323C4ED007A2371D6E791ED007AB8EEB1
:10EF1000C77AE8E7032AD0D1D3ED007AF8EEE77A92
:10EF2000E6E7C4F3074306EBC30002794FEA14692E
:10EF3000032A06EBC90916D156F833300C9399F819
:10EF40000430032B27D1D9F800300E930E990C9B77
:10EF5000C4F3C7140B4046F83430032306EBC40255
:10EF60000435137105E000220CA90DF079FA002890
:10EF7000E5D1B8F1000F06D02946584609F070FBDC
:10EF800080463E68083655F8044B04F07F035AF873
:10EF90002330FEF762BD002248460EA90DF060FA4C
:10EFA0000028E6D0D2E7C4F3074306EBC30002799A
:10EFB0004FEA1469032A06EBC90916D156F8333013
:10EFC0000C9399F80430032B27D1D9F800300E9315
:10EFD0000E990C9BC4F3C7140B4346F8343003233B
:10EFE00006EBC4020435137105E000220CA90DF0F4
:10EFF00037FA0028E5D1B8F1000F06D02946584667
:10F0000009F02EFB80463E68083655F8044B04F0A4
:10F010007F035AF82330FEF720BD002248460EA990
:10F020000DF01EFA0028E6D0D2E7C4F3074306EB42
:10F03000C30002794FEA1469032A06EBC90916D105
:10F0400056F833300C9399F80430032B27D1D9F8B4
:10F0500000300E930E990C9BC4F3C7144B4046F836
:10F060003430032306EBC4020435137105E000229B
:10F070000CA90DF0F5F90028E5D1B8F1000F06D084
:10F080002946584609F0ECFA80463E68083655F89D
:10F09000044B04F07F035AF82330FEF7DEBC002255
:10F0A00048460EA90DF0DCF90028E6D0D2E7C4F3FB
:10F0B000074306EBC30002794FEA1469032A06EB03
:10F0C000C90917D156F833300C9399F80430032B43
:10F0D00028D1D9F800300E930E990C980DF000FA53
:10F0E0000322C4F3C71406EBC40346F83400043506
:10F0F0001A7105E000220CA90DF0B2F90028E4D144
:10F10000B8F1000F06D02946584609F0A9FA804602
:10F110003E68083655F8044B04F07F035AF8233054
:10F12000FEF79BBC002248460EA90DF099F9002875
:10F13000E6D0D1E7C4F3074306EBC30002794FEAF8
:10F140001469032A06EBC90918D156F833300C9319
:10F1500099F80430032B29D1D9F800300E930E9979
:10F160000C9849420DF0BCF90322C4F3C71406EB16
:10F17000C40346F8340004351A7105E000220CA9D6
:10F180000DF06EF90028E3D1B8F1000F06D0294642
:10F19000584609F065FA80463E68083655F8044B33
:10F1A00004F07F035AF82330FEF757BC002248468C
:10F1B0000EA90DF055F90028E6D0D0E755F8083C27
:10F1C0007A683D61C4F3C711CBF80820C3F3C713B5
:10F1D000C4F30742240E5846009406EBC30306EB23
:10F1E000C20206EBC101FDF76BFBD7F81480B8F142
:10F1F000000F06D02946584609F032FA80463E688C
:10F20000083655F8044B04F07F035AF82330FEF714
:10F2100024BC55F8083C7A68C3F3C7133D6106EB7C
:10F22000C303CBF80820200EC4F30742C4F3C71170
:10F23000CDE900307F3A5846C4F3C03306EBC10134
:10F240000CF013FFD7F81480B8F1000F06D0294650
:10F25000584609F005FA80463E68083655F8044BD2
:10F2600004F07F035AF82330FEF7F7BB55F8083C4B
:10F270007A68C3F3C71306EBC303200E3D61CBF8D6
:10F280000820CDE900300398C4F30742C4F3C71146
:10F2900000EBC202C4F3C033584606EBC1010CF0C8
:10F2A000D7FED7F81480B8F1000F06D0294658468B
:10F2B00009F0D6F980463E68083655F8044B04F04C
:10F2C0007F035AF82330FEF7C8BBC4F3C710C4F35A
:10F2D000074406EBC402117906EBC003032917D1DA
:10F2E00056F83420524246F830201971B8F1000F18
:10F2F00006D02946584609F0B3F980463E680836DC
:10F3000055F8044B04F07F035AF82330FEF7A5BBF1
:10F31000132906D1D2ED007AF1EE677AC3ED007AB7
:10F32000E3E779683D61CBF8081012215846009157
:10F330001146FDF7C5FAD7F81480D7E7C4F3C71311
:10F34000C4F3074406EBC30906EBC40305931B791A
:10F35000032B1BD156F834300D930D9BDB43C9F8BA
:10F360000030032389F80430B8F1000F06D0294695
:10F37000584609F075F980463E68083655F8044B42
:10F3800004F07F035AF82330FEF767BB002205988C
:10F390000DA90DF065F80028DFD17B683D61CBF841
:10F3A00008301323059A009311464B465846FDF743
:10F3B00087FAD7F81480D7E7C4F3C713C4F3074418
:10F3C00006EBC404227906EBC303012A17D012F01E
:10F3D0000F0F0CBF112201221A71B8F1000F06D0D5
:10F3E0002946584609F03CF980463E68083655F8EB
:10F3F000044B04F07F035AF82330FEF72EBB112292
:10F40000EAE77B68C4F30742C4F3C7113D6158467D
:10F41000CBF8083006EBC20206EBC101FEF782FA18
:10F42000D7F81480B8F1000F06D02946584609F0E5
:10F4300017F980463E68083655F8044B04F07F0300
:10F440005AF82330FEF709BBC4F30741C4F3C714CD
:10F4500006EBC40404EBC104CBF8084058463D61F8
:10F46000FEF7B6F9DBF80C30D7F81480DB68002B18
:10F4700005DC58463D610AF075FED7F81480B8F1F6
:10F48000000F06D02946584609F0EAF880463E6843
:10F49000083655F8044B04F07F035AF82330FEF782
:10F4A000DCBA7B68C4F3C7113D610022CBF8083099
:10F4B0005846012306EBC10109F080FDD7F81480FE
:10F4C000B8F1000F06D02946584609F0C9F8804621
:10F4D0003E68083655F8044B04F07F035AF8233091
:10F4E000FEF7BBBA7B68C4F3C7113D615846CBF841
:10F4F000083006EBC101F9F79FFEB8F1000F06D006
:10F500002946584609F0ACF880463E68083655F85A
:10F51000044B04F07F035AF82330FEF79EBAE1094A
:10F5200001F17F41D7F81480013105EB8105B8F175
:10F53000000F06D02946584609F092F880463E68EA
:10F54000083655F8044B04F07F035AF82330FEF7D1
:10F5500084BA7B68C4F30742C4F3C7113D615846BF
:10F56000CBF8083006EBC20206EBC101FEF768F8E3
:10F57000C4F3C034844208BF2C68D7F8148001BF9C
:10F58000E40904F17F44D7F81480023414BF043531
:10F5900005EB8405B8F1000F06D02946584609F05E
:10F5A0005FF880463E68083655F8044B04F07F0348
:10F5B0005AF82330FEF751BAC4F3C71006EBC00067
:10F5C0000379C4F30742032B06EBC20229D1137956
:10F5D000032B2AD1006813689842ACBF0020012099
:10F5E000C4F3C034844201BF2C68D7F81480E40906
:10F5F00004F17F440ABF0234043505EB8405B8F1F9
:10F60000000F06D02946584609F02AF880463E6881
:10F61000083655F8044B04F07F035AF82330FEF700
:10F620001CBA03F00F03032B08D1137903F00F0367
:10F63000032B03D111460CF069FED1E77B6801462C
:10F640003D615846CBF808300CF014FED7F8148012
:10F65000C6E7C4F3C71006EBC0000379C4F3074242
:10F66000032B06EBC20229D11379032B2AD10068A0
:10F6700013689842CCBF00200120C4F3C0348442F8
:10F6800001BF2C68D7F81480E40904F17F440ABF55
:10F690000234043505EB8405B8F1000F06D0294685
:10F6A000584608F0DDFF80463E68083655F8044BA2
:10F6B00004F07F035AF82330FEF7CFB903F00F03AD
:10F6C000032B08D1137903F00F03032B03D1114649
:10F6D0000CF06CFED1E77B6801463D615846CBF8E3
:10F6E00008300CF0ACFDD7F81480C6E7039BC4F3D8
:10F6F0000742C4F3C711002003EBC20206EBC101AD
:10F70000FDF79EFFC4F3C034844201BF2C68D7F8D4
:10F710001480E40904F17F440ABF0234043505EB88
:10F720008405B8F1000F06D02946584608F098FF26
:10F7300080463E68083655F8044B04F07F035AF8BB
:10F740002330FEF78AB9C4F3C71006EBC002117963
:10F75000C4F307430329A3F17F0328D156F83020CF
:10F76000A2EB030CDCF1000343EB0C03C4F3C03445
:10F770009C4201BF2C68D7F81480E40904F17F444F
:10F780000ABF0234043505EB8405B8F1000F06D03A
:10F790002946584608F064FF80463E68083655F80A
:10F7A000044B04F07F035AF82330FEF756B91329AF
:10F7B0000DD107EE903A92ED007AF8EEE77AB4EECA
:10F7C000677AF1EE10FA0CBF01230023CEE7002385
:10F7D000CCE7C4F3C71006EBC0010B79C4F30742B2
:10F7E000032BA2F17F0226D156F830009042ACBF25
:10F7F00000200120C4F3C034844201BF2C68D7F834
:10F800001480E40904F17F440ABF0234043505EB97
:10F810008405B8F1000F06D02946584608F020FFAD
:10F8200080463E68083655F8044B04F07F035AF8CA
:10F830002330FEF712B9132B0DD107EE902A91ED6C
:10F84000007AF8EEE77AB4EEE77AF1EE10FA4CBF00
:10F8500001200020CEE77B683D61CBF808301423FF
:10F860000193230E0093584600230CF027FCD7F891
:10F870001480BFE7C4F3C71006EBC0010B79C4F3D3
:10F880000742032BA2F17F0226D156F830009042A6
:10F89000CCBF00200120C4F3C034844201BF2C68D7
:10F8A000D7F81480E40904F17F440ABF0234043518
:10F8B00005EB8405B8F1000F06D02946584608F03C
:10F8C000CFFE80463E68083655F8044B04F07F03AF
:10F8D0005AF82330FEF7C1B8132B0DD107EE902A4A
:10F8E00091ED007AF8EEE77AB4EEE77AF1EE10FAED
:10F8F00094BF01200020CEE77B683D61CBF8083043
:10F9000015230193230E0093584600230CF0D6FBD9
:10F91000D7F81480BFE7C4F3C71006EBC0010B791A
:10F92000C4F30742032BA2F17F0226D156F8300020
:10F930009042D4BF00200120C4F3C034844201BFF0
:10F940002C68D7F81480E40904F17F440ABF02341C
:10F95000043505EB8405B8F1000F06D0294658465A
:10F9600008F07EFE80463E68083655F8044B04F0E9
:10F970007F035AF82330FEF770B8132B0DD107EE32
:10F98000902A91ED007AF8EEE77AB4EEE77AF1EE9C
:10F9900010FACCBF01200020CEE77B683D61CBF898
:10F9A000083014230193230E0093584601230CF0D2
:10F9B00085FBD7F81480BFE7C4F3C71006EBC0017E
:10F9C0000B79C4F30742032BA2F17F0226D156F82C
:10F9D00030009042B4BF00200120C4F3C034844200
:10F9E00001BF2C68D7F81480E40904F17F440ABFF2
:10F9F0000234043505EB8405B8F1000F06D0294622
:10FA0000584608F02DFE80463E68083655F8044BEF
:10FA100004F07F035AF82330FEF71FB8132B0DD1E3
:10FA200007EE902A91ED007AF8EEE77AB4EEE77AE5
:10FA3000F1EE10FAACBF01200020CEE77B683D61FB
:10FA4000CBF8083015230193230E00935846012369
:10FA50000CF034FBD7F81480BFE7C4F3C71306EBF0
:10FA6000C3031B79012B24D013F00F0318BF01230C
:10FA7000C4F3C0349C4201BF2C68D7F81480E40959
:10FA800004F17F440ABF0234043505EB8405B8F164
:10FA9000000F06D02946584608F0E2FD80463E6831
:10FAA000083655F8044B04F07F035AF82330FDF76D
:10FAB000D4BF0023DCE7C4F3074206EBC20213798C
:10FAC000C4F3C711012B1CBF03F00F03B3FA83F378
:10FAD000C4F3C03418BF5B099C4206EBC10112D1CC
:10FAE0000435B8F1000F06D02946584608F0B8FD95
:10FAF00080463E68083655F8044B04F07F035AF8F8
:10FB00002330FDF7AABF13680B6013790B712C68C3
:10FB1000D7F81480E40904F17F44023405EB84052E
:10FB2000DFE7C4F3C71114F47F0FC4F3074306EBF8
:10FB3000C10118BF01EBC3034FEA146218BFCBF831
:10FB400008305846013A3D6109F0E3F800287DF499
:10FB500088AFD7F81480B8F1000F06D02946584670
:10FB600008F07EFD80463E68083655F8044B04F0E8
:10FB70007F035AF82330FDF770BF5FEA146818BF9F
:10FB8000BB69C4F3C719C4F3074206EBC90918BF20
:10FB9000984442B309EBC203CBF8083020043D611E
:10FBA00005D531465846039209F0E3F9039A134606
:10FBB00039464A465846CDF8008009F024F8021E1E
:10FBC0003B68FDF64DAFA3EBC8033B603946584692
:10FBD00008F07EFFD7F814803B6ADA0300F1E9826F
:10FBE000BF68FDF71ABFDBF80830A3EB0903DA1092
:10FBF000D4E7C4F3C7184FEAC8030493220EC4F332
:10FC0000074306EBC80803F1FF3903922BB9DBF871
:10FC10000830A3EB08034FEAE30921043D6115D541
:10FC2000C7F81C907B68DBF8082031469A4238BF41
:10FC3000CBF8083006220123584609F0BFF97B694A
:10FC400023B1049A3B68083203EB0208039B3BB1E3
:10FC5000BB69039A1A4413463A68A2EBC3033B609C
:10FC600008EBC9034A46CBF80830AFE7DBF8703041
:10FC700073B10022C4F3C71406EBC404CBF80840E8
:10FC80003D613946584608F023FF4FF00108A3E7CD
:10FC900097F82030BA68083E013BCBF81020CBF82B
:10FCA0000860002B98DDDBF80820013B02F1080119
:10FCB000CBF8081000211171F3E7DBF870304BB17D
:10FCC000C4F3C71406EBC4040834CBF8084001227F
:10FCD0003D61D6E797F82020BB68013ACBF8103099
:10FCE000A6F1080302D1CBF8083075E7C4F3C714B6
:10FCF00056F8340006EBC40146F8080C097919716E
:10FD0000CBF80860012A7FF767AFDBF80830013ACB
:10FD100003F10801CBF8081000211971F2E7C4F3D0
:10FD2000C71006EBC0010B7B032B21D156F83030F6
:10FD300053B10A69D1F808C0013B624446F830303B
:10FD40000A61E40BA5EB8405D7F81480B8F1000F25
:10FD500006D02946584608F083FC80463E6808369F
:10FD600055F8044B04F07F035AF82330FDF775BEB5
:10FD7000D1ED026AD1ED047AF5EEC06A91ED007A18
:10FD800076EEA77AF1EE10FAB4EEE77A09DDF1EE3D
:10FD900010FAACBF01230023002BD5D0C1ED047AAB
:10FDA000CFE7F1EE10FA94BF01230023F4E77B685C
:10FDB000C4F3C7113D615846CBF8083006EBC101CA
:10FDC000FDF7A0FA18B1E40B013405EB8405B8F196
:10FDD000000F06D02946584608F042FC80463E688F
:10FDE000083655F8044B04F07F035AF82330FDF72A
:10FDF00034BEC4F3C71106EBC1018B69E40B0E934B
:10FE00000A690B7F8A610A7D58460A770E9A0B753C
:10FE10000A617B683D611031CBF8083005EB840541
:10FE2000F9F70AFA55F8044BC4F3C71306EBC301FC
:10FE30008A6958468A620A7F81F82C208A680A6299
:10FE40000A7B81F8242056F83330220E8B610B791F
:10FE50000B7701F13003CBF8083018313D6108F021
:10FE6000EBFFD7F81480B8F1000F01D03E680836D8
:10FE700055F8044BC4F3C71306EBC3031B7F1B07E2
:10FE80001CBFE40BA5EB8405B8F1000F06D0294692
:10FE9000584608F0E5FB80463E68083655F8044BA6
:10FEA00004F07F035AF82330FDF7D7BDC4F3C7131E
:10FEB00006EBC30214F47C1F059256F8331006BFFC
:10FEC0000598DBF808307B68C4F3054906BFA3EB4F
:10FED00000094FEAE909CBF808304FEA945208BF0D
:10FEE00009F1FF39240448BF2B684A4444BFDB09A9
:10FEF00002EB83228B6805F1040048BF054693425C
:10FF000006D25846CDE906120BF0B3FDDDE9061224
:10FF1000059B03EBC9030593A2EB090923E0059BAD
:10FF20001879CB681344D8706FF0030305985343D6
:10FF30000068CC68013AE050059B1B795B060FD541
:10FF40004B799C060CD5059B1B685B7913F0180F49
:10FF500006D05846CDE906120AF048F8DDE9061247
:10FF6000059B083B05934A45D9D1B8F1000F06D04F
:10FF70002946584608F074FB80463E68083655F816
:10FF8000044B04F07F035AF82330FDF766BDC4F339
:10FF9000C71906EBC9030693049BE40BDB685846BC
:10FFA0009B6B53F824207B683D61CBF80830049BA1
:10FFB000D46B10330893D36805921946079308F061
:10FFC00070FF059A0346C260462246F839004FF09A
:10FFD000000906990A7100F110020592079A4A4534
:10FFE00020DCDBF80C30DB68002B09DC069B3D6174
:10FFF00008335846CBF808300AF0B4F8D7F8148024
:020000041001E9
:10000000B8F1000F06D02946584608F029FB804673
:100010003E68083655F8044B04F07F035AF8233045
:10002000FDF71BBD22796179EAB1584606EBC101A3
:10003000099308F06FFF0246099B05990A605979F8
:10004000880609D5517911F0180F05D01946584680
:10005000099309F0A7FF099B059A09F101090432E8
:1000600005920834BAE7089A52F82120E5E72104FE
:10007000C4F3C7124FEA146358BF4FF0FF347968D6
:1000800048BFC4F307443D615846CBF8081006EB5F
:10009000C2023946013B0094FCF7D8FCD7F8148023
:1000A000B8F1000F06D02946584608F0D9FA804624
:1000B0003E68083655F8044B04F07F035AF82330A5
:1000C000FDF7CBBC220EC4F3C711384606EBC202C3
:1000D00006EBC1010CF00CF8B8F1000F06D0294670
:1000E000584608F0BDFA80463E68083655F8044B7D
:1000F00004F07F035AF82330FDF7AFBCC4F3C713F5
:1001000006EBC3031B791B0708D07B683D6158468B
:100110000499CBF80830E20BF8F7CEFEB8F1000FE7
:1001200006D02946584608F09BFA80463E680836B5
:1001300055F8044B04F07F035AF82330FDF78DBCCB
:10014000049B3D6139465846DA68FCF7E7FBD7F86F
:100150001480B8F1000F06D03946584608F09BFCD1
:100160000123CBF860303E680836B8F1000F06D0A6
:100170002946584608F074FA80463E68083655F815
:10018000044B04F07F035AF82330FDF766BCB8F146
:10019000000F06D02946584608F062FA80463E68AD
:1001A000083655F8044B04F07F035AF82330FDF766
:1001B00054BC11B0BDE8F08F10B504469FED080A9D
:1001C0004421F7F795FD20460622002106F054FF52
:1001D000204600220349F7F753FD012010BD00BF60
:1001E0000080FC4354DF011073B500220121044656
:1001F00007F002F905460121204606F046FD2E4A89
:100200002E49204607F02EF92A460221204606F004
:10021000E3FE4FF0FF31204606F0D7FD06460028EA
:1002200048D16FF00101204606F02FFD244A2349F2
:10023000204607F017F92A460321204606F0CCFE97
:1002400040B92B462A4620461E4902B0BDE8704000
:1002500006F0FBBF0121204606F05FFD1A4920464B
:1002600006F02AFE0221204633460122009606F0BF
:1002700083FF4FF0FF31204606F05CFD80B12A4637
:100280000221204606F049FF2A460221204606F0B8
:10029000A3FE20460C4906F00FFE022002B070BDFE
:1002A00020466FF0010106F0F0FC0121204606F027
:1002B00089FEE4E70120F1E78EFF011019FCFFBF82
:1002C000BEE10110040C02103B0C021008B50B4BF0
:1002D0001B7873B90A4940F246330A4A0A4805F0C6
:1002E0000CFA0A4805F009FA40F24631054805F0D3
:1002F000FBF9F4F751F8064B185808BD719100202E
:100300000FE60110E4E501101BE2011022E60110E6
:100310000800000010B5044606F0B0FC01280146B4
:1003200006D0024607492046BDE8104006F08DBFC2
:100330000022204607F060F80146034805F0C7F99F
:10034000002010BD450C021065E2011098B5002296
:1003500000AF012107F050F80446FFF7B7FF0CF09B
:10036000E1FA8AB06A46094B0794CDE90530084B9B
:100370000893084B42F8103F00234FF423510648DE
:10038000F2F7E6FE0020BD4698BD00BF660C0210E5
:1003900000020103040000020CD6011010B504464F
:1003A00006F06CFC0128024605D02046BDE810404E
:1003B000034906F04ABF2046FFF7C8FF002010BDE2
:1003C000450C021010B5044606F058FC0128024600
:1003D00005D02046BDE81040074906F036BF01466B
:1003E0002046F7F72FFC0A2120EAE070A0FB01016C
:1003F00002F0E8FA002010BD450C021098B500226A
:1004000000AF012106F0F8FF0446FFF75FFF0CF094
:1004100089FA8AB06A46094B0794CDE90530084B42
:100420000893084B42F8103F00234FF4215106482F
:10043000F2F78EFE0020BD4698BD00BF660C02108C
:1004400000020103040000020CD6011010B504469E
:1004500006F014FC0128024605D02046BDE81040F5
:10046000034906F0F2BE2046FFF7C8FF002010BD8A
:10047000450C021098B5002200AF012106F0BCFF28
:100480000446FFF723FF0CF04DFA8AB06A460A4B88
:1004900008940593094BCDE90630094B0993094BA4
:1004A00042F8103F00234FF444510748F2F750FE42
:1004B0000020BD4698BD00BF620C0210941E0210C1
:1004C00001030204050000020CD6011010B5044619
:1004D00006F0D4FB0128024605D02046BDE81040B6
:1004E000034906F0B2BE2046FFF7C4FF002010BD4E
:1004F000450C021098B5002200AF012106F07CFFE8
:100500000446FFF7E3FE0CF00DFA8AB06A46094B89
:100510000794CDE90530084B0893084B42F8103F8B
:1005200000234FF422510648F2F712FE0020BD4688
:1005300098BD00BF660C0210000201030400000217
:100540000CD6011010B5044606F098FB01280246AF
:1005500005D02046BDE81040034906F076BE20468F
:10056000FFF7C8FF002010BD450C02101A4610B559
:100570002BB909B1F1F7EEF90024204610BD05F0C2
:1005800015F804460028F8D1014805F0A0F8F4E772
:100590006F0C021030B5044687B018480D4605F0C0
:1005A00096F8174B174A00931749184B184805F04F
:1005B0008EF82046642403A905F026F8059A2946FA
:1005C00004FB02F3B3FBF5F312480093039B05F021
:1005D0007EF8FFF77BFE054603A90CF0B1F950B990
:1005E000D5F88410039B0C48CA1A5443B4FBF1F4A9
:1005F000009405F06CF807B030BD00BF950C0210F8
:10060000DE0C0210BA0C02102DE90110B30C02101E
:10061000C30C0210E40C0210040D021010B50446C5
:1006200000220F4906F094FC20460E4906F065FDB5
:1006300020460D4A0D4906F015FF204600220C49C0
:1006400006F086FC20466FF001010A4A06F065FDBF
:100650002046BDE810406FF0010106F016BB00BF58
:10066000E9010110240D0210BEE1011019FCFFBFC9
:10067000B90101105E0D021008B50248F4F71CFD27
:10068000002008BDC106011008B570B9084940F244
:100690006B33084A084805F030F8084805F02DF893
:1006A00040F26B31034805F01FF8008908BD00BF18
:1006B000B80D0210650D02101BE20110CC0D0210E6
:1006C00008B5FFF7E1FF034B1A68824238BF186094
:1006D000012008BDC40F0020F0B50C24444304F1F0
:1006E000804404F58034059E94466268071FB24238
:1006F000FFB238BF6660012F04F5405224D80129AB
:1007000022D103251560A268D207FCD5226804F522
:10071000805582EA4C1202F0E002012F2A6009D8CB
:1007200022684A4002F003022A6001228A40A1683E
:100730001142FCD04FF4006104F5005211600B4AE5
:10074000666042F82030F0BD4FF400651560074D3B
:1007500055F82020002AD9D06D69B5FBF2F5013596
:1007600005EB4505033DFDD2D0E700BFC80F0020D3
:10077000F8B5264E264F274D1644BE42B5FBF1F57F
:10078000069C01D9F3F70EFEB2FBF5F2A2F11005BB
:10079000B5F5987FF6D85D1E062DF3D8651E062D9B
:1007A000F0D8240344EA03430468002C0EDA0468FA
:1007B00004F03F048C4209D18468C4F30B049442D2
:1007C00004D1C46804F4EE249C421DD0124D0124CF
:1007D000A84214BF0E250F25AC40104D104E2C60C2
:1007E00005F580552C60B56834EA0505FBD101603C
:1007F0002121826000F54052043211600168002915
:10080000FCDAC36008231360F8BD00BF80E84BD357
:1008100080F8A932001BB70000800540002002408C
:10082000000002404FF42A62054B06491A604FF45B
:100830008D72DA60044A11605A68002AFCDA704747
:100840000080044000B0FA0000A0044030B5C408A5
:1008500000F0070080008140074804F18C0540F853
:10086000251003EB84031AB103F50053196030BD62
:1008700003F54053FAE700BF0080024010B50C4B6F
:1008800003EB800253F8203002F5805483F04003DC
:1008900003F0C00323604FF48073C00000F1804078
:1008A00000F5203002F540524160136010BD00BFDA
:1008B0000480034010B5074CC90004EB800354F8D2
:1008C000200041EA8201414001F00C0103F5805310
:1008D000196010BD04800340054B03EB8000022328
:1008E00019B100F500500360704700F54050FAE779
:1008F00004800340054A02EB800352F8202003F5F0
:100900008053514001F00101196070470480034099
:10091000064B03EB800253F8203002F5805283EA45
:10092000011303F030031360704700BF04800340DD
:100930004FF0504330B4044D1C68044B002C08BFEA
:100940002B4630BCFFF782BF4882024090820240B3
:10095000054B03EB8000402319B100F50050036004
:10096000704700F54050FAE704800340182303FB6A
:100970000103F0B514681A4DC3F8C8409468C3F871
:10098000D0401369D0F86841DE4305EA161506EA3F
:1009900056062E4205EA530304D0234309D06FF0D4
:1009A0000A0017E0BBB1002CF9D056682B0D1B07CD
:1009B00000E056687340182606FB0107C7F8CC30E4
:1009C000D3680CB12D032C0A06FB01006340C0F86C
:1009D000DC300020F0BD5668002CE7D12346E9E763
:1009E0002184100010B50B79202B01D9F3F7DAFC24
:1009F00000F12F40124A00F56000000D52F820402F
:100A0000012291F905109A40002902F1FF32C3F149
:100A1000200008DB81420FDC8A4022420CBF0846DE
:100A20004FF0FF3010BD02FA00F32342FAD0013834
:100A3000F9D26FF00800F5E74FF0FF30F2E700BFA2
:100A4000F00F002010B5D0F86841CB79E4B113F075
:100A5000010F1CD191F90530002B01DB934216D117
:100A60000123097900F12F408B40013B03FA02F288
:100A700000F56000074B000D53F820301A420CBF00
:100A800000206FF0080010BD13F0040FE1E76FF0D5
:100A90000A00F8E7F00F002070B504460E46154630
:100AA000FFF7D0FF98B9174A3179884210D3012354
:100AB000284604F12F44144A04F56004240D8B40A9
:100AC000013B52F82410AB400B4342F8243070BD78
:100AD000336833F8103003EA0201B1F5005F06D144
:100AE00013F0600F07D1D4F868114B409BB2B3F5F7
:100AF000005F38BF5B192918123144F821300130EA
:100B0000D2E700BF00E0FFFFF00F002013B500F1B7
:100B10002F4000F56000084B000D84000093224632
:100B2000E31C06480BF065FE8442CCBF4FF0FF305B
:100B3000001B02B010BD00BFDF0D02106F9100203E
:100B4000EFF3108072B6064BD3E8CF1F01220029C5
:100B5000FAD1C3E8412F0029F6D1BFF35F8F704768
:100B60005A9100200023034AC2E88F3F80F3108887
:100B7000704700BF5A9100204FF0E022044BD2F89A
:100B8000881D0B43C2F8883D10EE3004704700BF4B
:100B90000303300038B5436905463BB90024EA68D1
:100BA0006042537843F00103537038BD98470446C0
:100BB0000028F3D000F1FF03FE2B0ED92123094AB0
:100BC00009490A4804F099FD29680948224604F0B9
:100BD00094FD2121034804F087FDEB6844421C701A
:100BE000DDE700BF030E0210260E02101BE201100B
:100BF0003E0E021010B50446F2F74EF903480121EB
:100C0000034A04F03AFF20460BF033FE24D60110CD
:100C1000630E02102DE9F84304460D4600AFEFF3D2
:100C20001188102383F31288BFF36F8F0428324A90
:100C300098BF324BE9468AB09668117C98BF53F84A
:100C400020306A4688BF2E4BCDE9073140F2013390
:100C50002C48ADF824302C4BCDE9050442F8103F68
:100C600000234FF431512948F2F772FACD4645B1CD
:100C7000EB69C3F3080323B10121254A234804F09B
:100C8000FCFE2EB130460BF04DFE08B1037803B9DF
:100C90002048E9468AB06A461F4B0790CDE90536E1
:100CA00040F20133ADF820301C4B42F8103F0023D6
:100CB0004FF411511548F2F74BFA2946CD4620461C
:100CC000FFF798FF042C0CD115498723154A1648C5
:100CD00004F013FD154804F010FD8721114804F0BD
:100CE00003FD88F31188BFF36F8F3046F3F7D6FA10
:100CF000BD46BDE8F88300BFFC0F00208CDF01106B
:100D0000720E0210880E02100500000124D6011098
:100D1000B00E0210800E0210D10E0210040000016D
:100D20000B0F0210E90E02101BE20110280F021037
:100D300038B50A4B53F82040013053F82050A542F3
:100D400000D838BD606830B1037EDB0701D4FFF7FF
:100D500021FF0834F3E723689847FAE7A0DF011082
:100D6000012270B5364B86B003201A70FFF7E0FF02
:100D70000BF07CFE0420FFF7DBFF324C324DAC421F
:100D8000264628D931494423314A324804F0B5FC7B
:100D9000314804F0B2FC44212D4804F0A5FC54F87D
:100DA0000C3C059354F8103C049354F8143C039302
:100DB00054F8183C029354F81C3C019354F8203C1E
:100DC000009354E90A2354E90C0100F0B1FE54F8F1
:100DD000303C5E65D3E7AE4204F13004DFD301F06E
:100DE000A5FB184CAC421FD918496823184A19486A
:100DF00004F083FC184804F080FC6821CCE7D4E9B7
:100E00000A23B3F1FF3F08BFB2F1FF3F05D052EA1A
:100E10000301206803D101F009FE3034E2E70F49F5
:100E2000183002F033F9F8E7E9D301F0F1FB0BF0E9
:100E30001AFE0B4A938923F00103938106B070BD1B
:100E40007191002070D40110A0D40110C80F0210BD
:100E5000A70F02101BE20110DBE70110192101109E
:100E6000380B0020E02370B5144E86B003FB0066FB
:100E7000134B012205930F23CDE903320023CDE963
:100E8000013318234FF4A0720E4D0F4903FB005598
:100E9000044602FB00110D4B3046009500F048FE61
:100EA000337C2C7423F004033374094B013403EBBB
:100EB000C423EE606B6006B070BD00BF580A00200E
:100EC000F50F0210FC0F002078A90020C5100110BA
:100ED00078A100207FB50020FFF72AFF2D4B83F378
:100EE0000888F0232C4C84F822300023E377237603
:100EF0006376A376636A43F4E0236362F3F78AF8C8
:100F0000F3F7B6F94FF0FF33A362E362F1F7F8FEAF
:100F1000224800F0CFFE224B224A93420ED92249AA
:100F2000CC23224A224804F0E8FB224804F0E5FBE7
:100F3000CC211E4804F0D8FB1C33EEE7FCD3012083
:100F4000FFF7F6FE02201C4CFFF7F2FE01F01AFC40
:100F50001A4B00259C611A4B4FF4805205930123D4
:100F60001849CDE903532046174BCDE901550095AB
:100F700000F0DEFD0646237C204623F004032374A4
:100F800001F03CF82846FFF76DFF314620460E4A37
:100F9000F3F744F978A9002000ED00E0180C0020D8
:100FA0002CD10110D0D20110FA0F0210A70F02109D
:100FB0001BE20110DBE70110380B0020FC0F0020C2
:100FC0008A010210B8AA0020610D011038B50D4C3D
:100FD0000D4DAC4213D90D4925230D4A0D4804F09F
:100FE0008CFB0D4804F089FB2521094804F07CFBAB
:100FF0002046D4E901120BF047FC1834E9E7F7D397
:10100000002038BDB0030020C80300207C1002106F
:10101000121002101BE20110DBE70110F8B50546C3
:101020000E4600F11404EFF31187102383F31288A6
:10103000BFF36F8F204601F0CFFF68B984231B4AAE
:101040001B491C4804F059FB21461B4804F055FB82
:101050008421164804F048FB204601F0E1FF2846B1
:101060003146F0F777FC05F10C0001F043FB28B1A5
:1010700039462046BDE8F8400BF0ACBC204601F0F4
:10108000B9FF68B94FF49973084A0C49094804F04C
:1010900034FB21460A4804F030FB4FF49971D8E73D
:1010A00087F31188BFF36F8FF8BD00BF73E601109F
:1010B000A0E601101BE20110B5E60110CBE601101D
:1010C000E2E6011008B50D4B9B6893F90E30002B3A
:1010D00009DB1024EFF3118384F31288BFF36F8FC1
:1010E00004F0B2FDF6E7064906481C23064A04F060
:1010F00004FB1C21044804F0F7FA00BFFC0F002099
:10110000B61002101BE20110951002102DE9F341F8
:10111000044617461E46EFF3058565B1544973230F
:10112000544A554804F0E9FA544804F0E6FA7321A9
:10113000504804F0D9FAEFF31188102383F3128892
:10114000BFF36F8F4E4801F047FF60B984234D4ACB
:101150004D49494804F0D1FA49494C4804F0CDFAC8
:1011600084214848E5E7464801F05AFF484BE268C9
:101170009B6892B1A068984227D057EA06022CD10A
:101180003F4801F037FF90B188F31188BFF36F8FAC
:101190006FF00F0002B0BDE8F08193F90E1001323C
:1011A000C4E902323648216101F024FF78B94FF4D6
:1011B0009973344A3749304804F09FFA3049364829
:1011C00004F09BFA4FF49971CBE72169E7E788F3C4
:1011D0001188BFF36F8F0020DCE793F90E1090F9B0
:1011E0000E30994205DA9942A8BF19460BF057FB19
:1011F000054622464146CDE90076214800F0D4FF5D
:101200000028E8D0EFF31186102383F31288BFF390
:101210006F8F1B4801F0E0FE002897D0184801F0BE
:10122000FFFEA068C0B1236821699C420AD04BB17F
:1012300093F90E309942A8BF19466FF07F03994287
:10124000B8BF19460BF02BFB30B131460C480BF000
:10125000C1FB6FF00A009DE7002DF6D1084801F0B0
:10126000C9FE0028A3D086F31188BFF36F8FF0E783
:1012700000110210DE1002101BE201101211021008
:101280002010002073E60110A0E60110B5E6011061
:10129000FC0F0020CBE60110E2E60110F8B5054690
:1012A000EFF3058363B15649EA23564A564804F0E2
:1012B00024FA564804F021FAEA21524804F014FABC
:1012C0008368002B00F09580514A9268934240F069
:1012D0009380C3684BB94F494FF48173494A4A48D8
:1012E00004F00BFA4FF48171E7E7012B03D0013BC7
:1012F000C3600020F8BDEFF31187102484F3128837
:10130000BFF36F8F444801F067FE60B98423434AFE
:1013100043493D4804F0F1F93F49424804F0EDF9F2
:1013200084213E48CAE73C4801F07AFE2969A86852
:101330000BF0B5FAEFF3118384F31288BFF36F8FCC
:1013400083F31188BFF36F8F5BB93749BB23374AEB
:101350002D4804F0D2F9364804F0CFF9BB213348C8
:10136000ACE72C68AC4215D100232B48C5E9023309
:1013700001F040FE002837D14FF49973274A2D49D8
:10138000214804F0BAF924492B4804F0B6F94FF487
:101390009971C6E7002CE7D0A3683BB92749A4237D
:1013A000224A194804F0A9F9A421D8E70026D4E973
:1013B000003213605A60237CC4E9006623F0020304
:1013C0002374A66004F1180001F03CFFAC6094F9AE
:1013D0000E3020462B61C4F8986000F00FFE3946AD
:1013E0000D480BF0F7FA84E787F31188BFF36F8F8E
:1013F0007FE76FF015007DE74FF0FF307AE700BF21
:1014000000110210DE1002101BE201101211021076
:10141000FC0F0020371102102010002073E601108D
:10142000A0E60110B5E60110791102104E1102106C
:1014300079100210CBE60110E2E6011091110210C2
:1014400008B583684BB90B490B48A4230B4A04F039
:1014500054F9A421094804F047F9D0E90032136097
:101460005A600023027CC0E9003322F002020274B9
:10147000836008BD911102101BE201104E11021091
:1014800070B50446EFF31186102585F31288BFF37B
:101490006F8F304801F0A0FD60B984232E4A2F4998
:1014A0002F4804F02AF92B492E4804F026F984210C
:1014B000294818E0274801F0B3FDEFF3118385F3C5
:1014C0001288BFF36F8F83F31188BFF36F8F63B9F7
:1014D0002549BB23254A224804F00FF9244804F08B
:1014E0000CF9BB21214804F0FFF82568AC4213D069
:1014F00095B12846FFF7A4FF05F1180001F0A2FE00
:1015000000232846C5F8983000F078FD3146BDE844
:10151000704010480BF05EBAD4E902329A4218BF0C
:1015200001330C48A36001F065FD68B94FF499736D
:10153000094A10490A4804F0E0F806490E4804F048
:10154000DCF84FF49971B3E786F31188BFF36F8F1E
:1015500070BD00BF2410002073E60110A0E601104A
:101560001BE20110B5E60110791102104E110210B4
:1015700079100210CBE60110E2E60110F7B504463F
:1015800016461D46EFF305837BB152EA05030CD0E6
:101590002D4988232D4A2E4804F0AFF82D4804F039
:1015A000ACF88821294804F09FF8EFF31187102345
:1015B00083F31288BFF36F8F274801F00DFD60B9E8
:1015C0008423264A2649224804F097F822492548D0
:1015D00004F093F884212148E5E71F4801F020FD3D
:1015E000A368D3B1013B1C48A36001F003FD68B9B7
:1015F0004FF49973194A1C49154804F07EF81649AE
:101600001A4804F07AF84FF49971E4E787F31188E7
:10161000BFF36F8F002003B0F0BD56EA05030BD176
:101620000D4801F0E7FC0028E2D087F31188BFF3F2
:101630006F8F6FF00F00EEE722463946CDE9006567
:10164000054800F0B1FDE6E7C8110210A81102102C
:101650001BE20110791002102410002073E6011023
:10166000A0E60110B5E60110CBE60110E2E601109C
:101670002DE9FF410446794EEFF31187102383F3E0
:101680001288BFF36F8F764801F0A6FC68B98423F7
:10169000744A7549754804F030F87149744804F08B
:1016A0002CF884216F4804F01FF86D4801F0B8FC55
:1016B000D4F8E450F5B9022104F1FC000BF00AF96A
:1016C000002840D004F1F40500220121284601F051
:1016D0003FFB0028F8D100234FF0FF3202934FF078
:1016E000FF333946CDE900235D4804F1EC0201F0F7
:1016F0008DFBC1E7D4F8E8202B68954208BFC4F8F9
:10170000E830C4F8E430D4F8FC30554843F0020324
:10171000C4F8FC30EB68D5F8048023F0040343F0F0
:101720000103EB6001F066FCF8B94FF499734D4A80
:1017300050494E4803F0E1FF49494F4803F0DDFFAF
:101740004FF49971AEE7D4F8FC30DD06C3D5C4F888
:10175000FC00434801F04EFC0028E6D087F31188D6
:10176000BFF36F8F04B0BDE8F08187F31188BFF33A
:101770006F8FB8F1000F0AD140493C4840F2F32383
:101780003F4A03F0BAFF40F2F3213D488BE7284679
:10179000C047EFF31187102383F31288BFF36F8FD5
:1017A0002F4801F019FC00283FF471AF2C4801F0DC
:1017B00037FCEB68D90623F0010236D4EA60EB6807
:1017C0009A0716D5306823F00203EB6088B1002237
:1017D000036870B141688D4235D103686ABB726895
:1017E0003360904200D17360002340F8083BFFF75C
:1017F00047FED4F8FC3023F00203C4F8FC30DB05CC
:1018000029D4D4F8E450003D18BF0125144801F054
:10181000F1FB002889D087F31188BFF36F8F002D6B
:101820003FF42AAF00F0B6FF26E723F01103EB6088
:1018300005F11000FFF724FEC1E7136073689842BA
:1018400008BF7260D0E702461BB1196818460B4604
:10185000BFE71946FAE70025D8E700BF28100020A7
:101860003010002073E60110A0E601101BE2011009
:10187000B5E60110CBE60110E2E601106B12021092
:1018800015120210F8B5C36804469A070E46C3F352
:1018900040054FD45F074FD40B680BB983680B60CA
:1018A000E368D80736D5A3685BB92549254840F2D7
:1018B0005713254A03F021FF40F25711224803F045
:1018C00013FF02253360376867B3204B9A68D7F857
:1018D000E0309A4220D10BF01FF880F00100C0B236
:1018E000D7F8FC30D907C3F380021ED502B308B382
:1018F00000232360D7F8E83083B9C7E93944384674
:101900000AF0F3FFE36843F00403E3603368A36085
:101910002846F8BD0125D6E70020E1E71C60C7F89E
:10192000E840ECE76FF0150506E06FF0120503E004
:101930001B07DDD56FF00F0500233360E8E700BF1C
:10194000361202101BE2011015120210FC0F0020CB
:1019500037B50C46019059B9284940F27D13284A01
:10196000284803F0CAFE40F27D11254803F0BCFE72
:101970004B684BB924494FF4BF73214A214803F007
:10198000BCFE4FF4BF71F0E7EFF31185102383F332
:101990001288BFF36F8F1D4801F01EFB60B98423CE
:1019A0001B4A1C49174803F0A8FE18491A4803F0BF
:1019B000A4FE84211648D9E7144801F031FB2046E3
:1019C00001A9FFF75FFF0446104801F013FB68B957
:1019D0004FF499730E4A11490A4803F08EFE0B49E1
:1019E0000F4803F08AFE4FF49971E3E785F31188FD
:1019F000BFF36F8F204603B030BD00BF51120210FD
:101A0000151202101BE201106512021030100020A6
:101A100073E60110A0E60110B5E60110CBE6011057
:101A2000E2E60110014601480AF066BF180D0020E9
:101A3000F0B589B004460E9D58B92F4940F2533392
:101A40002E4A2F4803F059FE40F253312B4803F041
:101A50004BFE49B92B494FF45573284A284803F0E7
:101A60004CFE4FF45571F1E7D0F8FC0010F0010086
:101A700009D0254940F25533204A214803F03DFE64
:101A800040F25531E2E7C4E9390004F1EC00C4E961
:101A90003B0004F1F400C4E93D0055B32879002867
:101AA00040F2011008BF0120C4F8FC0000204FF0F4
:101AB000FF364FF0FF37CDE90330CDE90100CDE926
:101AC00006672046114B009400F0AEF855B1296826
:101AD00011B1204600F01CF86B791BB1A38943F0CB
:101AE0000103A381204600F0A1FFC4F8E04009B043
:101AF000F0BD0120D8E700BFB61202101512021087
:101B00001BE20110A1FF01108212021071160110D8
:101B100010B5044608B9054B9C681F2204F160000B
:101B20000AF0EBFF002084F87F0010BDFC0F0020BE
:101B30002DE9F04F85B0119D04460F2D88469A4639
:101B4000DDF84C904AD1324B9A454BD104F1580301
:101B5000C4E91633129B0027A3810423073222F025
:101B6000070632462374AA21A57308EB060B4046EC
:101B7000C4E90677A760E7730AF086FF5946204656
:101B8000F1F7C4FF109BC51D25F00705C4F8885068
:101B9000C4E9208602930F9BABEB050501930E9BD6
:101BA0002A460093414653462046F2F7F3FA67650A
:101BB000B9F1000F29D01F22494604F160000AF054
:101BC0009CFF84F87F70134B9B680BB1D3F88C306B
:101BD0002846C4F88C3005B0BDE8F08F05F110033D
:101BE0001E2BB3D940F24B230B4A0C490C4803F08F
:101BF00084FD29460B486FF00F030E2203F07DFD94
:101C000040F24B21044803F06FFD84F86090DAE75E
:101C1000C5100110FC0F0020BC120210DF120210D0
:101C20001BE201105F130210F0B587B00446DDE936
:101C30001276EFF3058575B1194940F21733194A49
:101C4000194803F05AFD194803F057FD40F21731C7
:101C5000144803F049FD0595109D04950F9D0395CB
:101C60000E9D02950D9D01950C9D0095FFF760FF5F
:101C7000B6F1FF3F08BFB7F1FF3F05D056EA0703B3
:101C800005D1204600F0D2FE204607B0F0BD3A460E
:101C9000334604F11800064901F0F8F9F4E700BFF3
:101CA00000110210BC1202101BE20110901302106E
:101CB00019210110012310B5037483810023044608
:101CC000C0E9203301F0F2FE014B9C6010BD00BF63
:101CD000FC0F002070B590F91020037C002A49DB2E
:101CE000D90647D163F07F030374264B984209D18C
:101CF000254926485223264A03F0FFFC5221244856
:101D000003F0F2FC234C224652F81C3F216A934216
:101D100007D1C0E90021086020620FE08B42F8D0B3
:101D20001B68002BF5D093F90E6090F90E50AE426F
:101D3000F4DD5968C0E9003108605860E5699542F2
:101D400000D005B9E568A3685BB91349EA23134AD3
:101D50000E4803F0D2FC124803F0CFFCEA210F48F2
:101D6000CEE71A7CD20606D1DA897F2A03D9AA697E
:101D70000AB9A36170BDAB4202D0284601F0A6F8B3
:101D8000A561F7E7580A0020D71302101BE20110E3
:101D9000B5130210FC0F002024140210F8130210D7
:101DA0007910021038B590F910200146002A037C02
:101DB0001BDA224A03F07F039042037409D12049C1
:101DC0005A23204A204803F098FC5A211D4803F06A
:101DD0008BFCDC0707D51D495B231A4A1A4803F020
:101DE0008CFC5B21F2E70AF0B3FD194D2A4652F84C
:101DF0001C4FAB68944200D004B9EC688B4214D0FD
:101E00005BB91449EA23144A0F4803F076FC1348DF
:101E100003F073FCEA211048D9E71A7CD20604D1FA
:101E2000DA897F2A01D9A2692AB1A34202D02046C9
:101E300001F04CF82346AB6138BD00BF580A0020C2
:101E4000D7130210B51302101BE201104B1402103D
:101E5000FC0F002024140210F81302107910021055
:101E600008B5144A936880B1197C11F0090F0CD1A0
:101E70001149D923114A124803F03FFC114803F0DD
:101E80003CFCD9210D4803F02FFC6FF00A01C3F888
:101E900098100D49C3F894004B6843F080534B6091
:101EA000002383F31188BFF36F8F9368D3F89800F2
:101EB00008BD00BFFC0F00208E1402106414021035
:101EC0001BE20110F714021000ED00E070B50446AB
:101ED0000D46F9B9EFF30586E6B91A4B9A699B6886
:101EE0009A4217D001F086F878B940F26D13164A7D
:101EF0001649174803F001FC2146164803F0FDFB84
:101F000040F26D11104803F0EFFB3046BDE8704021
:101F1000FFF7A6BF204601F06DF868B94FF499733A
:101F2000094A0A490A4803F0E8FB2146094803F038
:101F3000E4FB4FF49971E5E785F31188BFF36F8FE8
:101F400070BD00BFFC0F002073E60110CBE601104E
:101F50001BE20110E2E6011008B583684BB909499C
:101F60000948A423094A03F0C8FBA421074803F049
:101F7000BBFB0AF0EDFC037C23F002030374002397
:101F8000836008BD911102101BE201104E11021076
:101F900038B5184CA168206A0B68814214BF1A46F4
:101FA000002249680B605960A368216A2AB9124A65
:101FB000C3E900210B6023620AE092F90E5093F905
:101FC0000E00854212DD5168C3E900210B605360A9
:101FD000E569094B9D4200D005B9E568A3689D42BB
:101FE00002D0284600F072FFA56138BD8A42DED0DB
:101FF0001268DBE7FC0F00201810002038B50446FB
:10200000EFF31185102383F31288BFF36F8F174806
:1020100000F0E2FF68B98423154A1649164803F018
:102020006CFB1249154803F068FB8421104803F04B
:102030005BFB0E4800F0F4FF2046FFF74BFE0B4819
:1020400000F0D8FF68B94FF49973094A0C490A485F
:1020500003F053FB05490B4803F04FFB4FF4997114
:10206000E4E785F31188BFF36F8F38BD341000208B
:1020700073E60110A0E601101BE20110B5E60110A5
:10208000CBE60110E2E6011038B50446EFF3118506
:10209000102383F31288BFF36F8F184800F09CFF62
:1020A00068B98423164A1749174803F026FB1349D9
:1020B000164803F022FB8421114803F015FB0F485A
:1020C00000F0AEFFA36813B12046FFF745FF0B48B1
:1020D00000F090FF68B94FF49973094A0C490A4817
:1020E00003F00BFB05490B4803F007FB4FF4997114
:1020F000E2E785F31188BFF36F8F38BD34100020FD
:1021000073E60110A0E601101BE20110B5E6011014
:10211000CBE60110E2E6011038B5A0F11804EFF3A8
:102120001185102383F31288BFF36F8F174800F0D7
:1021300053FF68B98423164A1649174803F0DDFA9D
:102140001249164803F0D9FA8421114803F0CCFA59
:102150000E4800F065FF20460AF028FC0B4800F00E
:1021600049FF68B94FF49973094A0D490A4803F0C9
:10217000C4FA06490B4803F0C0FA4FF49971E4E73A
:1021800085F31188BFF36F8F38BD00BF3410002076
:1021900073E60110A0E601101BE20110B5E6011084
:1021A000CBE60110E2E601102DE9F047DFF800A1CF
:1021B000344D1746DDE90898DAF80820324BA8427A
:1021C00004460E461A600BD13049314840F2B9231B
:1021D000304A03F092FA40F2B9212E4803F084FA13
:1021E000EFF31183102383F31288BFF36F8F284618
:1021F00000F0F2FE60B98423274A2849244803F0FE
:102200007CFA2946264803F078FA84212248E5E73B
:10221000284600F005FFDAF80850394628460AF04B
:102220009FFBB8F1FF3F08BFB9F1FF3F06D04A4618
:1022300043461C4905F1180000F028FF204600F035
:10224000D9FE68B9184940F26D13134A104803F0DB
:1022500054FA2146154803F050FA40F26D11D5E7C3
:10226000084800F0C7FE40B90F4940F26D130A4A12
:10227000074803F042FA0349ECE73046BDE8F0476F
:10228000FFF7EEBD34100020381000201F1502109B
:102290001BE20110B513021073E60110A0E6011055
:1022A000B5E6011019210110CBE60110E2E601109C
:1022B000FC0F002070B50546EFF31186102383F361
:1022C0001288BFF36F8F1B4800F086FE68B9842325
:1022D000194A1A491A4803F010FA1649194803F026
:1022E0000CFA8421144803F0FFF9124800F098FE1C
:1022F0002C68A54215D014B12046FFF72DFE0D48DD
:1023000000F078FE78B94FF499730B4A0E490C48E7
:1023100003F0F3F907490D4803F0EFF94FF4997111
:10232000E0E70024EBE786F31188BFF36F8F2046C8
:1023300070BD00BF3410002073E60110A0E601104C
:102340001BE20110B5E60110CBE60110E2E6011038
:102350002DE9F04104460D46EFF31187102383F376
:102360001288BFF36F8F594800F036FE60B984239E
:10237000574A5849584803F0C0F95449574803F0A0
:10238000BCF98421524818E0504800F049FE237CF3
:1023900003F01F02002A0CBF0126002662D103F0C1
:1023A0007F0323744E4B9C4209D14E495A234E4A17
:1023B000494803F0A2F95A214B4803F095F9204609
:1023C0000AF0C6FA237C6DB243F08003DA07A573E6
:1023D000237407D545495323434A3F4803F08DF9F9
:1023E0005321E9E7DFF81881424652F81C3FD8F83C
:1023F0002010934208D1C4E900210C60C8F82040A5
:102400000DE08B42F7D01B68002BF4D093F90E003F
:10241000A842F6DD5968C4E900310C605C60D8F868
:102420001C40944200D00CB9D8F80C40D8F80830C1
:102430009C4202D0204600F049FDC8F818402348CD
:1024400000F0D8FD00283AD14FF49973204A28496A
:10245000214803F052F91D49264803F04EF94FF484
:1024600099718FE79B0728D5A16841B922491A487D
:10247000A423224A03F041F9A42120489DE72046E5
:102480006DB20AF065FAA5730B68994209D14B68E1
:10249000C4E900131C604C60D1E74A689342F6D04F
:1024A0001B68002BF3D093F90E20AA42F5DD5A6881
:1024B000C4E9003214605C60C1E7A573BFE787F32D
:1024C0001188BFF36F8F3046BDE8F08134100020D3
:1024D00073E60110A0E601101BE20110B5E6011041
:1024E000580A0020D7130210B51302104B14021023
:1024F000CBE60110E2E60110911102104E1102101C
:10250000FC0F0020034648B9EFF3058232B9064AB2
:1025100091699268914201D0FFF7A2BC83F31188C0
:10252000BFF36F8F704700BFFC0F002010B5EFF3B3
:102530001184102383F31288BFF36F8F284800F0B3
:102540004BFD60B98423274A2749284803F0D5F872
:102550002349274803F0D1F88421224812E020487B
:1025600000F05EFDEFF3058373B1224940F23B3387
:10257000214A1E4803F0C1F8204803F0BEF840F29B
:102580003B311D4803F0B0F81D4B9A68D37B012BFB
:102590000CD11C494FF44F73174A144803F0ADF89F
:1025A000164803F0AAF84FF44F71EAE7013BD373E2
:1025B0000B4800F01FFD68B94FF49973094A12499E
:1025C0000A4803F09AF80649104803F096F84FF4C9
:1025D0009971C2E784F31188BFF36F8F10BD00BFFC
:1025E0003410002073E60110A0E601101BE2011078
:1025F000B5E6011000110210B51302107910021097
:10260000FC0F002058150210CBE60110E2E6011085
:1026100070B5EFF31186102383F31288BFF36F8F29
:102620002A4800F0D9FC68B98423294A29492A4854
:1026300003F063F82549294803F05FF88421244812
:1026400003F052F8264D214800F0EAFCAB68DA7B33
:102650006AB9244940F24D33234A1F4803F04DF82C
:10266000224803F04AF840F24D311F48E8E7EFF303
:10267000058161B11E4940F24E331B4A164803F0F2
:102680003CF81A4803F039F840F24E31EDE70132D8
:10269000DA732A4652F81C4F944200D004B9EC6811
:1026A0001A7CD20604D1DA897F2A01D9A2692AB11B
:1026B0009C4202D0204600F009FC2346AB61314623
:1026C000BDE870400148FFF701BC00BF3410002096
:1026D00073E60110A0E601101BE20110B5E601103F
:1026E000FC0F002089150210B5130210791002109A
:1026F0000011021038B50446EFF31185102383F35F
:102700001288BFF36F8F184800F066FC68B9842305
:10271000164A1749174802F0F0FF1349164802F00D
:10272000ECFF8421114802F0DFFF0F4800F078FC35
:1027300020460AF051F904460B4800F05BFC68B9EA
:102740004FF49973094A0D490A4802F0D6FF064929
:102750000B4802F0D2FF4FF49971E3E785F311883B
:10276000BFF36F8F204638BD3410002073E6011090
:10277000A0E601101BE20110B5E60110CBE6011046
:10278000E2E60110024B03F11C02C3E90722704785
:10279000FC0F002070B5EFF3058373B138494FF497
:1027A0009063384A384802F0A8FF384802F0A5FF85
:1027B0004FF49061334802F097FFEFF31186102336
:1027C00083F31288BFF36F8F314800F005FC60B9C6
:1027D0008423304A30492C4802F08FFF2C492F487F
:1027E00002F08BFF84212B48E5E72D4C284800F0B0
:1027F00017FCA168206A0B68814214BF1A460022A8
:1028000049680B605960A368216A2AB9254AC3E95F
:1028100000210B6023620AE092F90E5093F90E003A
:10282000854223DD5168C3E900210B605360E569EF
:102830001C4B9D4200D005B9E568A3689D4202D0BB
:10284000284600F043FB1248A56100F0D3FB88B98D
:1028500040F26D130F4A14490B4802F04EFF0C4929
:10286000124802F04AFF40F26D11BCE78A42CDD017
:102870001268CAE73046BDE87040FFF7F1BA00BF02
:1028800000110210B51302101BE2011079100210A2
:102890003410002073E60110A0E60110B5E6011027
:1028A000FC0F002018100020CBE60110E2E601101A
:1028B0002DE9F04106460C46EFF3058777B1344920
:1028C0004FF49363334A344802F017FF334802F061
:1028D00014FF4FF493612F4802F006FF50EA010302
:1028E00004D1FFF757FF0020BDE8F081EFF3118816
:1028F000102383F31288BFF36F8F294800F06CFB1D
:1029000060B98423274A2849234802F0F6FE244967
:10291000264802F0F2FE84212248DDE7244D2048BB
:1029200000F07EFBA868234B1860FFF73BFAA8680D
:10293000234632462049183000F0A8FBAA68044616
:10294000137C174843F00403137400F053FB68B979
:1029500040F26D13134A19490F4802F0CEFE104998
:10296000174802F0CAFE40F26D11D5E74046FFF766
:1029700077FAAB68D3E90A23B3F1004F08BFBA4234
:10298000B1D10AF057F8201A20EAE070ACE700BF96
:1029900000110210B51302101BE201107910021091
:1029A0003410002073E60110A0E60110B5E6011016
:1029B000FC0F00203810002019210110CBE6011077
:1029C000E2E6011038B505460C46EFF3058373B116
:1029D000124940F2C643124A124802F08EFE1248D3
:1029E00002F08BFE40F2C6410D4802F07DFEFFF77B
:1029F0005FFFB4F1FF3F08BFB5F1FF3F0AD0C11739
:102A000009304FF00A024FF0000341F10001EDF7E9
:102A1000ADFE38BD4FF0FF30FBE700BF00110210E4
:102A2000B51302101BE201107910021038B50446EC
:102A3000EFF31185102383F31288BFF36F8F2048C3
:102A400000F0CAFA68B984231E4A1F491F4802F0E1
:102A500054FE1B491E4802F050FE8421194802F022
:102A600043FE174800F0DCFA237C5B0710D504F125
:102A7000180000F0E7FB237C204623F004032374B6
:102A8000FFF728F92946BDE838400D48FFF71EBA80
:102A90000B4800F0AFFA68B94FF49973094A0D4931
:102AA0000A4802F02AFE06490B4802F026FE4FF4BF
:102AB0009971D3E785F31188BFF36F8F38BD00BFDD
:102AC0003410002073E60110A0E601101BE2011093
:102AD000B5E60110CBE60110E2E60110014B986863
:102AE000704700BFFC0F00202DE9F843044687899A
:102AF000EFF31185102383F31288BFF36F8F8248A1
:102B000000F06AFA68B98423804A8149814802F05A
:102B1000F4FD7D49804802F0F0FD84217B4802F0FD
:102B2000E3FD794800F07CFA237C180717D5764836
:102B300000F060FA68B94FF49973744A77497548A0
:102B400002F0DBFD7049764802F0D7FD4FF4997131
:102B5000E4E785F31188BFF36F8FBDE8F883D909E7
:102B600043F0080240F083802274A36813B120462A
:102B7000FFF7F2F904F1180000F064FBA66D04F110
:102B80005808B04511D04FF0000976B13046FFF734
:102B9000E3F906F1180000F055FB3046C6F89890AE
:102BA000FFF798F8A66DB045EFD1DFF8A081D8F80F
:102BB00008309C427AD1EFF30589B9F1000918BFBA
:102BC0004FF00109D8F81C60564A964200D00EB961
:102BD000D8F80C60B34202D0304600F077F92046B6
:102BE000C8F8186003F027F8B9F1000F02D04E487A
:102BF000FFF760F8D8F808309C426AD1EFF30586F9
:102C0000002E66D1A389DA071FD53F4800F0F2F9FC
:102C1000002890D085F31188BFF36F8F86F3118859
:102C2000BFF36F8F0423184602DFEFF311851023E3
:102C300083F31288BFF36F8F334800F0CDF900287B
:102C40003FF461AF304800F0EBF92F4800F0D2F9C3
:102C500078BB40F26D132D4A30492E4802F04DFDED
:102C600029492F4802F049FD40F26D1156E72F4ADD
:102C700003F07F0343F008039442237408D12C49E6
:102C80005A232C4A234802F038FD5A21294846E7A6
:102C9000D90707D528495B23264A1E4802F02DFD97
:102CA0005B21F3E7204609F053FE5EE74FF0000991
:102CB00088E72846FFF7D4F820494FF4EE731D4A01
:102CC000144802F01AFD1E4802F017FD4FF4EE7191
:102CD000DCE70D4800F08EF900283FF42CAF85F3B7
:102CE0001188BFF36F8FFB077FF537AF40F2A25318
:102CF000104A1449074802F000FD2146124802F02C
:102D0000FCFC40F2A251C1E73410002073E6011030
:102D1000A0E601101BE20110B5E60110CBE60110A0
:102D2000E2E6011018100020180C0020580A0020BC
:102D3000D7130210B51302104B140210BA1502106B
:102D4000C5150210E7150210F2150210FC0F002045
:102D50002DE9F843064688461746EFF311891023FC
:102D600083F31288BFF36F8F214800F035F90546D1
:102D700068B984231F4A2049204802F0BEFC1C4940
:102D80001F4802F0BAFC84211A4802F0ADFC184832
:102D900000F046F93468A6421FD004B32046C4F8B8
:102DA00098806761FFF7D8F804F1180000F04AFA3C
:102DB0002046FEF78FFF0E4800F01CF988B94FF44B
:102DC00099730C4A0F490D4802F097FC08490E48C8
:102DD00002F093FC4FF49971D6E70025EBE7254606
:102DE000E9E789F31188BFF36F8F2846BDE8F883C0
:102DF0003410002073E60110A0E601101BE2011060
:102E0000B5E60110CBE60110E2E60110D3B5DDE92D
:102E10000667089CCDE90067FFF7C6F91CB1034BB4
:102E20009B685B69236002B0D0BD00BFFC0F00202F
:102E3000027C034612F01F0210D10A4988420DD0CD
:102E40000949086868B1D9897F2909D893F90E2002
:102E5000064B1B689A42B8BF00207047002070479D
:102E600010467047580A0020440300203C10002000
:102E700008B568B10F4B98420AD303F1180290428B
:102E800006D21822C01AB0FBF2F302FB13034BB1B7
:102E900009490A483F230A4A02F02FFC3F2108480B
:102EA00002F022FC0122074BC0105843064B1A5473
:102EB00008BD00BFF80C0020381602101BE20110FC
:102EC00010160210ABAAAAAA7291002070B50C4B82
:102ED0000C4D1E7CFFF7ACFF182303FB0655044680
:102EE000284600F0AFF90022074B9A553CB1621E0C
:102EF0002846BDE870400549D31700F0C7B870BD3B
:102F0000FC0F0020F80C002072910020712E01109F
:102F100038B5EFF31185102383F31288BFF36F8F59
:102F2000234800F059F868B98423224A22492348EB
:102F300002F0E3FB1E49224802F0DFFB84211D481A
:102F400002F0D2FB1A4800F06BF81E4B1E4A9C6838
:102F50001068A04213D1FFF7B9FF154800F04AF8F6
:102F600000BB4FF49973134A1849144802F0C5FB8B
:102F70000F49174802F0C1FB4FF49971DFE70021B8
:102F80001B7C1160134AD35C002BE6D02046FFF770
:102F90004FFF0028E1D0237CDB0601D1FEF7F8FFCC
:102FA0002046D8E785F31188BFF36F8F38BD00BF87
:102FB0003410002073E60110A0E601101BE201109E
:102FC000B5E60110FC0F002038100020CBE6011000
:102FD000E2E6011072910020006838B1044B00F065
:102FE00003001B7CC01A18BF0120704701207047E6
:102FF000FC0F0020002302680360EFF30581074BFC
:10300000986811B1017CC90705D41B7C1843831A49
:103010005842584170470120704700BFFC0F002004
:10302000024B1A7C9B68134303607047FC0F00201F
:10303000024B1868984208BF0020704748030020E0
:10304000034B1B680BB9F4F7A7BA0020704700BF09
:103050004010002030B570B10B4B5B6898420AD02D
:10306000036843B1D3E90421D0E90445121941EBC7
:103070000501C3E90421D0E9003213605A6000233E
:10308000C0E9003330BD00BF48030020B3F1FF3F6B
:1030900008BFB2F1FF3F2DE9F84F04469B461546A5
:1030A0001F4600F0B280D0F80090B9F1000F0CD0AC
:1030B00057496423574A584802F01FFB574802F00B
:1030C0001CFB6421534802F00FFB8160EFF3118871
:1030D000102383F31288BFF36F8F5148FFF77CFFF3
:1030E000824660B984234F4A4F494B4802F005FBA2
:1030F0004B494E4802F001FB84214A48E3E7484827
:10310000FFF78EFFBBF1000F494A1FDBFFF798FF67
:10311000064601354BF1000B454A2D184BEBE07389
:10312000D2E90017C4E904536D1843EB0707FFF712
:103130007FFF0346DFF808E1DEF80490EBB9C4E94D
:1031400000E9C9F80040CEF8044028E06FF0010320
:10315000D2E900125B1A4FF0FF3161EB02025B1BF8
:1031600062EB0B02012B72F10001BCBF01234A4646
:103170004FF0000AC4E90432D9E7D3E9041CD4E9CA
:1031800004208A4270EB0C0B2EDA891A5A686CEB19
:103190000000C3E90410C4E9003214605C60FFF76A
:1031A00047FF84420ED1234B1B685BB9BAF1000F75
:1031B00002D1FFF745FF0646304609F024FC002106
:1031C000F4F73AF91648FFF715FFB0B94FF49973C1
:1031D000144A1949104802F090FA1149174802F0B0
:1031E0008CFA4FF4997188E7521A60EB0C004B454A
:1031F000C4E90420A3D01B68A0E788F31188BFF3BB
:103200006F8F28463946BDE8F88F00252F46F8E72E
:1032100007180210E31702101BE2011079100210C8
:103220004410002073E60110A0E60110B5E601107D
:10323000100D002040100020CBE60110E2E6011046
:103240004803002070B50446EFF31186102383F382
:103250001288BFF36F8F2A48FFF7BEFE68B9842338
:10326000284A2949294802F048FA2549284802F005
:1032700044FA8421234802F037FA2148FFF7D0FEB0
:1032800023683BB3FFF7D4FE05462046FFF7E2FE76
:1032900000224FF00043A542C4E9042312D00024C9
:1032A0001748FFF7A7FE20BB4FF49973154A194939
:1032B000164802F022FA1249174802F01EFA4FF49B
:1032C0009971D7E7FFF7BCFE09F09DFB0021F4F7E9
:1032D000B3F8E4E7D4E90423B3F1004F08BF012AAF
:1032E00002BF00224FF00043C4E904236FF015042D
:1032F000D6E786F31188BFF36F8F204670BD00BFFD
:103300004410002073E60110A0E601101BE201103A
:10331000B5E60110CBE60110E2E601102DE9F04D13
:10332000DFF828810246C8F80000FFF781FE0E464C
:1033300004464FF0000A4FF0000B3C4F4FEAE27C8E
:10334000D7E9001354B1D4E90450AA427CEB000E33
:103350001EDAAD1A60EB0C00C4E9045000245218C8
:1033600043EB0C032046C7E90023C8F8004009F0EE
:103370004AFB2146F4F760F82D48FFF73BFED0B139
:1033800086F31188BFF36F8FBDE8F04DFFF7C0BD26
:10339000691843EBE5732046C4E904ABC7E90013A1
:1033A000FFF758FE01224FF000432148C4E90423EF
:1033B000FFF720FE78B94FF499731E4A1E491F4843
:1033C00002F09BF91A491E4802F097F94FF49971DF
:1033D000184802F089F986F31188BFF36F8F2046F1
:1033E000A3689847EFF31186102383F31288BFF385
:1033F0006F8F0F48FFF7F0FD58B984230D4A11492C
:103400000E4802F07AF90A490F4802F076F9842151
:10341000DEE70748FFF704FED8F80020521BC8F883
:103420000020FFF705FE044688E700BF100D0020CE
:103430004410002073E60110CBE601101BE20110DE
:10344000E2E60110A0E60110B5E6011040100020F0
:1034500010B5EFF31184102383F31288BFF36F8F3D
:103460000B48FFF7B9FD68B984230A4A0A490B489B
:1034700002F043F906490A4802F03FF98421054861
:1034800002F032F90248FFF7CBFD204610BD00BF25
:103490004410002073E60110A0E601101BE20110A9
:1034A000B5E6011070B5EFF31186102383F312888F
:1034B000BFF36F8F1A48FFF78FFD68B98423194A4D
:1034C00019491A4802F019F91549194802F015F975
:1034D0008421144802F008F91148FFF7A1FDFFF715
:1034E000AFFD144AD2E90045041945EBE0750C48DC
:1034F000FFF780FD68B94FF499730A4A0E490B48EB
:1035000002F0FBF806490D4802F0F7F84FF4997104
:10351000DFE786F31188BFF36F8F2046294670BD21
:103520004410002073E60110A0E601101BE2011018
:10353000B5E60110100D0020CBE60110E2E6011007
:10354000F8B50446EFF31187102383F31288BFF315
:103550006F8F5B48FFF740FD68B98423594A5A4989
:103560005A4802F0CAF85649594802F0C6F8842170
:10357000544802F0B9F85248FFF752FDD4E9042349
:10358000B3F1004F08BF012A13D04D48FFF732FDB9
:10359000002840F08F804FF499734A4A4D494B48B8
:1035A00002F0ABF846494C4802F0A7F84FF4997185
:1035B000DEE7D4E90A566A1C46F10003022A73F1D9
:1035C000000334D3013D46F1FF36002EBCBF002579
:1035D0002E4609F033FA013041F10001401946EB63
:1035E0000101012871F100015BDB09F027FA6FF09E
:1035F0000203013041F10001401946EB0101834211
:103600006FF000438B4151DB09F018FA013041F1B2
:1036100000016FF00102401946EB01034FF0FF314A
:10362000121A61EB030320462C49FFF72FFD236B91
:10363000256A01332363D5B12148FFF7DBFC00285D
:10364000A9D087F31188BFF36F8F2046A847EFF307
:103650001187102383F31288BFF36F8F1848FFF789
:10366000BBFC00283FF479AF1548FFF7D9FC54F8AC
:10367000185FA54289D0002D87D02846FEF704FDAB
:1036800000230F48C5F89830FFF7B4FC002882D01B
:1036900087F31188BFF36F8F2846BDE8F840FEF727
:1036A000ADBC6FF001024FF0FF33BCE700224FF0DA
:1036B0000043B8E787F31188BFF36F8FF8BD00BFF1
:1036C0004810002073E60110A0E601101BE2011073
:1036D000B5E60110CBE60110E2E60110413501101C
:1036E0002DE9F843064614461D4691469846EFF3E9
:1036F0001187102383F31288BFF36F8F2748FFF7DA
:103700006BFC68B98423264A2649274801F0F5FF57
:103710002249264801F0F1FF8421214801F0E4FF0D
:103720001E48FFF77DFCB5F1FF3F08BFB4F1FF3F36
:1037300011D11A48FFF75EFC50BB4FF49973184A39
:103740001B49194801F0D9FF14491A4801F0D5FF67
:103750004FF49971E1E7002D0ADB012C75F10003AC
:103760002246BCBF0122002512F1FF3945F1FF3886
:103770003046FFF767FDDDE90823C6E90A23002389
:103780004A463363304643460B49FFF77FFCD0E798
:1037900087F31188BFF36F8FBDE8F88348100020CE
:1037A00073E60110A0E601101BE20110B5E601105E
:1037B000CBE60110E2E601104135011070B5054677
:1037C000EFF31184102686F31288BFF36F8F2D4814
:1037D000FFF702FC68B984232B4A2C492C4801F0DE
:1037E0008CFF28492B4801F088FF8421264801F0EE
:1037F0007BFF2448FFF714FC2846FFF723FD90B118
:103800002048FFF7F7FB002837D14FF499731E4A81
:1038100021491F4801F071FF1A49204801F06DFF4E
:103820004FF49971E2E76B6ACBB11648FFF7E2FB00
:103830000028EAD084F31188BFF36F8F28466B6AA3
:103840009847EFF3118486F31288BFF36F8F0D480A
:10385000FFF7C2FB0028BED00A48FFF7E1FB05F1E5
:103860001800FEF727FD0028CAD0FEF7C7FB214647
:10387000BDE87040034809F0ADB884F31188BFF388
:103880006F8F70BD4810002073E60110A0E6011094
:103890001BE20110B5E60110CBE60110E2E60110D3
:1038A000F7B50746EFF3058373B1324940F23D1394
:1038B000314A324801F021FF314801F01EFF40F249
:1038C0003D112D4801F010FFEFF31184102686F30F
:1038D0001288BFF36F8F2B48FFF77EFB60B98423FC
:1038E000294A2A49254801F008FF2649284801F0BD
:1038F00004FF84212448E5E72248FFF791FB3D6B54
:10390000E5B93B68D3B14FF0FF334FF0FF322146AA
:10391000CDE900231B4807F11802FEF745FCEFF341
:10392000118486F31288BFF36F8F1648FFF754FB9C
:103930000028D4D01348FFF773FB3D6B00231148D8
:103940003B63FFF757FB68B94FF499730E4A11496F
:103950000A4801F0D2FE0B490F4801F0CEFE4FF4A9
:103960009971C7E784F31188BFF36F8F284603B0BE
:10397000F0BD00BF00110210271802101BE2011059
:10398000791002104810002073E60110A0E6011023
:10399000B5E60110CBE60110E2E601102DE9F84F83
:1039A0004F1E0F4206460D469A460BD02F4918234C
:1039B0002F4A304801F0A1FE2F4801F09EFE182149
:1039C0002B481CE0141D4DD241F0040B00F11408EB
:1039D000EFF31189102383F31288BFF36F8F4046F2
:1039E000FFF7FAFA68B98423244A2549214801F0EF
:1039F00084FE4146234801F080FE84211F4801F0E7
:103A000073FE4046FFF70CFB224659463046D0472E
:103A100004464046FFF7EEFA68B94FF49973174A27
:103A20001949144801F069FE4146184801F065FE45
:103A30004FF49971E2E789F31188BFF36F8F8CB16E
:103A400044F8046B7DB13C420DD03523084A10493F
:103A5000084801F052FE21462A460E4801F04DFE6C
:103A60003521ADE700242046BDE8F88F88E301103A
:103A7000491802101BE20110A3E3011073E60110C4
:103A8000A0E60110B5E60110CBE60110E2E6011058
:103A90006D1802109F18021002460021014B0248C7
:103AA000FFF77CBFA7550110B0030020014BC0F801
:103AB0008C307047B003002007B5074B4FF480628D
:103AC000009306494FF0FF330548FDF7B1FF002092
:103AD00003B05DF804FB00BFB8DF011008C300208D
:103AE000180D002000487047C4DF01100CB430B539
:103AF0008BB004460D462022002102A808F0C4FF26
:103B00000223002D06948DF80A300C4B039312DB30
:103B100001D06B1E1C440FAA0E9902A807940192B3
:103B200000F026FA15B1069B00221A700BB0BDE812
:103B3000304002B070470024EDE700BF5DD00110B7
:103B40002DE9F047002380460F462DED028B18F833
:103B500003C05A1CBCF1200F00F06C81ACF10901CC
:103B6000042940F26781BCF12B0F144630D0BCF120
:103B70002D0F32D000254CF02003692B2FD06E2B57
:103B800059D000214FF00A098E460B460E4615F417
:103B9000006065D04CF02002A2F1610ABAF1050F75
:103BA0005ED8573AD2B24A455FD34CF0200C05F0AC
:103BB0008002BCF1780F40F09480002A4CD0002E97
:103BC00040F0918045F400604FF0100980B277E03A
:103BD000002518F802C09C1CCDE74025F9E7964B5C
:103BE0009FED968A13F8011B49B118F80420601C58
:103BF00042F020028A4222D0914A93422CD1B0EE68
:103C0000480A09F09AF948B118F80430282B05D170
:103C1000013418F804300134292B12D16B0601D578
:103C2000B1EE488A0FB144443C60B0EE480ABDECA6
:103C3000028BBDE8F087834B9FED838AD2E7044671
:103C4000D0E723F02002413A192AE2D9A3F1300249
:103C5000092ADED95F2BDCD09FED7C8A0024E1E7C6
:103C6000ACF13002D2B24A4531D245F0800015F4B1
:103C7000807C80B21DD1B9F10A0F14BF4FF0070A42
:103C80004FF0080AD64507DCAD051ED406FB092611
:103C9000B6B10EF1010E13E045F4C070B9F10A0F90
:103CA00080B206D1042A04D9052A4FF0020308BFC6
:103CB0006246002A18BF43F00103850500D4013194
:103CC00018F804C00546013461E70139DEE7FE2A31
:103CD0007FF46BAFAA053FF568AF45F4007080B282
:103CE000EEE7002AB8D0002865D08900702262452E
:103CF00018D118F80420601C2B2A04D02D2A5CD17E
:103D000045F48065ADB218F800C0A01C14466246A8
:103D1000A2F1300CBCF1090F52D901340CBF00F1F3
:103D2000FF34841E013C002E00F081802A0566D5F8
:103D30001931B6F1007F59D3B6F1806F59D211F124
:103D40007E0F56DB46EA030202F00303032B03D087
:103D500002F00603062B05D10432B2F1806F24BFB6
:103D6000520801317F295FDCB2F1007F4FEA9203F4
:103D700026BF7F3123F40003002143EAC15308EE3C
:103D8000103AB0EE480A01F031FA0138022804D89E
:103D90002F4B2222F0F700FB1A50B0EE480A01F038
:103DA00025FA013802283FF639AF294B2222F0F7D5
:103DB000F3FA1A5032E7652299E74FF0FF34A7E78C
:103DC00000244FF00A09DF2CDCBF303A09FB042441
:103DD00018F800200130A2F1300CBCF1090FF2D923
:103DE0006A0548BF6442214404469BE776000139D6
:103DF0009FE706F00102013142EA56069CE78E4435
:103E00001EF12D0F0DDBBEF1270F0DDC06F00100BA
:103E10001843013006EB900008F0D5FEB0EE408A62
:103E2000BBE79FED0A8AB8E79FED048AB5E79FEDEF
:103E3000078AF3E613468AE6AA1E02100000807F76
:103E4000AD1E0210A71E02100000C07F000000007F
:103E50000C0000002DE9F0410126B24201DCBDE872
:103E6000F08107463B461F4613F8014B002CF6D065
:103E7000252CF8D11D780237252DF3D00023DFF84B
:103E8000EC809C461C461F2C27D8A5F1200EBEF1C5
:103E9000100F06D828FA0EFE1EF0010F53D12E2D5A
:103EA0003CD02E2D27D8242D33D02A2D36D0BCF14E
:103EB000000FD4D0B445D5D145F020070B68A7F149
:103EC000650CBCF1020F01D9612F42D1073323F0F9
:103ED0000703083301360B60BFE77F2CDFD96C2D59
:103EE00023D01DD8682D27D06A2D01D04C2DDED1CE
:103EF00044F4207408E0A5F1300EBEF1090FEED8AD
:103F00000A2404FB03E3202417F8015B002DBAD137
:103F1000CDE7BCF1000F18D0B34218D00023F3E76F
:103F2000742DF1D07A2DEFD0C1E7250648BF44F4B7
:103F3000007444F08004E7E7E50548BF44F40074EA
:103F400044F48074E0E70024DEE79C46E6E763255E
:103F5000B2E7692D02D007D8632D03D0250601D51D
:103F6000A405B3D40433B5E7732DF6E7892801001F
:103F70002DE9F04F837893B08046D0F804909C07E9
:103F8000CDE9081214D50B4600250B92187888B19C
:103F9000252813D00133069341460135C847002830
:103FA00080F2F48398F8023043F0040388F802307A
:103FB0004FF0FF35284613B0BDE8F08F93F801A00D
:103FC0009A1CBAF1250F0692E6D04FF0000B5E4620
:103FD0005F465C461F2C23D8AAF12003102B22D861
:103FE000DFE803F01521211B2121210B21212113C1
:103FF00021182121090044F00104069B13F801ABAC
:104000000693BAF1000FE5D11BE044F0020444F03E
:104010000404F2E744F00804EFE744F01004ECE78E
:104020007F2C00F2F880BAF12E0F00F0D58000F25C
:10403000AE80BAF1240F00F0D580BAF12A0F00F05B
:10404000B680BBF1000F06D0099B5A460BA9089811
:104050000B93FFF7FFFE002E4AF02003B8BF24F0B9
:1040600040040493A3F16503BCBF0026A4B2022B55
:1040700004D94AF02003612B40F088826FEA0A0AD3
:104080000AF0200307930B9B073323F0070303F188
:1040900008020B92049A612AD3E900AB04F04003B2
:1040A00040F0E680002B079B50460CAA08BF4FF05B
:1040B000FF360093594644F4C054334608F047FF96
:1040C00001304FF0010CDDF830A0C3B2B3420393CE
:1040D000A8BF03F1FF367023CDE9043C0AF10903C0
:1040E000122B0DD90AF16303C62B40F2F4800AF2B9
:1040F000E73340F2CE7293428CBF0423032305932F
:104100009DF83430D80700F1E880A20700F1E8807C
:10411000C4F3800B4FEA4B1B5FFA8BFB13F00C0FC1
:1041200000F0EA80BBF1000F0CBF03230423BB4265
:104130000EDA2007A7EB03070BD42F4441462020BB
:10414000C847002805F10105FFF62CAFBD42F5D1A7
:104150000027BBF1000F07D041465846C84700284A
:1041600005F10105FFF61EAF9DF83430AD4C13F09C
:10417000080FAD4B08BF1C462646324616F8010B09
:10418000002840F0B0802C1B02EB040B7AE1AAF16E
:104190003003092B3FD814F0400F4FF00A020ABF3A
:1041A00044F0200402FB063602FB073725E7BBF18B
:1041B000000F7FF422AF0B9A600652F8043B0B927B
:1041C00001D51E4619E7002BA7BF44F020041F4667
:1041D0005F4244F0280410E763063FF5EBAE44F07D
:1041E00040040AE7BBF1000F3DD014F0400A099BE0
:1041F0000BA908980CBF3A4632460B93FFF72AFEEC
:104200000B9B53F8042B0B93BAF1000F01D0164609
:10421000F3E61746F1E6BAF16C0F16D00CD8BAF1F6
:10422000680F19D0BAF16A0F03D0BAF14C0F7FF4BE
:1042300008AF44F42074E0E6BAF1740F3FF4DDAE49
:10424000BAF17A0F3FF4D9AEFBE6200648BF44F43A
:10425000007444F08004D0E6E30548BF44F40074E1
:1042600044F48074C9E65E46BB4634463746C4E62D
:10427000002B049B08BF0626652B0ED1721C44F44C
:104280008054D2B21346112A4FF065014FF000025C
:1042900028BF11239446049107E0049B662B12D19A
:1042A00044F40054B4460122112350465946CDE946
:1042B000002C0CAA00F01CFBDDF830A0C3B2039365
:1042C000022305930AE716F0FF02DBD1652394462B
:1042D00004930123E9E7022311E74FF02D0B1DE7BB
:1042E0004FF02B0B1AE7079B4146C01AC0B2C847D4
:1042F0000028BFF642AF55E614F4405F40F09680C8
:10430000039B002E03F1480308BF01266B44133BB7
:10431000039A1AB113F8012D302A75D014F0100F3A
:10432000039B18BF33461AF1040F72DBB24570DAF3
:10433000534544F400547CDD0AF101069E1B2AEA31
:10434000EA730133BBF1000F00D00133002E72D0AD
:10435000721C13449F42CCBFFF1A002714F0090FB0
:1043600003D12F44BD426AD10027BBF1000F07D013
:1043700041465846C847002805F10105FFF612AE30
:10438000230510D541463020C8470028FFF60AAE65
:10439000079B41460235C3F1780000F0F800C8479A
:1043A0000028FFF6FFAD200704D4AB467D195D451C
:1043B0004DD10027A10468D52AEAEA737642AAEB18
:1043C000030A039A013B05F1010B524589BF0CAA70
:1043D0003020524450799E4241DC41460493C84704
:1043E00000280AF1010A049BFFF6DCAD5A1C09D132
:1043F00041462E200493C8470028FFF6D3AD05F1AF
:10440000020B049B5D46DCE7039A013AD2B20392A9
:104410007EE75E1E14F4006F059A14BF0523032384
:1044200013448FE7D01802103E0D0210A10486D469
:10443000F0E7002683E7E20648BF01338AE74146FA
:104440002020C847002805F101058BDAAAE541467E
:104450003020C84700280BF1010BA8DAA2E541463D
:104460000393C8470028FFF69DADE6060AD5039BD7
:10447000013307D105F1020B41462E20C847002821
:10448000FFF690AD5D465F4412E241469DF835006F
:10449000C8470028FFF686AD002E5DDD41462E2080
:1044A000C8470028FFF67EAD01240CAB039A4146B5
:1044B000A346A242CABFE21830205079C84700285C
:1044C000FFF670AD01340CABA642EFDAAC1C5C44D5
:1044D000049B4146079A981AC0B2C8470028FFF6C5
:1044E00061ADBAF1000F4146B6BF2D202B20CAF1B5
:1044F000000AC8470028FFF655AD059B042B37D1AD
:104500004FF47A7641460334BAFBF6F505F13000F4
:10451000C0B2C8470028FFF645AD06FB15AA6426C1
:1045200041460134BAFBF6F505F13000C0B2C84788
:104530000028FFF637AD06FB15AA0A2641460134CE
:10454000BAFBF6F505F13000C0B2C8470028FFF607
:1045500029AD06FB15AA12E0E40601D46C1CB7E7EE
:1045600041462E20C847002805F10204B0DA19E5BB
:10457000059B0234032BD2D0059B012BDDD10AF120
:10458000300004F1010B4146C0B277E7AAF16303A2
:10459000122B00F2E580DFE813F013005400E30073
:1045A000E300E300E3005400E300E300E300E30082
:1045B000E300FC00DD00E300E3002900E300AB00C2
:1045C0000B9B01260DF1300A1A1D1B680B928DF80A
:1045D000303020072CD50AEB060B54465C4529D118
:1045E000A5EB0A0ABF1B04EB0A0B4BE70B9B1A1D3A
:1045F0000B92D3F800A0A94BBAF1000F08BF9A465E
:1046000014F0400F504614BF31464FF0FF3108F010
:1046100087FA0646DDE741462020C8470028FFF616
:10462000C1AC013CA642F6D32F443D1B2746D2E73E
:104630003C46F7E7414614F8010BC8470028CDDA9D
:10464000B0E421060B9B32D5A2052BD5073323F00E
:10465000070303F10802D3E900010B9224F0100BC9
:1046600000291FFA8BFB32DA40424BF4806B61EB7E
:1046700041010CAC0A23224608F07FFA1BF0400FE0
:10468000A0EB040200F09C802BF0010396429BB249
:1046900040F39F80BAF1000F40F09D802BF0110392
:1046A0009BB21FE01A1D18680B92C117D6E71A1D9E
:1046B000E00519680B9201D40846F6E7A20547BF4A
:1046C00048B241F3C01108B241F3C031C6E750EA25
:1046D0000103CED16306CCD5002ECAD124F011043B
:1046E0003246A3B2344640F206410B426FD126E077
:1046F00024F010040A23A4B214F0800C0B9A4CD0BE
:1047000014F4007115BF0732101D22F007020B9040
:104710000FBF106802F108010B91D2E9000150EAC5
:10472000010247D124F0160B62061FFA8BFB45D518
:10473000002E43D124F017043246A3B234461907A1
:104740005FD4D90704D5A74272DD3C1BA6183C46AE
:10475000A34650E044F0100410234FF0780ACBE752
:104760004AF02003782B04D1CAF1780343F01003F8
:10477000C2E741462520C8470028FFF613AC414652
:104780005046C8470028FFF60DAC0235069BFFF7E0
:10479000FDBB08234FF0000AAEE7111D10680B9116
:1047A00014F48071BBD014F400711ABFC0B261461A
:1047B00080B2B4E724F006041FFA84FB0CAC5AE77D
:1047C00014465B46D9068ED5BAF1000F05D10134E7
:1047D000B5E71446F6E73446F4E70234AFE741465E
:1047E0002020CDE90332C8470028FFF6DBAB0BF1F0
:1047F000010BDDE903325F45F1DC2C1B04EB0B05FB
:104800005C46D90616D5414630200392C847002899
:10481000FFF6C8AB039ABAF1000F32D00235414619
:104820005046C8470028039AFFF6BCAB2E441DE053
:1048300016468DE740F206410B42F7D013F0020F07
:1048400005F101054146039214BF2B20202013F4EB
:10485000806F18BF2D20E4E7414630200392C847FF
:10486000002805F10105039AFFF69CAB731B9A42E1
:10487000F2DB16460DF1300A2EB902EB050B3F1B99
:1048800000E60135D2E7013E414603921AF80600E0
:10489000C8470028039AEFDAFFF784BB4A050210E5
:1048A00041462020C847002805F10105FFF67AABF4
:1048B0007B1B002BF4DC69E7024B0A4601461868B3
:1048C000FFF756BB2CDA01101FB502AB074A009365
:1048D0004FF0CC3308F0F2FADDE90201C00840EAFB
:1048E0004170C90805B05DF804FB00BFCDCCCCCC4D
:1048F0002DE9F04F9BB00F0D04460A939DF89030C0
:104900000592C1F30A520C93C1F31303C90F079127
:104910007AB950EA03017ED10599302301274B7102
:10492000079B0A6043F002030B7138461BB0BDE8D9
:10493000F08F40F2FF718A420BD10343079B059A27
:104940004FF0000714BF43F0080343F00403137152
:10495000EBE7A2F2354A43F48015234304F0010249
:104960004FEA85080CBF27F00107012748EA947831
:10497000089208BF7F054FEA840602BF7F0DB7FA91
:1049800087F77F09BAF1000FC0F2B680504600F0F9
:10499000EFF9BAF1030FC8BF0138049000F002FA32
:1049A000049B7C3016A9A3EB0A0A8244184600F047
:1049B0008BFA12AB20462946019310AB16AA029738
:1049C0000093534608F089F9049B04460D46152BC5
:1049D00000F28E8014ABA94A3046414600934FF056
:1049E000CC33DDE9109A08F069FA149B159A9B08FC
:1049F00043EA827303EB8303B34210D1414630464E
:104A000000F0D8F9049B83428CBF4FF000084FF0B0
:104A10000108002715E01D46DFF864A29DE7089B0A
:104A2000002B55D1013E48F1FF31F01B61F100012F
:104A300000F0C0F9049BDDF8208083428CBF002782
:104A400001270C9B002B40F0C880DDF82890002641
:104A50004FF00A0B06960996DDE91001FFF734FFC7
:104A6000DDE912A3CDE90D01194650460F93FFF77A
:104A70002BFF0A4603460D990B908B420E9B72EB5F
:104A800003010F9B80F0C480204629460F92FFF758
:104A90001BFF0B9B002E14BF4FF0000808F001080D
:104AA0000F9A0BFB10460BFB03F50D9BF6B2044669
:104AB0001093554514BF002707F001070E9B0D46C4
:104AC000139211930B9B1293069B01330693C3E73A
:104AD000B01C48F1000100F06DF9049B83428CBFCB
:104AE00000200120B9EB00006AF10002CDE91002BC
:104AF0004FF000084746A4E7CAF1000B584600F003
:104B00003DF9BAF1FF3F0CBF8146A0F10109ABEBC3
:104B1000090B0AEB09035846049300F043F916A960
:104B2000A0F17D0A584600F05DF912ABA9EB0A0A24
:104B30002046019310AB294616AA009353460297CC
:104B400008F0CBF8B9F1010F04460D460ED8089BCA
:104B500013B94FF0010874E7109B4FF00108119A48
:104B6000013B42F1FF32CDE9103252E7B9F13E0F7D
:104B7000BED84FF0FF33A9F12000C9F1200103FA9C
:104B800009F203FA00F023FA01F103FA09F30243F0
:104B900026EA03060A4328EA020856EA08060CBF7A
:104BA0004FF001084FF0000833E700FB02F6013335
:104BB000A1FB001232448C4275EB0206F5D2049A36
:104BC0001344259A1344D20F9342B8BF13460A9A4E
:104BD0009A42A8BF1A46914639E70A2100220123CA
:104BE0000846E8E70BFB01FE0CF1010CA0FB0B01F2
:104BF0007144844275EB010EF4D2CC450DDDB9F160
:104C0000000F02D154EA050107D0012309933BE7C5
:104C10000A2000214FF0010CEBE7002F32D04FF0BB
:104C20000A0B50461946FFF74FFE0BFB00F20B91A3
:104C300052450E9026D1002E14BF4FF0000808F008
:104C40000108DDE91001FFF73FFE8A460D90294675
:104C50002046FFF739FE0D9A0E9B0BFB10460D46C2
:104C600004461293F6B2CDE9102A0B9A9A460B9B92
:104C70001392069A01320692D3E700BFCDCCCCCC7A
:104C8000CCFBFFFFB8F1000F05D0052E03D104F0D7
:104C900001060436F6B2049B069A13449846099B13
:104CA00053B9DDE912239D4208BF944204D1089B09
:104CB000002B49D1002F47D0042E94BF0026012697
:104CC00030194FF00A024FF000034FF0010745F191
:104CD00000011446904271EB030537D2F6B1B94595
:104CE0001CDA0C9B6BB1259A08EB070313440A9A54
:104CF000012BB8BF01239A42A8BF1A46974291469A
:104D00000CDD053008F1010807F1FF374FF00A020A
:104D10004FF0000341F10001EBF728FD4F450FFA7A
:104D200088F8059BA8BF4F464FF000093FB2B84432
:104D300008F1FF3607F105089844B9450DDB059BDE
:104D4000079A1E601A71F0E50126B9E704FB03F526
:104D50000137A2FB04232B44BCE70A220023EBF714
:104D600005FD303209F1010908F8012DE5E700BF22
:104D7000014B5843800C704741340100014B5843AC
:104D8000000D7047FB2E0B00014B5843C00C7047C1
:104D90004F931200024B5843C00C0130704700BFC4
:104DA0004F931200024B5843C00C0130704700BFB4
:104DB0004F93120070B50346094A00204FF0CC36DD
:104DC0004FF0333506FB03F402FB0144A3FB023131
:104DD00021449D4275EB010401D30130F2E770BD1F
:104DE000CDCCCCCC1A232DE9F04FB0FBF3FA334EE7
:104DF00003FB1A0389B004460D4606EB0A1653B9A5
:104E0000D6E90023C1E90023D6E90201C5E9020180
:104E100009B0BDE8F08F2A4A02EBC303D3E9008949
:104E200004AB404649460093D6E9022308F046F811
:104E300006AB83460F46404649460093D6E9002319
:104E400008F03CF800238146DDE9066216EB0B060C
:104E500052EB070828BF012333B1049B059A0133A5
:104E600042F10002CDE9043220460391FFF79AFF98
:104E700007461A2000FB0AF0FFF794FF3F1A32465C
:104E8000434648460399009708F02FF80D4A4FEA29
:104E9000141C640004F01E0352F82C40DC4004F0A3
:104EA00003042418304641F10001DDE90423C5E97B
:104EB00000414146009708F018F8A7E790D7011085
:104EC000C0D60110FCDF01102DE9F04F1A2700F1C8
:104ED0001905DFF8E8A089B004460E46B5FBF7F5E2
:104EE0006F434FEA051B0AEB05153A1A0AD1D5E9BB
:104EF0000023C1E90023D5E90201C6E9020109B096
:104F0000BDE8F08F2B4B03EBC203D3E9008904AB60
:104F1000404649460093D5E9022307F0CFFF5AF8EF
:104F20000B206B68013ACDE9020106A963F1000389
:104F300040460091494607F0C1FF8A460299002386
:104F40008146DDE906526D18039952EB010828BF2E
:104F5000012333B1049B059A013342F10002CDE9EC
:104F600004323846FFF71EFF07462046FFF71AFFB8
:104F70003F1A2A46434648465146009707F0B5FF78
:104F80000D4A4FEA141C640004F01E0352F82C4032
:104F9000DC4004F0030401342418284641F10001E8
:104FA000DDE90423C6E900414146009707F09DFF73
:104FB000A3E700BFC0D6011050E0011060D8011077
:104FC00070B52DED028BB0EE408AF0EE608A07F0EE
:104FD000B4FF30B138EE288AB0EE480ABDEC028B3F
:104FE00070BDB0EE680A07F0A8FF0028F2D1B0EE5D
:104FF000480A07F099FF38B1B0EE480ABDEC028BC1
:10500000BDE8704000F038B918EE904A34F0004323
:1050100002D1B0EE680AF1E718EE105A25F000410F
:105020009942D9DB05F0004605D1364B03EB5673A8
:1050300093ED008AD0E715F0FF4F47D10A026FF0D9
:105040007D00002A3FDC14F0FF4F0BBF1A02DA1577
:10505000B2FA82F27F3A02BFC2F1FF2202F57F026A
:10506000823210F17E0FB5BF6FF07D05C5F31605D6
:105070002D1A45F40001A0EB0200B8BFA94012F1BF
:105080007E0FB5BF6FF07D04C4F31604A41A44F478
:105090000004B8BF03FA04F40B1BD0B933EA2303AE
:1050A00028BF0B46002BC0D0B3F5000F19DB12F15F
:1050B0007E0F19DBA3F500037F32334343EAC2536B
:1050C00008EE103A88E701385200BAE7C8157F3871
:1050D000B9E7002B02DA49000138DDE7A5D0590015
:1050E000FAE75B00013ADFE7C2F1FF22F7EE007A50
:1050F00002F57F0282321341334307EE103A27EE66
:10510000278A69E7A8E0011010EE103A002123F089
:10511000004210B5541E01600F498C4202D330EE9C
:10512000000A10BD13F0FF4F0AD1DFED0C7A6FF0CB
:10513000180160EE277A016017EE903A23F00042E2
:10514000D215016823F0FF437E3A43F07C531144AB
:1051500000EE103A0160E4E7FFFF7F7F0000004CA3
:10516000024610EE100AC0F3C75320F0004183B985
:10517000A9B3DFED1B7A1B4960EE277A8A4217EE4E
:10518000900AC0F3C753A3F1190307DAC00F00F068
:1051900049B8FF2B02D130EE000A70474CF2503173
:1051A0008A4202DDC00F00F04BB81344FE2BF9DC3D
:1051B000002B06DD20F0FF4040EAC35300EE103A1A
:1051C000704713F1180FE1DB193320F0FF409FED1A
:1051D000060A40EAC35007EE900A27EE800A70479D
:1051E0000000004CB03CFFFF0000003310EE103A0E
:1051F00033F000400DD0A0F50003B3F1FE4F0AD309
:10520000421E074B9A4208D9A0F1FF435842584129
:10521000704702207047042070470320704700BF8A
:10522000FEFF7F009FED040A0028DFED047A40FEB8
:10523000277A27EE800A70470000800000008080F7
:105240009FED040A0028DFED047A40FE277A27EE5E
:10525000800A7047FFFF7F7FFFFF7FFFBFEE007A6E
:105260000028F7EE007A9FED030A47FE877A87EE63
:10527000800A70470000000008B52DED028BB0EEEB
:10528000408A07F05AFE20B138EE080ABDEC028BC6
:1052900008BDDFED027A87EEA70AF7E700000000FD
:1052A000704713B5012101AA044602F0A5F801993F
:1052B000EBF70AFF0146204601F0F6FD012002B09F
:1052C00010BD10B50446EBF7F3FE0146204601F091
:1052D000EBFD012010BD836800EBC101B3F5004F69
:1052E0002CBF51F8220031F81200704700EBC101C9
:1052F0008068B0F5004F2CBF41F8223021F8123001
:105300007047012208B5FFF7E6FFD04008BD83686B
:1053100000EBC101B3F5004F08D34B681AB143F05D
:1053200001034B60704723F00103FAE74B881AB181
:1053300043F001034B80704723F00103FAE7530069
:105340000122FFF7D3BF10B500220C46FFF7C3FFC1
:10535000201A10BD10B50C46FFF7D3FF204410BD36
:1053600008B58368B3F5004F06D3FFF7CAFF0128DD
:105370008CBF0020012008BD0020FCE710B50446CA
:10538000FFF7BFFFA368B3F5004F34BF0423082322
:10539000C3EBC00010BD8368B3F5004F34BF0423D6
:1053A0000823C91A081AC00870478368B3F5004F6C
:1053B00028BF0139B1FA81F0C0F11F0070472DE913
:1053C000F041044616460F46FFF79BFF314605465F
:1053D0002046FFF796FF05442A4639462046FFF748
:1053E000AEFF31462046FFF7B5FF2B4601460022AF
:1053F0002046BDE8F041FFF779BF2DE9F0411546A1
:105400000E460446FFF77DFFA5EB0608771B074411
:10541000424631462046FFF792FF3A46294620464B
:10542000FFF78DFF4346002229462046FFF75EFF27
:1054300029462046FFF78EFF3B46014600222046C4
:10544000BDE8F041FFF752BF38B504460D46FFF7FF
:1054500087FF70B929462046FFF753FF01462046D3
:10546000FFF7A3FF294602462046BDE83840ECF787
:10547000DFB838BD2DE9F04705468946FFF795FFAF
:1054800005EB800ADAF81C70064677B94FF0FF3456
:10549000EB680136B4401C4019D094FAA4F6B6FA71
:1054A00086F605EB8603DC6908E03C464FF003080E
:1054B00021462846FFF725FF81450BD8214628467F
:1054C000ECF70CF9324621462846ECF7B1F82046B5
:1054D000BDE8F087214603222846FFF7FCFEB8F11D
:1054E00001080446CAF81C00D0D08742E0D1CDE7BD
:1054F00038B505680C462846FFF74DFF014628469B
:10550000FFF73CFFAB68B3F5004F2EBF0021211F12
:1055100001F00701401A38BD70B5056811B90024C3
:10552000204670BDAB6801F00704B3F5004F34BFEF
:105530000422082207341444E40804EBD1049C42FA
:1055400028BF1C4628462146FFF794FF0646002840
:10555000E5D001462846FFF7D4FEA04209D93444DD
:10556000314628462246FFF748FF21462846EBF7FA
:10557000FFFF012231462846FFF7C9FEAB683146DE
:10558000B3F5004F34BF04240824FFF7F7FE6B691E
:1055900004EBC6041844AB692C44686183422CBFF9
:1055A000AB61A861BCE71146FFF7B6BFF8B5064688
:1055B00015460C4621B91146BDE8F840FFF7ACBFCF
:1055C00022B9ECF7C7F92C462046F8BD0068ECF785
:1055D000B3F80028F8D129463046FFF79DFF07466B
:1055E00008B93C46F0E721463046FFF781FF854287
:1055F0002A46214628BF0246384607F038FA214697
:105600003046ECF7A7F9ECE760B159B103684BB14C
:105610001B690B6003685B694B60036800209B6932
:105620008B6070476FF0150070472DE9F047064614
:105630000D46174698462BB34FF0000A98F80040E5
:1056400093F80190DB78A40004EB430498F802304F
:105650001C444444CA4509D339463046AC46D8F8C0
:10566000042008F10803BDE8F047604714F8013B47
:105670000AF1010A204648F82340EBF7A3F801306D
:105680000444E7E76FF01500BDE8F08730B5024647
:105690000024002012F8013B43B178B18C4207D1BD
:1056A000702B04D0A3F140053A2D07D8002030BD5F
:1056B000A3F140053A2D01D80134EAE7252B08BFB4
:1056C00080F00100E6E70020704700F053B90FB406
:1056D00007B504A951F8040B019100F04BF903B090
:1056E0005DF804EB04B07047002383F31188BFF327
:1056F0006F8F0423184602DF70470FB407B504A963
:1057000051F8040B0191FFF7E0FF03B05DF804EBE3
:1057100004B0704710B50369024613F0080009D1C0
:105720001368D4689C429BBF0120526AE31AD31AC3
:105730000B6010BD00231846FAE713B501A9044613
:10574000FFF7E8FF20B1019BE268013B134401939E
:10575000606A019BC01A013802B010BD10B5044642
:1057600050182269636AD20702D5013B184010BD68
:10577000984228BFC01AFAE710B504460A46C16825
:10578000FFF7ECFF2369E06023F00803236110BDFD
:1057900038B50D46026A8B00016843F002030446E7
:1057A00042F8213001682A46FFF7D8FFE3686168B4
:1057B000984208BF2369206008BF43F008032A46C7
:1057C000204608BF2361FFF7C9FF606038BD2DE99F
:1057D000F74F0F460021D0F80CB0066A009216F879
:1057E0002B209A4602F00302022A14BF894656F87B
:1057F0002B2006EB8B030193009B08BFC2F39D098E
:1058000019600446CAF80010B9F1000F07D04946E4
:10581000FFF7B2FFE368A3604FF0010804E00169FD
:105820008A0705D44FF00008404603B0BDE8F08F6A
:10583000C16906EB8B00884716F82B10054611F05E
:105840000108EFD08B071DD51FB139462046FFF761
:105850009FFF61682A462046FFF780FFD4E90213C4
:105860008B42606007D12A462046FFF777FF4FF052
:1058700000080146A0602369216043F00803E1604D
:105880002361D1E701462046FFF776FFE168A1607A
:105890001FB12068216A41F82090EA19CAF8002057
:1058A00021682046FFF75AFF2269206042F0080273
:1058B000226116F82B2022F0010206F82B20DDE9E8
:1058C00000321A60A8E770B504461546FFF746FF98
:1058D0002368834205D12369216023F008032361F3
:1058E00070BD226AAB0043F0020342F821306168C8
:1058F0002A462046FFF732FF6060F1E738B50369BA
:1059000004465B0706D5856AFFF717FF85422CBF63
:10591000A562A06238BD70470FB407B504A951F85D
:10592000040B0191FEF7C8FF002006F0AAFF0378E0
:105930005B075FBF03684288C3F34A2303EB12107F
:105940005DBF173020F0070080080020704700205E
:1059500070470346D3E8EF0F421CC3E8E12F00294C
:10596000F8D1704708B507F069F80A220023EAF772
:10597000FDFE08BD1FB50023CDE902011A461946F8
:105980001846CDE90033EDF777FC05B05DF804FB70
:105990000120EDF749B9002070474368DA71012210
:1059A0004368196043685A71EDF730B970B5154610
:1059B0000C4669B1D2E901369B1B99420AD813689B
:1059C0000A460146981907F052F8AB682344AB60C9
:1059D000204670BD6FF01B00FBE770B50E46154604
:1059E0001946044618B9BDE87040EDF71DB933B14A
:1059F000C2F34A231030120D184407F038F8C4E9F6
:105A000000562046BDE87040EDF782BB2DE9F3411A
:105A10005F1C4FEA8708064608F1170020F00700D0
:105A200080080C461546EDF7ABF900238DF804709D
:105A3000ADF805308DF8073068B10346019AA8F13A
:105A4000040143F8102F2A46294452F8045B8A4285
:105A500043F8045FF9D100233146A20102F4E07259
:105A600042EA482222F07F4222F4700222F03F02F2
:105A700002B0BDE8F041FFF7B0BF07B501230192C6
:105A800001AAFFF7C3FF03B05DF804FB07B5CDE93A
:105A9000002302236A46FFF7B9FF03B05DF804FB59
:105AA0001FB5CDE90123069B01AA03930323FFF74A
:105AB000ADFF05B05DF804FBF8B506460D4614468B
:105AC0001F4604B9F8BD214628463A46B047241A75
:105AD0000544F6E710B542680446D2E90023816820
:105AE0000068FFF7E9FF002263681A6010BD0A280A
:105AF00038B504460D4602D10D20EDF75BFC294672
:105B00002046EDF757FC002038BD2DE9F04305464F
:105B100089B008460E8891F800900C46D1F80880AC
:105B20001746EDF71BFC011EC6F38216C9F3C20926
:105B30001FDB4846EDF7FEFA0346214651F8102BCD
:105B40006088C2F34A22002A01EB020408BF002148
:105B50000022C0F30B10CDE90507CDE90314284658
:105B60004146CDE900220296EDF750FC09B0BDE8B0
:105B7000F0830023E1E7436800201B685B6819613C
:105B8000704701212DE9F04143681B685A6811757F
:105B90001D682F68D5E90136D3E900481CB96B6848
:105BA0001C60BDE8F081214630464246B847241AC1
:105BB0000644F3E743681B681868EDF77DBD70B5D0
:105BC00043680C461D686B681869EDF709F82146B3
:105BD00003460F222868BDE8704018470A4610B5F2
:105BE0000C460146012000F008F8002808BF2046B6
:105BF00010BD06F049BF06F03ABF1FB5CDE901015F
:105C000001A90520039200F02CF805B05DF804FB13
:105C100001460068EDF7E6BE08B5EDF773FFBDE895
:105C20000840EEF72BBB0A460121FFF726BF0021F3
:105C30000120EDF7D7BEEEF7CDBA61B662B680F3BC
:105C40001188BFF36F8F704772B6002383F31188FA
:105C5000BFF36F8FBFF34F8F30BF62B6BFF36F8F4D
:105C60007047ABBE704708B5D1E9043198470020B2
:105C700008BD08B5EEF7C4FB002008BDFAF77CBFED
:105C800083689B6803B118476FF057007047FBF7B4
:105C900005BB83685B680BB1002218476FF05700A3
:105CA00070474FF4D573082210B58AB07921CDE939
:105CB00001230023CDE90713C823044601A9006886
:105CC0000993FFF7E6FFA8B994F84B3083B1049B22
:105CD000DAB2AA2A0ED103F47063B3F5807F0BD138
:105CE000B4F86A3043F00803A4F86A300AB010BD73
:105CF000039BEDE70120F9E76FF08500F6E700234D
:105D0000102200B58BB0CDE90133CDE90723C823BC
:105D100001A90993FFF7BDFF0BB05DF804FB0A2151
:105D200020EAE070A0FB0101FCF74CBE08B530B1E1
:105D30008368DB6823B19847431E5842584108BD29
:105D40006FF05700F8E783685B6803B118476FF09E
:105D50005700704783689B6803B118476FF057007E
:105D6000704783685B6903B118476FF0570070474D
:105D7000FFF783BEF0B5102691B004460F461546D6
:105D80000021324601A806F07FFE00230122CDE962
:105D90000D630893C823039204F18C02CDE9052317
:105DA00054F8880B01AA07A90F9307970296FFF7EB
:105DB000CAFFAB1954F8042F12BA43F8042D9D42C0
:105DC000F8D111B0F0BDFBF769BA00230D2210B570
:105DD0008AB0CDE9012390F84B3004461BB9B0F8E6
:105DE0005E301B04029331230022CDE90732C82321
:105DF000206801A90993FFF7A6FFC0B994F84B20CA
:105E0000039B62B113F4407F13D113F4604F13D19D
:105E100013F4E05F18BF6FF004000AB010BD03F484
:105E2000F853B3F5106F18BF6FF00F00F5E70120BE
:105E3000F3E76FF00C00F0E76FF01500EDE71FB52A
:105E400090F84B3004467BB300236A460921019346
:105E5000FFF790FFDDE90232920F019904D0012A89
:105E60001AD0002004B010BD40F6FC72C3F303400A
:105E700002EA830343EA9173C1F3C2310133023171
:105E8000092803FA01F301D083405B0A23664FF42B
:105E90000073A4F86430E4E71B0403F47C1343EAC2
:105EA000114301339B02F1E76FF08500DAE708B593
:105EB00090F84B300A4623B10A21FFF75BFF002020
:105EC00008BD6FF08500FBE783685B6803B1184786
:105ED0006FF05700704783689B6803B118476FF0F5
:105EE000570070473A2310B58AB0CDE901314023FD
:105EF00000220793C823044601A90068CDE90823BE
:105F0000FFF7E2FF28B9049B002B08BF6FF0850064
:105F1000E3640AB010BDFFF7B0BDEEF73FBEEEF789
:105F200071BCEEF7EFBCEEF7A9BD0A448A4200D17E
:105F3000704711F8013B40BA80B25840C0F30313D8
:105F40004340180380B24340580100F4FF505840CA
:105F5000ECE70A44914200D1704711F8013B5840E8
:105F6000C30983EA1013584040B2030183EA400397
:105F7000D8B2EFE703691869FFF7D5BF0069006978
:105F8000FFF7CFBF00690069FFF7C9BF10B503690C
:105F90001C695B681868FFF7C9FE28B194F8CC004B
:105FA000023818BF012010BD0220FCE738B5036994
:105FB0005D681C692868FFF7B9FE50B12146286862
:105FC000EEF75EFB18B1012384F8CC3038BD022314
:105FD000FAE70220FAE7062910B407D0006907297A
:105FE000006907D05DF8044BFFF797BF5DF8044BDD
:105FF000FFF7DCBF002280F8CC20F3E710B544683F
:10600000D4E9010183681B6873B19847002807DB56
:10601000D4E903018368DB681BB1984700EAE070AC
:1060200010BD6FF05700F9E76FF05700F8E708B5BB
:10603000232000220721EEF747F8BDE8084023207F
:10604000EEF734B810B403460838D0E8EF2F511CEF
:10605000C0E8E41F002CF8D11AB95DF8044BEFF743
:10606000B3B86FF00F025DF8044B9A65704749B200
:106070001029436816DC0A290BD00B2910D00C22FA
:106080001B6802FB01334FF4006203F500531A60F2
:1060900004E09B682D2203F540535A6000207047AE
:1060A000DB68F7E76FF01500704749B210294368C5
:1060B00016DC0A290BD00B2910D00C221B6802FB1E
:1060C00001334FF4006203F540531A6004E09B680B
:1060D0002D2203F500535A6000207047DB68F7E774
:1060E0006FF0150070470E2909D8DFE801F00A0AA1
:1060F0000A0A22220A080A0A11111D22220000207F
:1061000070470C22514303685858C0F3C0207047B1
:10611000D0E902230A2908BF1346586800F0290075
:10612000B0FA80F04009704743685868C0F3003007
:1061300070470120704749B2102908B505DC406856
:10614000FFF7D1FF0130C0B208BDEA20FCE749B239
:10615000102910B5144607DCEFF7E2F9BDEEC00ACE
:10616000002084ED000A10BD6FF01500FBE7F0B5CC
:1061700000254FF0FF362B468B421DD21A4600EB0E
:10618000430494F90170B7420DD100EB430710F9B5
:1061900013C097F9017030F812E020F813E000F80E
:1061A00012C0013367700132914204F10204E8D158
:1061B00010F915600135DFE7F0BD43689B6823B136
:1061C00010EE183000200B60704710EE1930F9E720
:1061D0000369DB6821EA0302194043689B682BB11D
:1061E00020EE102020EE14100020704720EE112029
:1061F00020EE1510F8E708B543685B6803B19847CF
:10620000002008BD70B51C46436816469B680022F6
:10621000B3FA83F35B0901EB431528460F21FAF724
:1062200087FBB6F5001F0DD0F20104F08063C4F3C4
:10623000406109D589000BB141F0080101222846CF
:10624000FAF776FB002070BD002BF7D041F0020179
:10625000F4E708B5152000220721EDF735FFBDE86A
:1062600008401520EDF722BF10B5436804699A680D
:10627000E36821EA03007AB140EE10001940236977
:1062800001EA03005AB160EE140021EA03014AB1A9
:1062900040EE1410002010BD40EE1100EEE760EE5D
:1062A0001500F2E740EE1510F4E730B910EE1430A7
:1062B0005A40114020EE1410704710EE15305A402D
:1062C000114020EE1510704770B5436814460269FE
:1062D0009B68D568002B0CBF0120002021EA050631
:1062E00013D010EE10306340334020EE10301669AA
:1062F0000D40E24305EA0601FFF7D7FF224625EAF3
:106300000601FFF7D2FF002070BD10EE1130634090
:10631000334020EE1130EAE710B5436804699A680B
:10632000E36821EA03007AB160EE100019402369A6
:1063300001EA03005AB140EE140021EA03014AB118
:1063400060EE1410002010BD60EE1100EEE740EE8C
:106350001500F2E760EE1510F4E74368986870479F
:106360002DE9F04FD0F80480D0F81090D8F8003024
:1063700085B05B6804460F461546D3F800A009F1C6
:1063800008063046FDF78CFA4FF0010B394605EB55
:1063900045057B190393039B8B4214D1B8F8140075
:1063A0006422002300216330EAF7E0F902460B463D
:1063B00000210020CDE900013046FDF791F90020D1
:1063C00005B0BDE8F08F002010250346D4F804E0A6
:1063D000D9F800C09EF80520904212D3043A18BFA5
:1063E0000122D20093400CF110020BFA02F2DAF80B
:1063F00004001042FBD10CF1040C4AF82C3003319C
:10640000C9E7DEF810703F5C022F09D0032F09D0D6
:10641000012F02D10F78AF403B430130083DDBE74D
:106420004F78F8E78F78F6E737B54568044628686F
:1064300006F014FA30B92068EFF764FB6FF0120031
:1064400003B030BD294651F8083B5B68186806F078
:106450002AF90021686801AA00F009F80028EFDB9A
:10646000019B00221979186800F013F8E8E730B5AD
:10647000036813600579046804EBC504A34202D3E2
:106480006FF0010030BD5C7908338C42F1D10020FF
:10649000F8E770B5044600EB8105AC4201D100205D
:1064A00070BD264616F8040B00F03F0006F0F2F827
:1064B00021882078C1F3841100F03F00FAF7DEF95B
:1064C000A1782078C1F3400200F03F0001F0010103
:1064D000FAF7F0F961782078C1F3C30100F03F00CA
:1064E000FAF716FA61782078C90900F03F00FAF748
:1064F00001FAA1782078C1F3C00100F03F00FAF75B
:10650000EBF9A1782078C1F3800100F03F00FAF7A1
:106510001FFAA1782078C1F3011100F03F0006F0C6
:10652000AAF8A1782078890900F03F0006F094F8D5
:10653000E178207801F0030100F03F0006F07DF8DB
:10654000E1782078C1F3810100F03F0006F066F8A1
:106550003446A2E710B484682468A4465DF8044B6E
:10656000604707B5016940680123496800680DF17B
:106570000702EFF715FC38B99DF80700FF3818BF80
:10658000012003B05DF804FB6FF00400F9E72DE98A
:10659000F7430C460A21B2FBF1F5A5FB01694768F8
:1065A000D0F81080002C04DC6FF0730003B0BDE85D
:1065B000F0830123D8F8041038680DF10702EFF7D3
:1065C000EFFB0028F2D19DF80730FF2BEED03046CC
:1065D0004946FCF7F7F9641BE4E701232DE9F04F86
:1065E000002A85B003930D460CBF152309230469C7
:1065F00046681522FF21804604F140000193009077
:10660000CDF808D006F040FA2B68002003F03F03D5
:1066100043F0400384F841306B681A0C190E84F87B
:106620004320C3F3072284F8421084F8442084F8FE
:10663000453004F141010522FFF78BFC40F00100D9
:1066400084F8460002AB61681A463068FFF782FFA3
:10665000044678BBD8F81060019F06F1400BD8F8CB
:1066600004905F4406F148029742134626D993F9F5
:10667000001001320029F7DB13F8012BAA606AB180
:1066800012F0600F40F08480500700F18480110701
:1066900000F1848012F0120F40F08380A96901F0AC
:1066A000F002302A65D02BD8102A03D0202A4FD0F0
:1066B0006FF08504204605B0BDE8F08FDCD12F6A6D
:1066C000002F06DC96F84030FF2B0FD16FF07304DB
:1066D000F0E701235A467168D9F80000EFF760FB34
:1066E000002861DB96F84030FF2B03D05B4606F1B3
:1066F0004107C1E764200021FCF764F90A3FDFE7A6
:10670000602A36D022D801F0E0014029D0D14FF0E4
:106710000408002206F1410A1202BB42EA600AD1D3
:1067200001235A467168D9F800005746EFF738FB45
:10673000002839D15B4613F8012BE96808F1FF38CE
:106740000A4318F0FF08EA60E6D1B3E7702ADDE7F4
:10675000BB421A4604D212780133002AF8D0A9E7C6
:10676000A8D14FF47A7240F6B8314046FFF70FFFD8
:10677000A0E7BB4208D101235A467168D9F800004E
:10678000EFF70EFB80B95B461B781B02AB6091E70D
:106790006FF00D048EE76FF015048BE76FF089043E
:1067A00088E76FF0040485E7044683E7002070471C
:1067B0000020704710B5436802691B68127A1C6B91
:1067C0001AB940F20122A24306D1986910F01000D4
:1067D00002D11B680B7010BD4FF0FF30FBE7436820
:1067E0001B689A699206FCD41960704743681B685D
:1067F0005B68C3F3C000590748BF40F008009A0720
:1068000048BF40F0020003F0010340EA83007047F4
:106810000B46026992E8030083E8030000207047FA
:1068200010B5436800201B689C69A40602D4141AA2
:10683000002C00DC10BD0C5C01301C60F4E710B5CE
:10684000436800201B68141A002C02DD9C69E406D2
:1068500000D510BD1C680C540130F4E70122036917
:106860001A7443681A68936B23F02003936370478C
:1068700043681B689869C0F3C00080F0010070474E
:1068800002694368127A1B681AB9186B10F4807099
:106890000BD0986B10F0200007D0DA6B920603D46F
:1068A0009869C0F3C01070470120704743681A68A8
:1068B000936B43F050039363704743681A68936B7C
:1068C00023F050039363704702694368127A1B6890
:1068D0001AB9186B10F4007008D0986B10F0100003
:1068E0001EBF9869C0F3001080F001007047436834
:1068F0001A68936B43F4F0639363704743681A68B4
:10690000936B23F4F0639363704708B50146FFF778
:10691000DBFF20B9BDE808400846FFF7B1BF08BD5E
:106920000120704703695961DA61704708B5212079
:1069300000220721EDF7C8FBBDE808402120EDF754
:10694000B5BB08B5222000220721EDF7BDFBBDE84D
:1069500008402220EDF7AABB0122EFF74BBE2DE93C
:10696000F341456804460769A8682E68002856D197
:10697000286900285DD197F80880B8F1000F30D160
:106980004146686801AAFFF772FD00284EDB019BB3
:10699000424619791868FFF77CFD002846D16B6ADA
:1069A0000BB12046984763681A68136B23F0010304
:1069B000136363681A68D36A23F01003D3622B6AE7
:1069C000002B45D1002239462046EFF713FE102355
:1069D00073632B7F2BB963681A68D36A43F0100383
:1069E000D3620023B36340F2FF7373643B7A63B9ED
:1069F000B364BFF36F8F336B23F002033363336BE6
:106A000043F440733363BFF36F8FAB691BB1204610
:106A1000984701233B743B7A03B3002006E0E96802
:106A20008368DB680BB398470028A1D002B0BDE8AB
:106A3000F081836869691B6803B19847D5E904014F
:106A4000836807F10C02DB68002B94D0984792E72B
:106A50002046F96898470028B4D0E7E763681A68C9
:106A6000136B43F001031363D7E76FF05700DDE7C3
:106A700030B50446086808B9106008E02068456829
:106A80009D4205D3B5FBF3F515602368186830BD4A
:106A900008302060086801380860EBE710B5046929
:106AA00023684BB11A7D3AB1186905F0C9FE206818
:106AB00000210830EFF7E2FEA36923B9636004F117
:106AC0001000FAF7DDFC002010BD10B50B6813B9FB
:106AD0001846136005E003685C681CB11460036825
:106AE000186810BD083303600B68013B0B60EDE7CD
:106AF0000A460121FEF7C1BF10B5036804464BB139
:106B00001A7D3AB1186905F09BFE20680021083013
:106B1000F0F7C6F9A36933B9636004F11000BDE86A
:106B20001040FAF7ADBC10BD08B50069FFF7E4FFEF
:106B3000002008BD0029CABF026980681068CB0028
:106B40001844704773B50D461146044604F0B5FD70
:106B50002B790646452B0DD10146A268286804F022
:106B6000F0FF030707D0A3680833A36000F00F000D
:106B700002B070BD3020A26829461660337943F018
:106B800040031371A36803F10802A26000901A4643
:106B90002046F6F775FCE9E773B50D461146044645
:106BA00004F08BFD2B790646452B1DD1A2680146CA
:106BB000083A286805F055F8B8B9A36813F8042C0A
:106BC00051060CD529684A79920608D553F8083C35
:106BD0005B7913F0180F02D0204603F007FAA36880
:106BE000083BA36002B070BD0220A268294616606F
:106BF000337943F040031371A26802F10803A360E4
:106C00000090A2F108032046F6F78EFCA368103B23
:106C1000E7E7D1E9001202F012B913B5884200F19A
:106C20000802A1F1080301D302B010BD9C6852F81C
:106C3000081C42F8084C12F8040C1C7B009102F866
:106C4000044C9960187319461046E7E770B58268DE
:106C5000D0E904639B1AB1EBE30F04460D460BDB4E
:106C60000022F2F71BFA30B1A368726803EBC50388
:106C70009A4238BF736070BD0120F5E703698068F0
:106C80001B680833C01AC010704738B50B1E044685
:106C900003F101030EDB0269126802EBC303826891
:106CA00000209B1ADB101A46002AA16811DC002B79
:106CB000A8BFDB1AA16801EBC30143B1236A8B4271
:106CC00005D300230622204602F078F90146A16090
:106CD00038BD01F10805A560013A0871E4E770B517
:106CE00014468668FFF726FF002CB8BFE44305462C
:106CF000A6F10806ACBFA6EBC40400EBC404214611
:106D0000FFF78BFF314604F10800FFF786FF31469D
:106D10002846BDE87040FFF780BF38B50446856857
:106D2000F0F7D6FC03682B6003792B71A368083356
:106D3000A36038BD10B50446F0F7CAFCE3682C33F5
:106D4000984216BF00794FF0FF3000F00F0010BDE1
:106D500007B5F0F7BDFC0379132B05D001A905F0A9
:106D6000B8FA03B05DF804FB0120FAE7F8B506466F
:106D70001746F0F7ADFCF56804462C3585420CD07B
:106D800039463046F0F7A4FC8542024605D021463C
:106D9000BDE8F8400020F6F753BC0020F8BD37B539
:106DA000002514460195F0F793FC0279032A07D1D8
:106DB00003680120019304B12060019803B030BD45
:106DC0002A4601A905F05DFBF5E708B5F0F780FC60
:106DD0000079012804D010F00F0018BF012008BD71
:106DE0000020FCE770B50E4605461446F0F770FC2F
:106DF0000379014603F00F03042B15D0032B04D0B5
:106E00000CB100232360002070BD284603F013FD61
:106E1000EB68DB68002B02DC284603F0A3F931465F
:106E20002846F0F755FC0146086890F9072054B150
:106E3000002A03DB226008681030E5E7C36823609E
:106E40000B681869E0E7002AF6DA0069DCE710B59C
:106E50000446F0F73DFC0379024603F03F010729A1
:106E600012D013F0380004D1042906D005290ED021
:106E700010BD142905D00020FAE7136893F9070024
:106E8000F6E71368D868F3E703689868F0E72046E8
:106E9000BDE81040116804F07ABF002283681A71BF
:106EA00083680833836070470322836819601A710E
:106EB000836808338360704738B505460C4669B966
:106EC00083681971AB680833AB60EB68DB68002B33
:106ED00002DC284603F046F9204638BD04F0EDFBFD
:106EE000AA681060037943F04003137190F90730EA
:106EF000002BB4BF046900F11004E3E738B5044681
:106F0000F3F772FAE3680546DB68002B02DC2046E3
:106F100003F028F9284638BD0EB433B505AA52F857
:106F2000041B04460192F3F75FFA054618B90421E1
:106F3000204601F07CFCE368DB68002B02DC204685
:106F400003F010F9284602B0BDE8304003B07047A6
:106F5000F8B504460E4615463AB9162283681960FC
:106F60001A71836808338360F8BD114601F090FF01
:106F70006FF007036B43C66000271E4600F1100147
:106F8000AF42A26801F1080110DBD118A160D05016
:106F900066230B71A3680833A360E368DB68002BEA
:106FA000E2DC2046BDE8F84003F0DCB802EB060C5A
:106FB0009259013741F8082C9CF80420083601F852
:106FC000042CDDE7002914BF1122012283681A7105
:106FD000836808338360704738B504461546F0F778
:106FE00077FB2A4601462046BDE83840FFF7AABD98
:106FF00010B50446F0F76CFBA2680068083A114629
:10700000F5F760FBA36810F00F00A3F10802A2607F
:1070100008BF03F8040CA3680833A36010BD38B59B
:1070200015460446F0F754FB0068691E8368A268A1
:107030008B421CD9C3682B44DB781D0706D1002086
:10704000A3681871A3680833A36038BDC1F17F51EC
:10705000137101F57F11C06801F57F513F31A268BE
:1070600050F82110116013F00F00EBD1E7E729462B
:1070700004F038FD0346F6E770B504460D461646A3
:10708000F5F7F8FA4522A368002D18601A71A36875
:10709000014603F10803A36001DC002E04DD334642
:1070A0002A462046F5F7B6F9E368DB68002B04DCD6
:1070B0002046BDE8704003F055B870BD10B50446D9
:1070C000F0F706FB037903F00F03052B06D0072B1F
:1070D00010D0E2683E3352F8230001E0036858699B
:1070E00038B14522A368186001201A71A3680833DB
:1070F000A36010BD0368D868F2E737B504460D46B3
:10710000C3686A46586A022104F0ECFC2A466946C4
:107110002046FFF741FD03B030BD38B504461546A3
:10712000F0F7D6FA2A4601462046BDE83840FFF778
:1071300033BD70B504461646F0F7CAFAA368056871
:1071400032462946083B204604F0F6FDA36813F8B2
:10715000042C51060CD56A79920609D553F8083CDF
:107160005B7913F0180F03D02946204602F03EFF4A
:10717000A368083BA36070BDF8B5CE43069F816845
:107180000446154601EBC60197B1C66DB6F5803FC2
:107190000ED2066937610669B36101F04DFE002D1C
:1071A00005DA2369A2685968914238BF5A60F8BD70
:1071B0002A46204601F043FEF1E710B582680346F7
:1071C00012F8041C442909D1C46852F8081CD4F8E8
:1071D0009020914202D1042101F029FB1846F1F7D9
:1071E000CFFD10B50446F0F773FAA2680168083ABB
:1071F0002046F5F7B5F8A36810B10833A36010BDB9
:10720000083BFBE738B5044692B2F4F771FF47221A
:10721000A368054618601A71A3680833A360E36881
:10722000DB68002B02DC204602F09CFFEB881BB1E0
:107230000333DB00E81838BD1023FBE7486818B1BA
:107240000023106008684B6070470EB433B50446E5
:1072500005AB53F8045B01210193F0F7CBFB019AD6
:1072600029462046FFF74AFE02212046F0F752FB4E
:107270002046FFF7A2FF02B0BDE8304003B07047E0
:1072800070B50D464FF0FF310446FFF753FD40B98E
:107290006FF001012046FFF7F8FC4FF0FF3528465C
:1072A00070BD29462046F0F745FA01220146064600
:1072B0002046FFF7B4FE03281CD100224FF0FF3117
:1072C0002046FFF76CFD05466FF001012046FFF7F1
:1072D000DCFCD5B12A4631462046FFF7A0FE01224C
:1072E00031462046FFF725FF2A4631462046FFF764
:1072F00020FFD4E700212046FFF7D6FD01223146CA
:107300002046FFF716FF0025DEE731462046FFF74F
:107310009EFD451CE8E770B5161E044617DBF0F726
:1073200009FA0546014601222046FFF778FE32465B
:1073300029462046FFF7FDFE31462046FFF7B4FD03
:1073400029462046BDE870400122FFF7F2BE70BD1D
:1073500037B5054608460C46E9F734FA00230246DD
:107360000093214623462846F0F72AFC03B030BD9F
:1073700038B504461546FFF7A1FE10B9002528468A
:1073800038BD29462046FFF797FD6FF001012046E2
:10739000FFF72EFE054628B96FF002012046FFF7E1
:1073A00074FCEBE720464FF0FF326FF00101FFF76E
:1073B00096FC6FF001012046FFF767FCDFE738B568
:1073C0000D4611460446F0F7EDF9294602462046DF
:1073D000BDE83840F0F702BC70B5144605460E46CD
:1073E000FFF7A8FCA04206D0224631462846BDE859
:1073F0007040FFF7E4BF70BD70B505460E46FFF75D
:10740000F1FC044620B9042231462846FFF7D7FF95
:10741000204670BDF8B506460F4614461D46FFF7D8
:1074200089FC002807DC25B120460CB1E9F7CAF930
:1074300028602046F8BD2A4639463046BDE8F84067
:10744000FFF7DABF70B505460E461446FFF772FC2B
:10745000002805DD31462846BDE87040F0F7F2BB54
:10746000204670BD70B504460D461646FFF7B4FDC4
:1074700005281AD06FF001012046FFF706FC2946C7
:107480002046F0F757F90022054611462046FFF73F
:10749000F3FD4FF0FF312046FFF73FFC2046324618
:1074A0002946FFF73AFE002070BD0120FCE70B786B
:1074B000042B10D1D1E903239A420CD14A68FF2A48
:1074C00009DC03681B6B03EBC2031879A0F14403CA
:1074D00058425841704700207047F0B50C460646A8
:1074E00087B001AF05460FCE0FC7376826460FCECF
:1074F0000FC533682B6001AD0FCD0FC4276007B0F7
:10750000F0BDF7B504460768154600696A460E46A1
:10751000F5F7D8F8030703D0009D284603B0F0BD67
:107520002A4639462046F0F76BFC032305460090B7
:10753000A0688DF8043032466B462169006A04F079
:10754000E7FBEAE707B50B79009143F040036A4691
:1075500069468DF80430FFF7D4FF03B05DF804FBF3
:1075600073B503780446062B0D4616460CD14368C6
:107570000193D4E903239A4208D1019B7F33FF2B67
:1075800004D801202B6002E0052B02D0002002B0BD
:1075900070BD002194ED010A01A8F5F789FE0028CD
:1075A000F4D001233360E4E71FB5D1E903239A4205
:1075B0000C4602D0002004B010BD0B78013B062B16
:1075C000F8D8DFE803F01404122C231F280011233D
:1075D00002AA11468DF80C30FFF793FFFF28E9DC73
:1075E0000423606023700120E5E70123F0E7002316
:1075F0008DF80C30036969460093452302AA8DF883
:107600000430E9E74B6802930323E1E791ED010AB7
:10761000F0F73CFCE2E74968FFF794FFDEE74868D3
:10762000DCE7D0E903239A4211D10378052B08D077
:10763000062B0CD119B143680B6003230B71012099
:1076400070470029FBD043680B601323F6E7002046
:107650007047F0B589B007460E46104602A9144699
:107660001D46FFF7DEFF18B90025284609B0F0BD1A
:10767000284604A9FFF7D5FF05460028F4D0F31EDD
:107680000A2B15D8DFE803F0261426260606060680
:1076900006140600002206A902A804F0E1FE002854
:1076A000E2D0002206A904A804F0DAFE0028DBD00C
:1076B000B86806AB0093314604AB006A02AA03F037
:1076C0001BF89DF81C30032B14D106232370069B56
:1076D0006360CAE79DF81430032B0ABFDDED047A1E
:1076E000DDED047AF8EEE77AF5EE407AF1EE10FA85
:1076F000BAD0DDE7DDED067AF4EE677AF1EE10FA46
:10770000B2D1F5EE407AF1EE10FAADD00523C4ED1A
:10771000017A2370A9E7036842691B6C134413F9CB
:10772000012C12F1800F09D0C3699B1AC36190F834
:107730003A30013BDBB280F83A307047836A013B54
:1077400083628123F7E738B504460D4603F065FAF6
:10775000A842DEBF94F8393003F1FF3384F83930A2
:1077600038BD914270B505460E46144607DDFFF759
:10777000EAFF21462846BDE87040FFF7E4BF114606
:10778000FFF7E1FF3146F5E70B78082B137814BFBC
:107790004FF0FF314968082B14BF4FF0FF32526899
:1077A000FFF7DFBF0B78082B02D14968FFF7CBBF8B
:1077B000704710B51446F0F7C3FB016801F07F0372
:1077C000432B15D1FF2C4FEA114307D0DAB2944274
:1077D00004D064F3CE110160012010BDDB0103F47D
:1077E000FF4301F400410B4343F042030360F3E71E
:1077F0000020F2E7436B53F82100C00900F17F40FD
:107800000130431C1CBF0131401870472DE9F8437B
:1078100005460C4616461F46631C01D1BDE8F88399
:10782000D5F8009021464846FFF7E4FF3A468046E7
:1078300021464846FFF7BDFF30B132462146284673
:10784000F0F764FB4446E7E7089AF7E738B50446E3
:107850004B1C01D1002038BD25682846F0F770FB8D
:10786000036803F07F03432B04D12846FFF7C2FFD0
:107870000146EDE70120EEE738B505460C46631CEE
:1078800000D138BD2146FF222868FFF792FF21462C
:107890002868FFF7AFFF0446F1E70378062B0AD10B
:1078A000D0E903239A4206D140687F30FF288CBF7D
:1078B000002001207047002070470EB403B503AAD2
:1078C00052F8041B0446006A0192F2F78DFD01464E
:1078D00018B90421206A00F0AAFF0023E360A3681E
:1078E0002046636002F0E7FD10B4044608461146E6
:1078F000D0E903239A422BD10378013B0C2B23D8E8
:10790000DFE803F00F0D0722222211222222222279
:107910001700012301200B715DF8044B7047112300
:10792000F8E70023F6E743680B601B7943F0400358
:10793000F0E7A3681A6B43681268180102EB03139F
:1079400012580A601B79E5E75DF8044BFFF769BE42
:107950000020E1E770B5561C044603D00868451CBA
:1079600001D10A6070BD2668014605463046FFF722
:1079700041FF431CF8D129462046BDE87040F0F78E
:10798000C5BA034640699861704707B5FF23009266
:10799000FFF73CFF03B05DF804FB42698261FFF72B
:1079A000F4BF30B4039C029DE40344EA056444EA56
:1079B0000344214341EAC21130BCF0F7D3BA30B4DA
:1079C000039C029DE40344EA855444EA03442143B2
:1079D00041EAC21130BCF0F7C5BA41EAC21141EA2E
:1079E000C331F0F7BFBAB2F5003F70B50546144693
:1079F00006DABDE8704013460A460321FFF7EDBFE3
:107A00000A4600230421FFF7E8FFE1012846BDE80C
:107A1000704041F05401F0F7A5BA38B504460D4660
:107A2000F0F72AFB94F83930591984F8391038BD29
:107A300002F57F43FF33B3F5003F37B505460C46EB
:107A400009D2DB0343EAC11141F0010103B0BDE8F3
:107A50003040F0F787BA0323694600926A468DF8F2
:107A60000430FFF74EFD21460246284603B0BDE82C
:107A70003040FFF7B8BF0B78152B0AD108230B70E5
:107A800003684A685B6B53F82230C3F3C7134B603B
:107A90007047162B0CD1036848685A6B52F8203097
:107AA00023F07F4343F0007342F8203014230B701F
:107AB00070470268D37943F00203D37109230B7036
:107AC000704737B50B780546093B0C460D2B2AD875
:107AD000DFE803F03634293A076471434E59292907
:107AE0007E7E83681A6B4B681168180101EB0313E3
:107AF0001A7902F03F02142A15D8DFE802F01B16AB
:107B0000140B1D1414141414141414141414141930
:107B100014101D00062323700B58636003E0052238
:107B200022701B68636003B030BD03232370FAE743
:107B30000223FBE70123F9E70723ECE7FFF7B9FF8F
:107B4000237963600823F1E74968090441F00901DA
:107B5000F0F708FA14236060E8E700220192B1F917
:107B6000043000938B790B212846FFF71AFFF1E7C9
:107B70008979FFF7E8FD00220192B4F904300D2164
:107B80000093A379F0E78979FFF7DDFD00220192E8
:107B9000B4F904300E210093A379E5E7B1F904208C
:107BA0008979FFF7DEFD00220192B4F904300C213F
:107BB0000093A379D8E7B1F904208979FFF7D1FDC3
:107BC00000220192B4F9043051210093A379CBE74C
:107BD00003B0BDE83040FFF74EBF70B52DED028B0E
:107BE0000C4684B006461546FFF76BFF2378013B31
:107BF000132B13D8DFE803F00A1F162C325225622C
:107C000012121212121212121212125801222946C4
:107C10003046F0F7D3F908236560237004B0BDEC5B
:107C2000028B70BD00232A460521CDE90033304682
:107C3000FFF7B7FEEFE700232A460721CDE900331F
:107C4000F5E730466168FFF77DFC04236060237030
:107C5000626829463046FFF7C6FEDCE794ED018AEC
:107C60000021B0EE480A03A8F5F722FB78B103998A
:107C700001F57F41FF31B1F5003F08D2C90341EA68
:107C8000C511304641F00201F0F76CF9C3E7B0EEE0
:107C9000480A3046F0F7FAF80246DAE72946304655
:107CA0006268FFF7C5FEB6E7336861685A6B52F841
:107CB000213065F3CE1342F82130ACE76368AB4264
:107CC000A9D000212A46CDE90011B0E72DE9F743FC
:107CD0000D4604461646FFF780FF2B78132B05D17F
:107CE00020466A6805F10C01FFF734FED5E9031759
:107CF000B9423ED02046FFF7A9FD28B939462046B3
:107D0000FFF7A4FD002841D02B78132B3BD0204651
:107D1000F0F74EF98146002763693246A3610621D8
:107D20003B46CDE900772046FFF73BFE636907211C
:107D3000A36180463B46CDE9007732462046FFF7F7
:107D400030FE494607462046FFF727FED4F8149038
:107D50003346C4F81890CDF800804A462046296979
:107D6000FFF754FD009733464A462046E968FFF77F
:107D70004DFD4FF0FF33C5E9033308236E602B70D0
:107D800003B0BDE8F0834FF0FF39C4E74FF0FF3791
:107D9000B846DBE773B50B780446142B0D46164640
:107DA0001DD103684A685B6B53F8221001F07F0312
:107DB000332B16D1FFF7AFFC4369C1F30742013BF8
:107DC00043610023422186F0010601960093FFF7EC
:107DD000E8FD204602B0BDE87040F0F7E9B8082B96
:107DE0000AD001212046FFF718FE94F839202946D1
:107DF0002046013AFFF7F1FE29462046FFF7D2FC64
:107E0000002301960093FF22432120466B68DEE7A2
:107E100038B504460D46FFF754FE29462046FFF7C5
:107E2000C1FC20460121FFF7F8FD94F839202946CE
:107E30002046BDE83840013AFFF748BF70B50C4610
:107E40000546FFF73EFE2378082B11D1D4E9032322
:107E50009A4266680AD0284602F0DFFEB04207DC8C
:107E6000214628466268FFF731FF6668304670BDDC
:107E700021462846FFF7CCFFF7E770B505460E46CA
:107E8000FFF792FB044618B931462846FFF7D6FFA4
:107E9000204670BD2DE9F341DDF820800D464146B6
:107EA0001F4604461646FFF7E8FF0190D8F8043055
:107EB0003246009329463B462046FFF772FD02B04A
:107EC000BDE8F0810B780C2B01D00A2B03D1D1E94E
:107ED00003239A4201D0FFF7B1BF704730B40C784A
:107EE0000246132C0B4603D0D1E90354A54204D01B
:107EF00030BC19461046FFF7A1BF30BCFFF7E1BD0B
:107F000073B50B780546093B0C461646092B1DD860
:107F1000DFE803F0051C1C101C3D38232C323146D1
:107F2000FFF740FC31462846227902B0BDE8704098
:107F3000FFF7CCBE3146FFF781FF0023CDE90033C8
:107F400002460A2128466368FFF72BFD3146284682
:107F500002B0BDE87040FFF725BC0096B1F90430CF
:107F60008A790F212846FFF795FFEFE70096B1F9D0
:107F700004308A791121F5E70096B1F904308A7945
:107F80001221EFE70268D37943F00203D371009620
:107F90001021B4F90430A279E4E738B50C4605465F
:107FA000FFF78FFD2378072B0AD8032B20D8022B4D
:107FB0001ED0002221462846FFF7ECFE02460AE0CA
:107FC000132BF6D161682868EFF7BAFF036883F4D2
:107FD000004303606268284604F11001FFF7BAFC11
:107FE0002846E168FFF7D9FC4FF0FF33E36038BD66
:107FF0004FF0FF32EFE72DE9F3410E4604461546F8
:10800000FFF71CFF31462046D6F80480FFF7CAFB75
:10801000082394F839700221337020467760FFF707
:10802000FCFC6B6893F90730002B15DB29462046D2
:10803000FFF7BAFA80B1002301936B683A460093C8
:10804000142143462046FFF7ACFC2946204602B0E7
:10805000BDE8F041FFF7A6BB002629462046FFF702
:10806000EDFE434631467A1C2046CDE90066FFF717
:1080700098FC01966B683A4600930C214346E1E771
:10808000F8B513780646072B0C4615461FD15168E4
:10809000FFF758FA0423074668602B7023780C2BEF
:1080A00008D129463046FFF702FA18B92146304672
:1080B000FFF7C4FE23780C2B0CD110226368A37148
:1080C0002B79A38000232270A760E371F8BD4FF0E5
:1080D000FF37E3E70A2B08D129463046FFF7AEFE0B
:1080E00023790F22A371C3B2EBE7237929463046E7
:1080F000A371FFF7DCF910B112222B79E1E72B789D
:10810000062B06D1D5E903239A4202D16B68FF2BD7
:1081100006D929463046FFF791FE0E22C3B2D0E7BA
:1081200011221BB2CDE773B50E4611460546144623
:10813000FFF7C7FC142E2ED8DFE806F03D3D3D3D8D
:108140003D3D3D3D3D3D3D3D364A57574A57570B16
:1081500012002146284602B0BDE87040FFF71DBF5F
:1081600021462846FFF7ADFC2378032B03D0132BC1
:1081700004D0012B11D14FF0FF3200E06268284695
:1081800004F10C01FFF7E6FB28462169FFF705FC27
:108190004FF0FF33236102B070BD01222146284613
:1081A000FFF7F8FD0246EAE72146284602B0BDE89F
:1081B0007040FFF72DBE00212046FFF732FA00285D
:1081C000E9D12146284602B0BDE87040FFF736BE2F
:1081D00000212046FFF725FA0028DCD12146284659
:1081E00002B0BDE87040FFF748BE6946204601AACC
:1081F000FFF7B6F9E3E710B5FFF78DFABDE81040D9
:108200000A460168EFF7AABD2DE9F04F85B0044694
:108210000D46DDF840909846DDE90EA39DF844B088
:108220009DF8487002920393FFF708FE0022034670
:1082300006464146CDE900A22046FFF7B2FB029A6E
:10824000804629462046FFF79FFA142349462046D8
:108250002B70C5F80480FFF7CEFF039B5946CDE98C
:108260000073324653462046FFF79BFB49462046A3
:1082700005B0BDE8F04FFFF7BEBFF0B51678054674
:10828000062E87B029D1D2E90376B74225D15468AA
:1082900004F17F06FF2E20D8C4F17F04FF2C1CD8E8
:1082A0009DF8347004972F2703970C9F029700279F
:1082B000CDE90047FFF7A8FF01202A686B69516BE1
:1082C00003F18043013B51F8232022F47F0242EA6C
:1082D000064241F8232007B0F0BD0020FBE7F0B5CF
:1082E0000C4687B0194617461D460646FFF7A6FD01
:1082F0002E2203920C9A04F12203029200220634E9
:10830000E4B2CDE9000239462A4630460494DBB295
:10831000FFF77AFF07B0F0BD2DE9F043064687B0BE
:108320000C46DDE90E980021184617461D46FFF75A
:1083300078F9C8B129463046FFF736F9A0B13022A6
:1083400004F11603CDE902820634E4B20494CDF8B8
:1083500004906A683946009230462A46DBB2FFF73D
:1083600053FF07B0BDE8F083B9F1000F03D02946F1
:108370003846FFF7B2F82B463A4621463046CDF84C
:10838000388007B0BDE8F043FFF7A9BF2DE9F047FB
:108390000446924622681C46002B566BB8BF03F277
:1083A000FF345A42C2F309020898C3F3090958BFBF
:1083B000C2F10009B3F5806F0D46B4BF4FF000085D
:1083C0004FF0010806EB8107A41210B1F1F7B0FEDF
:1083D0000130030443EACA1343EA895343EAC8332A
:1083E000E40143F0130344F0540446F825307C6064
:1083F000BDE8F08773B514465A1C08BF0023B4F5D6
:10840000806F06460D460BDA0022CDE900420A468F
:108410004E21FFF7D4FA013586F8395002B070BD0D
:1084200001220192C4F30902A4120092E4010A4657
:108430004E21FFF7C4FA304644F05401EFF792FDA5
:10844000E9E7F8B504680646E3799D074FF00005B3
:1084500044BF23F00103E3717369AB4200DCF8BD54
:10846000616BAA0051F8253003F07F00382837D01F
:1084700045380C2823D80C2821D8DFE800F0121248
:108480000707202020202020202B220096F83B00E8
:1084900010B9E079C00712D523F07F0343F04603FB
:1084A0008B5096F83B301BB18B5843F400438B50F4
:1084B000E379DB0703D5A3790A440133D37001358F
:1084C000CAE7E0798707FAD523F07F0343F00C036E
:1084D0008B50F4E7E0798007F1D543F40043F7E7E8
:1084E0002A46642051F8223003F07F07382F06D146
:1084F000DB0903F17F43023301381A44F2D12946E4
:108500003046EFF703FDDAE7036800691B68DB68B4
:108510005B6BC01A80100138704770B5046C34B3BF
:10852000456A1DB1426C1368994207DA4FF0FF3378
:10853000806A23441A1B914215DC70BD0B4600294A
:10854000B8BF01F17F03DB11013B184601339D42A7
:1085500003DD52F83360B142F7DA02EBC00552F89E
:1085600030306868E5E713F9012F1044E2E74FF077
:10857000FF30E2E708B503681B68DA68FFF7C4FF5D
:10858000BDE8084001461046FFF7C7BF0346081E76
:1085900004DB1969303330B1994201D100207047B2
:1085A00089680138F7E79942F9D0012011677047CF
:1085B0000EB487B5D0E90336DB680446002B01DC36
:1085C00001F0D0FD06AA204605990192F1F70CFFB3
:1085D000054618B90421204600F029F9336A1B0426
:1085E00018D4336830461B68DB68DF6CFFF7C2FFC6
:1085F0003A46034629462046F0F79CFBA36853F809
:10860000082C43F8102C13F8042C03F80C2CA36846
:10861000083BA3602046F0F7B3FB154608B50C797C
:108620001A4604F00F04032C08BF2946F0F7DCFBC0
:10863000012210B501690B680C691B68DB684A618F
:108640005A6B944205D1DB799A0707D10B6A1B025A
:1086500001D5012010BD00F01EFAFAE70020F9E76D
:108660002DE9F743D0F870900446066919F00C0024
:1086700003D1706103B0BDE8F08333680D1D1B6842
:1086800019F0080FDF6835610FD0E36E013BE36638
:108690005BB94FF00108A36EE366336A1A020AD58C
:1086A00023F4000333620120E4E719F0040FFAD049
:1086B0004FF00008F1E7336953F8040CF1F7A0FF1D
:1086C00008B97368A360B8F1000F07D000234FF01A
:1086D000FF3203212046009300F05CF919F0040FEB
:1086E0001DD07B69216E9942A8BF00217B6BED1ADA
:1086F000AA10551EA9422BDA3B6C7BB1681A3F28A1
:108700001CDC5818013B1344002210F901CF1CF166
:10871000800F13D083426244F7D1CAB92566E3794A
:10872000012BC0D1B8F1000F00D0E366336A0121FC
:1087300043F400032046336200F079F83846FFF72F
:10874000ECFE294681463846FFF7E7FE8145E5D035
:1087500029463846FFF7E1FE002302460221204663
:10876000009300F017F9D9E7F0B56FF007068568B8
:108770009A42144606FB0252A8BF1C4600250E1D55
:10878000AC4202F1080209DC002524EAE4720C1D67
:108790009A420DDB01EBC3018160F0BD52F8087C09
:1087A00041F8357012F8047C06F835700135E7E7BA
:1087B00004F832500132EBE70A790023096800F02F
:1087C000FDBB8369826810B51A448260026A134453
:1087D0000362C3691BB90121036933B910BD9968EC
:1087E00082690A449A60DB68F4E782695C68224423
:1087F0005A6082691C6822441A601A6A120458BFBF
:1088000059619B68E9E704290AD1C368D3F890301D
:1088100013601B7943F04003137108328260704784
:10882000836853F8081C116013F8043CF4E708B59A
:10883000C26A044632B182F8A810C06A0121083029
:10884000E7F77EFDC56802F0C4FDE071D5F8FC32A3
:10885000014605F534767BB1D5F8D83203F108022C
:10886000C5F8D822A26852F8080C186012F8042C37
:1088700030461A71FFF7DBFFD5F88C300BB120467C
:108880009847EBF7D1FD00B5C36DB1B0019300235C
:108890008DF8B830C36A0090049304ABC36206A895
:1088A000CDE90212E7F744FD18B903990098029B3D
:1088B0009847009A049B9DF8B800D3621346019A2A
:1088C000C0B2DA6531B05DF804FB2DE9F84F04461B
:1088D000C368884693F841B083689246D0E9052181
:1088E0005B1A8360036A521A5B1A0362C369D7106A
:1088F000E3B9256905BB0120E36808F105094FEAE2
:10890000C90983F8410028324B46204601F029FE70
:10891000E368064683F841B0C0B92046FFF751FF2F
:10892000BAF1000F23D00421FFF781FF9868A569F1
:10893000401B9860DB68DBE7A0696B681B1A6B6003
:10894000A0692B681B1A2B60AD68D3E7A061204695
:10895000FFF737FFA369A9F128094B44636108F1C8
:1089600004087B1D0436984504DA4FF0010A50468E
:10897000BDE8F88F06F833500133F4E782684369A5
:1089800008329B1A082B826003DC01221146F0F7A3
:1089900085BB70472DE9F041D0F8548004469C46D1
:1089A0009EB0B8F1000F3BD08079002838D02569FF
:1089B000A7696B68A0681D95C61BDF1B249BC4F8C4
:1089C00074C0A3672B6A01911B04079204D46B68DF
:1089D00098423CBF1846A36063691B1AA02B04DCB5
:1089E000012214212046F0F759FBA3686A68A033DE
:1089F0009A4238BF6B600023A3712B6A204643F470
:108A000080132B6201A9C0470123A371A3693B44D2
:108A10006B60A3693344A3602B6A23F480132B6239
:108A20001EB0BDE8F081F7B5036F06469C070D4602
:108A300020D58368286A09680004A3EBC20328D400
:108A40000868C068C47914F0010403D08479A86967
:108A50000444013401EBC4015B1A2960DB1000926D
:108A600001214FF0FF323046FFF794FF2B68E700FB
:108A7000DB1B2B60AB681A6A120408D41A681B69E6
:108A80001268D268526B9B1A9B10013B336603B08D
:108A9000F0BD0024DEE70022036F13B5DB070C46B0
:108AA000026613D52368096A1B68090DDA68236911
:108AB00001F004010433236193794FF0FF320093F6
:108AC0000123FFF767FF2369043B236102B010BD58
:108AD0002DE9F041D1F82080036F08F0FF1604461D
:108AE0000F46154626F47B0623B118F4802F01D1DA
:108AF000FFF799FF012E396832D0022E2DD0002EBB
:108B00003BD05FFA88F618F4802F06F1FF3621D0AB
:108B100023692046DD612269136A43F4003313623E
:108B20000123062200F04AFA22690146136A23F45F
:108B300000331362236F4BB1A3692169A0EB0308D3
:108B40002A462046FFF76FFFA1694144B6F1FF3F77
:108B500008BF2E4633462A4611E035B90D7108315B
:108B6000A160BB682361BDE8F081A368A3EBC503E6
:108B70001A680A601B790B71F1E72B462A462046DA
:108B8000FFF7F2FDEDE72DE9F74391461F468268B6
:108B9000436904469B1AA02B0E4607DC8369012219
:108BA000CE1A1421F0F77AFAA3691E44A36849F497
:108BB000004903F1A0082369DD681DB9204602F0D1
:108BC000B6FB05462E60C5F82090C5F80480236FDB
:108BD0002561DB070BD5A2680123921BD210013A55
:108BE000009200214FF0FF322046FFF7D3FE2046CF
:108BF000B8470646024629462046FFF769FF304639
:108C000003B0BDE8F0832DE9F14F05460F46144649
:108C10001E464FF00008DDF828B0237903F03F032B
:108C2000162B23D0262B17D0062BAA686B691FD0D2
:108C30009B1A082B08DC0122AB6911462846E41A6E
:108C4000F0F72CFAAB691C44424621462846F0F75F
:108C500071F901368046E0E72368DB684246214629
:108C6000284601B0BDE8F04FFFF78DBF2368F5E758
:108C700021689B1AD1F80CA09AF808909AF80680FF
:108C8000A9EB0B01B1EBE30F07DBAB69012228462F
:108C9000E41AF0F703FAAB691C4400213B68201D7D
:108CA000A3EBCB033B608E423A6822DC33460020C4
:108CB000111D434529DD09F1010902EBC9037B6060
:108CC000DAF834304FF0FF303B613B6A02EBC6020A
:108CD00043F480033B62C6F101034344DB0008F127
:108CE0000108B045B8BF00231344AB6001B0BDE834
:108CF000F08F54F8313002EBC10C42F8313010F8EB
:108D0000313001318CF80430CDE701F83300013304
:108D1000CFE72DE9F04705460C46561C237903F0B2
:108D20003F03162B22D0262B16D0062BAA686B6980
:108D30001ED09B1A082B08DC0122AB69114628467D
:108D4000E41AF0F7ABF9AB691C44324621462846D9
:108D5000F0F7F0F80646E1E72368DB683246214683
:108D60002846FFF710FF0020BDE8F0872368F5E7ED
:108D70002168171BD1F80CA09B1A9AF80880FF10E5
:108D8000B8EBE30F9AF8069007F1FF3708DBAB6901
:108D9000012241462846E41AF0F780F9AB691C44E9
:108DA0002B6908F10108D86804EBC80810B92846F7
:108DB00002F0BDFA002204600662C0F80480286157
:108DC000DAF8343003614F45CEDAAB68013703F18E
:108DD0000801A9601A71F6E72DE9F0418846C16DD6
:108DE00004461944C16589B2C72917461E4610D9E1
:108DF000436982689B1A002B08DC836901220021E9
:108E0000A8EB0308F0F74AF9A569A8442046F3F750
:108E100047F841463A462046FFF77BFF014630B10E
:108E2000036A43F4803303622046F4F7EDFDE36DFB
:108E30009B1BE365BDE8F0810123FFF7CDBF4FF039
:108E40000113FFF7C9BF2DE9F8431E46089B876D44
:108E500083650446D0F8109090F80680FFF713FD64
:108E6000054688B1024631462046C4F8109084F881
:108E70000680F0F787F9A26901460546324420468C
:108E8000FFF7C1FCF0F744F9A7652846BDE8F88371
:108E90008A1C10B5D2000C46262101F0E3F884713B
:108EA00010BD0A1D10B592000C46062101F0DAF83B
:108EB00000238471C36000F11002013C00D210BD98
:108EC00042F82430F9E72DE9F041002506460C462A
:108ED000A84601F10C07A379AB4201DCBDE8F081A3
:108EE00014220921304601F0BDF800F10C03836023
:108EF00080F8108047F8040F637902469B0607D577
:108F0000437913F0180F03D02146304601F04AF898
:108F10000135E0E770B50E46044600F11C05C06956
:108F2000A0B914220921204601F09CF82B680561A4
:108F3000C0E9026393B92860A36A9C4201BFE36859
:108F4000D3F88820A262C3F8884070BD8368B3421A
:108F5000E7D3FAD000F10C05C068E1E700F10C029C
:108F60001A61E8E7D0E9033213600BB102691A61B4
:108F7000704738B504460D46E16911B18B68AB42C4
:108F800000D238BD0846FFF7EDFF8B681A68CA604B
:108F9000187901F10C038B604B79087413F0180FEA
:108FA000EAD143F020034B714306E5D5537913F022
:108FB000180FE1D0204600F0F5FFDDE72DE9F0477E
:108FC0001F46836904460D461646A1EB0308FFF7CA
:108FD000D0FFD4F82090A94502D22846BDE8F087FA
:108FE000B9F80600A269A9EBC00090420BD8206234
:108FF0008EB1062E12D009F1080A5246314620469B
:10900000FFF701FC0CE0C388002BF0D1A0F5FF2096
:10901000A0F5FF60E9E709F10803A3604FF0000A3B
:10902000182249462046A56802F065FF03682B60B8
:1090300003792B71D9F80030AB6099F804302B73A9
:10904000BAF1000F0BD105F11003A36087B1002224
:1090500029462046FFF7F0FEA5694544B9E7DAF84E
:10906000002005F118032A619AF804202A75ECE71C
:109070003A4629462046FFF7E2FEEDE754220A2150
:1090800008B500F0EFFF0022C0E90A220263026186
:109090008263C261426342610264826142644262ED
:1090A000C263C260C280027282640262C26408BD8E
:1090B0000246036AC16903EB430315310B44D0E94F
:1090C0000301014403EB41039800D3795B0707D404
:1090D000536A5169DB00926903EB8103134418441E
:1090E000704738B5CB7905465B070C460FD44A6903
:1090F000496B920001F02AFA2846A269216C01F01E
:1091000025FA626A2846616CD20001F01FFAE26912
:109110002846A16B920001F019FA22692846216BBA
:10912000D20001F013FA0C22236A28465A43A16C9C
:1091300001F00CFAE2682846E16BD20001F006FA71
:1091400021462846BDE83840542201F0FFB9F0B569
:1091500000238E464FF00C0C076A9F4206DD0CFB85
:1091600003F5866C74196168914201DD00200CE002
:10917000A46894420ADDBEF1010E07D1705990F93E
:109180000730002BB4BF00691030F0BD0133E4E7B5
:1091900003790A2B09D8042B09D9053B052B06D8DE
:1091A000DFE803F007090F0B050D262B03D0002085
:1091B000704718307047083070472430704750307F
:1091C00070471030704743795B0644BF0B234371EF
:1091D0007047436E30B500F1640200F14C042BB9C6
:1091E0002368D0F880509D4203D130BD1A461B68D9
:1091F000F5E75D7915F0180F02D109B91C46EFE7C4
:10920000C56F9D4204BF1D68C5671D682560156850
:109210001D6013601A46E3E738B50468014604B9D7
:1092200038BD2046FFF7B4FF637913F0180F15D14E
:1092300003F00702052A05D123F0070343F02603B4
:109240006371EAE72579082DE7D0062A04BF23F0E9
:10925000070343F0040343F02003637103680846E7
:109260000B60DAE70379142B11D8032B11D9043BD7
:10927000102B0ED8DFE803F0260F11192409220D58
:109280000D0D0D0D0D0D0D0D2A0014207047262B10
:1092900007D00020704702F0F8BB807904308000CE
:1092A000704780790230C0007047C38823B1033310
:1092B000DB008068184470471023FAE7FFF7F8BE18
:1092C00002F066B890F907001130704790F9071066
:1092D000C06802F0ACB938B505460C462046FFF729
:1092E000C1FF2B6903442B612379142B0FD8032B67
:1092F0002CD9043B102B29D8DFE803F0350B0B29C0
:109300000B150B2828282828282828283500262B44
:109310001CD12046FFF73CFF2B6D03602C65637961
:1093200023F0380324E0A268637904F10C0103F010
:10933000C7038A4208BF43F02003637113795B06B9
:1093400004D51468637913F0180FC7D138BDE388CA
:10935000002BDED1E16831B14B7913F0180F02D048
:109360002846FFF7B8FF637923F0380343F0200362
:109370006371EBE770B5044600F1F40500F58C76F7
:1093800055F8041F31B14B7913F0180F02D0204665
:10939000FFF7A1FFB542F3D170BD38B50546446E65
:1093A00004B938BD637913F0180F03D0214628465D
:1093B000FFF791FF2468F3E700232DE9F04106460B
:1093C0000D4618466FF003088F68BB4201D1BDE817
:1093D000F081EA685C1CD118097911F0400F0BD0BC
:1093E00008FB04F3D15839B14B7913F0180F03D0AF
:1093F0003046FFF770FF01202346E6E708B551B17C
:109400000A794B7902F00F02042A03F0180304D101
:109410000BB1FFF760FF002008BD1846FCE72DE9FF
:10942000F04107460D464FF010080DB9BDE8F08138
:10943000EE792C6908FA06F62644B44201D3AD69E8
:10944000F3E76179384611F0400118BFE168FFF792
:10945000D5FF28B184F804802046FFF7B4FE02E06F
:1094600023791B07F8D01034E7E72DE9F74F0646BC
:109470000C4617464FF01008BC4202D103B0BDE8BD
:10948000F08FE379226908FA03F302EB03096FF026
:10949000030B0023A268934204D125694D4518D3DC
:1094A000A469E9E7E06803F1040A10F80A105D1CFA
:1094B00011F040011CBF0BFB05F3C158304601926F
:1094C000FFF79CFF019A10B1E36803F80A802B466E
:1094D000E1E72979304611F0400118BF2968FFF70C
:1094E0008DFF28B185F804802846FFF76CFE02E066
:1094F0002B791B07F8D01035D0E770B506460C461F
:109500001546AC4200D170BD637903F00702032A0F
:109510000AD123F0070242F004029B06627103D5D0
:1095200021463046FFF7D7FE2468EAE770B50B798D
:109530000546142B0C460FD8032B0FD9043B102BD8
:109540000CD8DFE803F038271C2F2B100C0B0B0B6B
:109550000B0B0B0B0B0B3E00262B14D070BDBDE884
:109560007040FFF7BEBD8A6801F10C039A4202D039
:109570000846FFF7F7FC14222146284606E08A79C0
:1095800004329200F8E78A790232D200BDE87040D6
:1095900000F0DCBFBDE8704002F08DBABDE870405D
:1095A00001F003BFCB8823B10333DB00A2681A4468
:1095B000E2E71023FAE702F06CF894F90720113281
:1095C000DAE791F90730033306D1CA684E69002300
:1095D0000969A0690132B04794F90710E06802F008
:1095E00026F80246C8E72DE9F04106461546C3684D
:1095F00093F83E3083F0180703F018080C4607E094
:109600004B791F420BD00B6830462360FFF78EFF6B
:10961000216851B1013DF3D22046BDE8F08123F02D
:109620003F0348EA03034B71E8E70C46F4E770B5E3
:1096300005460C46C668216801B970BD4A7912F02A
:10964000180F05D00B6828462360FFF76FFFF2E77D
:1096500002F0F80343F0040048710879082808D1A3
:10966000736D4B6271654B7903F0C7030C464B7108
:10967000E1E7092809D18C6801F10C00844204D08B
:1096800022F03F0242F00403F0E743F02403EDE749
:1096900010B50446416990F83800F0F775FD0146B1
:1096A0002046BDE8104001F035BE10B50446016902
:1096B00090F83B00F0F768FDD4E902329B1AC11A1A
:1096C00021EAE1712046BDE8104001F023BE816827
:1096D00000221039FFF7B3BB4B7910B503F0070236
:1096E000052A04460AD10846FFF752FD636D036060
:1096F00061654B7923F038034B7110BD062AFCD10C
:1097000023F0070343F00403F6E72DE9F74F4FF08A
:109710000108CB794FF0000B08FA03F805460C4618
:109720000092FFF749FEDA460746D94608F1FF36B0
:109730003601009A2369DAB1334419790A071AD13C
:109740001846FFF740FD0BF1010BD845A6F11006B6
:10975000EFD195F83F30002B33D16B6DA3616C6571
:10976000637923F038036371384603B0BDE8F08FA6
:1097700003EB0B13E1E75979284611F0400118BFBC
:10978000D9680193FFF73AFE019B197901F0400176
:1097900058B139B11B685B7903F01803002B18BF6F
:1097A0004AF0010A4FF00109CDE70029CBD0196832
:1097B0004B7913F0180FC6D02846FFF78CFD012710
:1097C000C1E7BAF1000F03D0EB6DA361EC65C7E709
:1097D000B9F1000F03D02B6EA3612C66C0E72146C0
:1097E0002846FFF779FFBFE72DE9F041046D0546F4
:1097F0006379204643F020036371FFF7C9FC0368D7
:109800002B6523790A2B0CD8042B0CD9053B052B8F
:1098100009D8DFE813F01F00FB00D8007101080031
:109820001701262B02D00020BDE8F0812646002734
:10983000A079874280F2E880337D590607D53169E7
:109840004B7913F0180F02D02846FFF744FD01377B
:109850000836EDE7616931B14B7913F0180F02D08A
:109860002846FFF738FD606958B38379190728D473
:109870000321D5F8A02002F02DFB10B3037903F0EB
:109880000F03042B1DD106686B2196F90730002BBE
:10989000B4BF36691036304603F00EF9762107461C
:1098A000304603F009F9003F18BF0127003818BF00
:1098B000012040EA4700022877D003287BD0012806
:1098C00035D01023E27927699340214628461F446A
:1098D000FFF772FD2669B7420AD821462846FFF7EE
:1098E000FBFE0220E3799840A368013318449BE70C
:1098F00033791A0704D13046FFF765FC1036EAE7E2
:1099000073795B0607D5F1684B7913F0180F02D015
:109910002846FFF7E0FC33795806EFD531684B79DC
:1099200013F0180FEAD02846FFF7D5FCE6E7A66843
:109930001023003E18BF0126E2792769934007EB08
:109940000308B84506D895F83F3023BB6B6DA3617B
:109950006C6525E03B79190704D13846FFF733FCE5
:109960001037EEE77B795A0607D5F9684B7913F083
:10997000180F02D02846FFF7AEFC002EF0D13B793D
:1099800028465B0654BF31463968FFF737FD061E8F
:1099900018BF0126E4E7002E9FD0AB6DA361AC6534
:1099A000637923F0380363719BE700222146284640
:1099B000FFF7ABFE95E795F83F30002BC6D02B6E36
:1099C000A3612C66ECE7E16831B14B7913F0180F15
:1099D00002D02846FFF77FFC264600270CE0337FA5
:1099E000580607D5B1694B7913F0180F02D02846F5
:1099F000FFF771FC01370836E3889F42EFDB28460A
:109A00002146FFF769FEE08801300DE7E16831B1DA
:109A10004B7913F0180F02D02846FFF75CFC0026A4
:109A200004F10C070AE057F8041F31B14B7913F029
:109A3000180F02D02846FFF74EFC0136A079864267
:109A4000F1DBE1E7E16C31B14B7913F0180F02D093
:109A50002846FFF740FC00260FE0236B03EBC6020D
:109A60001279520608D553F836104B7913F0180FB7
:109A700002D02846FFF72FFC013623699E42ECDB1B
:109A80000026E3689E420FDB0026E3699E4218DB56
:109A900000260C27236A9E4220DB2069E268013001
:109AA0001044E269104421E7E36B53F8361031B1FA
:109AB0004B7913F0180F02D02846FFF70CFC013643
:109AC000DFE7A36B53F8261031B14B7913F0180F71
:109AD00002D02846FFF7FFFB0136D6E707FB06F367
:109AE000A26CD15831B14B7913F0180F02D028462F
:109AF000FFF7F1FB0136CDE76379A66913F0060F96
:109B000002D195F83F3033B96B6D63626C65637950
:109B100023F038036371002E3FF485AEA3689E42A4
:109B200020D3E6695EBB95F83F30022B15D195F83E
:109B3000433013B92046EFF7EBFA0021A3686269BE
:109B40002832934225D3A36A9C4206D1E36923B10C
:109B5000D5F88830A362C5F88840A068A369C01A08
:109B6000C01051E733795B0607D531684B7913F0A4
:109B7000180F02D02846FFF7AEFB0836CEE7737900
:109B800013F0180F03D031462846FFF7A4FBF66800
:109B9000C8E719710833D2E710B50446236D03B93D
:109BA00010BD2046FFF720FEF8E72DE9F843002519
:109BB00004462F464FF00009E16DE76531B985F0A5
:109BC0000105B9F1000FF5D1BDE8F8834B792A46BC
:109BD00043F0200320464B71D1F81880FFF795FD24
:109BE000064618B12046FFF7D7FFB1464146E5E7E4
:109BF000F8B50023C4680146676D6365022384F8E5
:109C00003F30437913F0180F02D02046FFF763FB73
:109C100094F82830590607D5616A4B7913F0180F6C
:109C200002D02046FFF757FB2046FFF7A3FB204654
:109C3000FFF7B2FF04F188063568002D3DD12046BC
:109C4000FFF7AAFF20462765FFF7A6FF2046FFF78C
:109C5000ACFF2A462046A16DFFF707FC2A462046A6
:109C6000216EFFF702FC29462046A76D266EFFF7FE
:109C7000B0FAFFF792FB2046FFF78EFF2046FFF772
:109C800094FF2046E16DFFF7CAFB2046216EFFF7E7
:109C9000C6FB3A462046A16DFFF7E7FB3246204659
:109CA000216EFFF7E2FB204601F0A6FC94F83E305F
:109CB00083F0180384F83E30F8BD6B7913F0180F69
:109CC00004D1EB6913B105F12806B5E7AB6A33603F
:109CD000AD62ED69002DAFD06B7913F0180F0BD189
:109CE000AB681A79520607D519684B7913F0180F2B
:109CF00002D02046FFF7EFFAED68EBE770B5C568D4
:109D0000032305F144060446314685F83F3001221D
:109D10002046FFF768FC86420146F8D0A86470BD73
:109D200010B50B690C464B61002381F84020C1E956
:109D30001B33C1E91F334B67C1F88430FFF7DEFFE7
:109D4000642194F83D00F0F71FFA01462046BDE873
:109D5000104001F0DFBA70B50C46054601F1540021
:109D6000FFF75AFA0026A36D0360A665FFF754FAC1
:109D7000236E03602666FFF74FFAE36D0360E66526
:109D8000FFF74AFA94F8433073B9216AE2690B4647
:109D9000B142B8BFCB1CB2EBA30F05DA01EBD17116
:109DA0002846491001F092FB002384F83F3094F8D4
:109DB000433033B92846EFF75FF910B1EC68636EB2
:109DC00003B970BD2846EFF7BBFAF8E770B5032377
:109DD00000250C4606468D6581F83F30C1E91455D3
:109DE000C1E917554431FFF722FC636C3046C4E9E2
:109DF0001B33C4E91D3504F14C01FFF718FCE36C7B
:109E00003046C4E91F33C4F8843004F16401FFF71D
:109E10000EFC012384F8403023692146C4E9045331
:109E20003046BDE87040FFF796BF012270B5C468A8
:109E30000B4694F83F1084F841200546002208297B
:109E400000F2AE80DFE801F02F38AC5E727B8296C4
:109E5000050094F8D532C4E9142213F0180FC4E9B0
:109E60001722A265226104D0204604F53471FFF761
:109E700032FA94F828305B0607D5616A4B7913F003
:109E8000180F02D02046FFF726FA2046FFF772FA95
:109E90002046FFF782FA0023012084F83F30002398
:109EA00084F8413070BD0BB9236D0BB90123F3E782
:109EB0002046FFF799FCF2E72846FFF799FE94F851
:109EC0004030022B16D1D4E902636169F61A711A87
:109ED00094F83900F0F758F92369F61AB04209DA14
:109EE00021462846FFF772FF2046FFF7D1FB4FF0CF
:109EF000FF30D4E7236928466361FFF7FFFE6FF068
:109F00000100CCE7A16C49B1002B0CBF14226FF00B
:109F100000422846FFF767FBA06405E0042384F8AD
:109F20003F3004F14C03A3641420B8E7A16C00296E
:109F3000EAD1052384F83F3004F16403F3E7A16C10
:109F40000029E1D1062384F83F30EDE794F843304F
:109F500073B9216AE2690B460029B8BFCB1CB2EB8A
:109F6000A30F05DA01EBD1712846491001F0AEFAD2
:109F70000723E8E7636E6BB194F8436056B928464F
:109F8000EFF77AF830B1284684F84160EFF7D8F956
:109F90000A2084E708236FF0020084F83F307EE750
:109FA00000207FE738B5C0680C4690F83F30154672
:109FB000022B0DD81146FFF78EF9637913F0060FC7
:109FC00005D06B7923F0070343F002036B7138BDB2
:109FD00090F84030012BFAD04B7990F83E2023F0D6
:109FE000380302F0180213434B71F0E74B7910B5B8
:109FF00003F00702062A0AD103F0C70313F0060F85
:10A000001CBF23F0070343F005034B7110BDC46868
:10A010000846FFF7BDF8636D036061654B79EBE7B8
:10A020004B79C26823F03F0343F004034B710B6884
:10A030005364936E0B609166704770B50D46114680
:10A0400005F00F021C46C66800F0BBFA034696F8FE
:10A050003E20204402F0180242710571726C1A51C0
:10A06000706470BD0023FFF7E8BFF8B504460D46E5
:10A070001646C76897F83F30AB4200D1F8BD31466D
:10A080002046FFF7D2FEF5E738B504460D4601221B
:10A090000821FFF7EAFF012200212046FFF7E5FF34
:10A0A0002046FFF7A5FD20462946FFF78FFE2846EC
:10A0B000BDE83840FFF7ECBA0A46C16891F8403075
:10A0C000022B04BF002381F84030934204D00AB928
:10A0D000FFF726BEFFF7D8BF7047F8B50423044644
:10A0E000C568002185F84230FFF7E6FF01212846C8
:10A0F000FFF76FF8E668736E3BB9696C05F5347667
:10A100008E4206D1A96E51B9F8BD2046EFF718F975
:10A11000F1E70F682046FFF709FA3946F0E70D68C6
:10A120002046FFF703FA2946EDE738B591F83F30AE
:10A130000446022B0D4601D8FFF7E0FD2046012220
:10A140000821FFF792FF204601220721FFF78DFF2C
:10A15000204601220821FFF788FF2846BDE8384045
:10A16000FFF7A3BA2DE9FF47C468054694F842609B
:10A1700056B1F00740F1C98044F62061204604B092
:10A18000BDE8F04701F0C6B894F84030012B3CD050
:10A1900013F0FD0F40F0B980642194F83D00EFF713
:10A1A000F3FF01460028B8BFC11C0646891094F889
:10A1B0003C00EFF7E9FFB0FA80F9074680464FEA26
:10A1C000591949462846FFF730FE411C00F09D8092
:10A1D000C21C09D194F83F30082B14D1204604B09A
:10A1E000BDE8F047FFF761BA831C04D1002FF1D11D
:10A1F00008F10208E5E7A8EB0008002FE1D0B8F16C
:10A20000000FDEDCE6E73146B8E7A16FD4F8109026
:10A21000029621B12046626FFFF76FF9A6672046CC
:10A22000D4F88420E16CFFF768F90022616E2046C3
:10A23000FFF763F92846FFF7DBFC032302AE04F1C6
:10A24000780884F83F30CDE900862146E36E04F1BA
:10A2500044022846EFF72AF80746CDE900864FF07A
:10A26000000802462146236F2846EFF71FF8236FA8
:10A270000DF10C0A63673B6821462367636C04F1A8
:10A280004C02E3660196CDF800A0E36F2846CDF8B6
:10A290000C80EFF70BF80746CDE900A602462146F1
:10A2A000D4F880302846EFF701F8D4F88030214602
:10A2B000C4F884303B682846C4F88030E36C04F16D
:10A2C0006402E3674346CDE900A6EEF7EFFF029B89
:10A2D00061694B4494F83A002361EFF755FF78B178
:10A2E000236998420CDC022221462846FFF718FD1C
:10A2F000C4F81080204604B0BDE8F047FFF7C8B9A5
:10A3000021462846FFF727FDF4E704B0BDE8F087B3
:10A3100070B5C468064694F8405084F84310012D87
:10A3200006D0022D11D065B1002384F8433070BDF2
:10A3300021460022FFF7F4FC21463046FFF7A4FE39
:10A34000F2E72146FFF7F1FEEEE70023214684F80D
:10A350004030FFF7EAFE84F84050E5E773B5064663
:10A36000046A6A46C06A0D4601F0EBFB030703D09E
:10A37000009D284602B070BDA368204603F1080284
:10A38000A2601D602A7942F040021A71F16A1A46F1
:10A3900001F0BEFCE368DB68002B02DC2046FFF71F
:10A3A000E1FEA368083BA360E3E710B50368044639
:10A3B0008B420FD1426A1368591E1160406A33B153
:10A3C00043685A1C426018782060012010BD02F0DA
:10A3D00095F8F9E70020F9E770B5054606683146BB
:10A3E000EFF78EF86A6A1368591E1160686A73B1D4
:10A3F00043685A1C4260197800243D2929600AD01C
:10A400008E4216BFB4FA84F0A01C400970BD02F061
:10A4100075F80146F0E72846EFF772F86A6A1368A4
:10A42000591E1160686A2BB143685A1C4260197842
:10A430000134E2E702F062F80146F9E70B4610B595
:10A4400001681A780446914202D05B78994212D191
:10A450002046EFF755F8626A1368591E1160606A6A
:10A4600033B143685A1C426018782060012010BD47
:10A4700002F044F8F9E70020F9E738B5044615463C
:10A48000C1B901684B1C0CD0EFF73AF8626A136847
:10A49000591E1160606A53B143685A1C42601878B3
:10A4A000206040F2251229462046EEF7FDFF02F01B
:10A4B00025F8F5E738BD08B5C268EEF7F5FF10B529
:10A4C0000446006AF1F7F8FD01462046BDE8104059
:10A4D000FFF744BF10B543684269836040F221131F
:10A4E0009A42044607D000F10C02D0E9050182E847
:10A4F0000300636110BD00F11001EFF781F9E06026
:10A50000F8E710B500F118010446EFF779F960613A
:10A5100010BD2DE9F041C4681F4694F830300D4657
:10A520001B0716460FD194F8413063B90121FFF79C
:10A53000EFFED4F800E03B4632462946F446606818
:10A54000BDE8F04160470020BDE8F08170B51546D8
:10A55000C468002326686068B047E3682B44E36062
:10A5600070BD2DE9F843C5688046D5E9007089467D
:10A5700016461C46B84738B934B1234632464946D8
:10A580004046FFF7C6FF18B1EB68A41B1B1BEB602E
:10A59000BDE8F88338B504461D46FFF7E2FF20B951
:10A5A0001DB104212046FEF742F938BD70B51446AE
:10A5B0001D46049A266853437243FFF7EBFF25605C
:10A5C00070BD2DE9F041054690460C46B1B1C66814
:10A5D0000B46376800217068B84750B901462346DA
:10A5E00042462846FFF795FF18B904212846FEF792
:10A5F0001EF9F3681B1BF360BDE8F0810846FBE71A
:10A6000010B414461A460D2930D8DFE801F0070BC4
:10A610000D102F2F151A1D2023292B2DA0185DF8A2
:10A62000044B7047A01AFAE702FB04F0F7E7214653
:10A630005DF8044BF3F7D2B921465DF8044BF3F70C
:10A64000B5B904EA0200EAE744EA0200E7E784EA6F
:10A650000200E4E7114620465DF8044B01F040BFDC
:10A660005142F8E76042DAE7E043D8E70020D6E756
:10A670002DE9F0411546026904460F46A2B9D0E91A
:10A6800002E0AEEB0003AB422BD26FF04046361A2D
:10A69000AE42D4F804C009D21A46604402F0E7F989
:10A6A000A368E36002232361BDE8F081264656F8E3
:10A6B000140B0EEB0508664543460EBF1146724665
:10A6C0006146FFF74EFF034608B90123EBE76268D6
:10A6D000964204D13146E26802F0C9F90346C4E962
:10A6E0000138E36860682A461844394602F0BFF929
:10A6F000E3682B44E360D7E72DE9F3410B290746D4
:10A700000D4610461C46089E92F8048017DC062968
:10A7100017DC0B1F012B38D9B8F1030F4FD1237968
:10A720000268032B4FD1294638462368FFF768FF9C
:10A7300086F804803060012002B0BDE8F0810D2968
:10A74000EAD1B8F1030F10D1036800932379032BEA
:10A7500013D123680193DDE9002329463846FFF72A
:10A760004FFF032330603371E5E70022694601F0B3
:10A7700077FE0028EAD10020DEE70022204601A96A
:10A7800001F06EFE0028F6D0E5E7B8F1130F02D114
:10A7900090ED000A06E0B8F1030FECD192ED000A4B
:10A7A000B8EEC00A2379132B12D1D4ED000A294642
:10A7B0003846EFF73DFC132386ED000AD3E7B8F1E6
:10A7C000130FD8D1E4E707EE902AB8EEE70AE9E7DD
:10A7D000032BD0D1D4ED000AF8EEE00AE7E77F2999
:10A7E000034630B502D8C171012030BD3F22083088
:10A7F00001F03F045208890964F07F049142054644
:10A8000000F8014DF4D8D24303F10A00401BC0F117
:10A81000080441EA42011955E7E710B590B0044633
:10A8200008466946EFF790FD694602462046FFF765
:10A830001FFF10B010BD30B50C4691B005466946FB
:10A840002046EFF781FD694602462846F1F734FCC1
:10A850002060037943F04003237111B030BD0EB482
:10A8600017B505AA52F8041B04460192EFF7BCFD88
:10A8700018B904212046FDF7DAFF03B0BDE8104007
:10A8800003B070478368C26A1B6B1144186800EB01
:10A890000110704738B505460C46002C04F1FF3412
:10A8A00001DC002009E021462846FFF7EBFF437951
:10A8B000032BF2D880790130C0B238BD10B5044600
:10A8C000FFF7E0FF4379032B9FBF2268B0F9083000
:10A8D000906C03EB43038CBF002000EB830010BDA2
:10A8E000CA73B0F936308B8183681B6BDB694B60B0
:10A8F00083681B6B1B698B6000238B73C3681BB160
:10A900001B7C003B18BF01230B74C3680B60C16044
:10A91000704708B5C3688B4203D1FFF7DBFD012008
:10A9200008BD0020FCE707B502685321D37943F046
:10A930000103D37100231A46CDE90033FDF731F846
:10A9400003B05DF804FB7FB54FF0FF32CDE9042280
:10A95000082290F839308DF80420013B01AA0293B7
:10A96000FDF7CEFA07B05DF804FB08B5C36899425D
:10A9700001D0EFF7F7FEBDE80840FFF7ABBD034697
:10A9800040F21512934208460FD0B3F58B7F07DAD9
:10A990006FF481721344022B8CBF0020012070479A
:10A9A00040F221101B1A5842584170472DE9F341DB
:10A9B000D0F81C80044640460D461646EDF7F8FADE
:10A9C00000220746CDE90022012336214046FCF74C
:10A9D000E8FF216B33462A46204600970C31EFF7FB
:10A9E0004DFE02B0BDE8F08170B51E468D1A2946B5
:10A9F0000446EDF741FB3378A3F11502012A0ED886
:10AA00006A1C3146204622EAE272EDF749FB002D2E
:10AA100013DD29462046BDE87040FCF7FEBF1BB1A0
:10AA200031462046FDF7F4F9002D06DD2A46204682
:10AA300094F83910EDF7C2FAEBE794F839302B446B
:10AA400084F8393070BD0022EFF7F2BD10B5C2684E
:10AA5000B2F5927F03D04FF49271EFF783FE046951
:10AA6000FFF738FD204610BD70B50446C66986B0B4
:10AA700030460D46FDF726FA2046FFF72BFD20460F
:10AA8000FFF7E4FF4FF0FF33CDE9043307230290D3
:10AA90002946304601AA8DF80430FDF7F1FA06B0D8
:10AAA00070BD2DE9F04705460F46144698466FF0F5
:10AAB000010AB0F93660013E002E3DDA2B6895F8A8
:10AAC0003820D96B002393427FDB686820B10023D4
:10AAD00022463946FFF7E5FF2378092B01D00C2BDE
:10AAE0006FD12846EFF7F8FF23780646092B6868F0
:10AAF00071D10123337123797371B4F90610FFF713
:10AB0000C1FE4379B371376029684B799B0608D53C
:10AB10007B7913F0180F04D0AB683A46186AFFF738
:10AB200041FA95F83830013B4FF0FF32C4E9032277
:10AB30000C226360227044E031462846FFF7A2FEF3
:10AB400042798146042AC3681DD93BB96368002B4A
:10AB500002DAEB6A33446360013EADE7BB420CD1DD
:10AB6000EB6A1E440B234FF0FF322370C4E903222B
:10AB70006660B8F1000F3DD023E063680133EBD18C
:10AB8000C4F804A0E8E7BB42E6D1042A03D1EB6A8B
:10AB90001E440D23E7E74FF0FF33C4E903330923D5
:10ABA000314623702846E680FFF76CFE83792371D7
:10ABB00099F80530022B2CD10A232370B8F1000F2D
:10ABC00014D0BDE8F0871B681AE051F833008742C3
:10ABD000AAD0013377E70023337163687371036888
:10ABE0006268DB6B03EBC2039B798BE72146284647
:10ABF000FCF75FFF2378092BE3D1B4F90620EB685B
:10AC0000B3F90C109142DEDC01229A7385F83B20E7
:10AC1000D7E7B8F1000FF0D0D3E7B0F93610FFF75F
:10AC200039BE2DE9F7430746D0E907562846FFF716
:10AC3000F4FF4FF004090146002228462C68EDF786
:10AC4000FDF92846EFF7CAFD2846FDF7FAFBCDF8D7
:10AC500000906B69616B04F114023046FFF7A6FCAB
:10AC60000123606300936B69216C04F11802304684
:10AC7000FFF79CFC4FF008082064CDF80080AB6A19
:10AC8000616C04F124023046FFF790FC6064CDF85B
:10AC900000802B6A216B04F110023046FFF786FC1E
:10ACA0002063CDF800906B6AA16B04F11C02304662
:10ACB000FFF77CFC0C22A063B5F934300092A16C44
:10ACC00004F120023046FFF771FCA06495F838309B
:10ACD000CDF800803046E16B04F10C02FFF766FC12
:10ACE000E0636B68FB61B368083BB360F368DB68E3
:10ACF000002B05DC304603B0BDE8F043FFF732BA65
:10AD000003B0BDE8F08338B50446E5680121284664
:10AD1000FFF735FE00B138BDB5F5897F204603D178
:10AD2000BDE83840EFF7ECBFEFF7EAFFEDE70022B0
:10AD3000F0F794BC10B586B001A90446FFF7F7FF01
:10AD40009DF80430E069012B08BF032301A908BF67
:10AD50008DF80430FDF721F9059806B010BD38B51F
:10AD600004460D46FFF7B6FB29462046FFF7DFFFF6
:10AD70002946E069FDF7B2F82046BDE838405D217C
:10AD8000FFF7F3BD2DE9F041C368C769B3F5927FC2
:10AD900006460D4697F8398090B029D1FFF756FE48
:10ADA0004FF0FF33CDE90933072307908DF81830B2
:10ADB000AB6930460133AB613D21FFF7D6FD6D69CC
:10ADC00001AC0FCD0FC42B6806AA384601A9236039
:10ADD000FDF756F930460BA9FFF7A9FF38460BAA35
:10ADE00001A9FDF78DF887F8398010B0BDE8F08132
:10ADF00006A9FFF7B4FFDBE770B504460D46012650
:10AE0000FFF795FF2C212046FFF783FD08B9304658
:10AE100070BD2946E069FCF7FBFF29462046FFF795
:10AE200086FF0136EEE72DE9F0478B428CB00446F1
:10AE30000E4617461D46DDF850900BD107A9FFF7C7
:10AE4000DBFF2946024607ABE069FFF7CDFD0CB0FA
:10AE5000BDE8F087D0F81C8099184046FFF712FD36
:10AE6000D0F80CA002AA51462046EFF76BFE206AEC
:10AE700000F085FA3A46314620466B1CCDF800902A
:10AE8000FFF7D1FF226A5146D36D2046013BD365BF
:10AE9000E56907AAEFF756FE284607A94B46099A27
:10AEA000EDF72AF9404602A9FFF74DFDCFE710B5AF
:10AEB000044686B001A9FFF73AFFE06901A9FCF753
:10AEC000A7FF06B010BD2DE9F043044693B08846B5
:10AED000FFF700FB4FF484712046FFF71AFDE66987
:10AEE000074670B32046FFF7B1FD0546014605222F
:10AEF0002046EFF79DFBF38E294601332046F3866B
:10AF000003AAEFF71FFE63680022204608A9F0F7A6
:10AF100085FAE769294620460DAAEFF713FE434656
:10AF200038460F9A0DA9EDF7E7F8304603A908AAAD
:10AF3000FCF7E6FF41463046FDF75DF913B0BDE88A
:10AF4000F08305212046EFF793FD2A218046204615
:10AF5000FFF7DFFC054640BBE7692046FFF776FDBB
:10AF6000414606462046EFF783FD3146024620461D
:10AF7000EFF75EFB2C2106462046FFF7CAFC0135A1
:10AF800081460028E9D13D212046FFF7C2FC40B1AF
:10AF90006368721B009329464B4620460132FFF737
:10AFA00042FFFB8E1D44FD86C8E7424639462046D7
:10AFB000EFF73EFBF38E0133F386BFE730B504466F
:10AFC000C56987B0002201A92846FFF789FC204601
:10AFD000FFF799FE2846EFF701FC07B030BDF8B542
:10AFE00004460F46C569FFF775FA2046FFF7A2FE33
:10AFF00040F2131106462046FFF7B7FC2046FFF744
:10B00000DDFF6FF48172E3681344012B07D82846F3
:10B01000ECF7CEFF394602462846FCF79BFC31464A
:10B020002846BDE8F840FCF7B8BC2DE9F0470446D7
:10B03000A8B08846012115461F46FDF732FF46227B
:10B04000A368064618601A712046FDF797FC204653
:10B05000F1F710FB4522A368229018601A71204670
:10B06000FDF78CFC2046FEF709F8737902469B0633
:10B07000F060089007D5437913F0180F03D03146DC
:10B080002046FEF78FFF30992046DDF8209000F033
:10B0900014FB0899C9F84C004B79980607D5CA6C7F
:10B0A000537913F0180F02D02046FEF77BFF21954D
:10B0B0000025319BFD613D617D600093089B2397D6
:10B0C00017AF42463946DB6C2046EEF74FFFDDF8FE
:10B0D00020801E9B0DF1200ACDE90937D8F82830D1
:10B0E000CDE91155CDE90E53CDE91555239BCDF88A
:10B0F00078A010950D955A680B951392DB69249AE8
:10B10000149398F80530DDF87C909906C8F84C2027
:10B1100007D5537913F0180F03D041464846FEF780
:10B1200041FF0223484688F80830F1F7A3FA452288
:10B130000C90D9F8083018601A714846FDF71EFCCB
:10B14000002203A95046FFF7CBFBFFF7ECFB50466C
:10B15000EFF7C2FC0123838000238371259A0260EC
:10B1600008994B799B0606D5537913F0180F02D036
:10B170001F98FEF717FF3846FFF7ACF93846FFF780
:10B18000C2FD40F221111A9B38468B4201D0EFF7E5
:10B19000E9FAFFF746FD3046A368083BA36028B0F4
:10B1A000BDE8F08700F13003036100238269026388
:10B1B0001371026B0364A83242634FF40042C371FF
:10B1C00002658365704710B50022044608464FF4B7
:10B1D000B471FFF7F6F900231946A0612062A26955
:10B1E0001A440833B3F5B47F1171F8D1A36920462E
:10B1F00003F5A0736361FFF7D5FFA3690833A3606C
:10B2000010BDF7B504460146C668FFF7DCFF2046CF
:10B21000F1F730FA452705460146706200232046C3
:10B22000032286F82870F1F7F5F801226B462946CB
:10B2300020468DF8042000F07FFD48232946032294
:10B2400020468DF804306B46009400F075FD2046D2
:10B25000F1F710FA6B4602222946009020468DF83D
:10B26000047000F069FD2046F0F7FEFE2046F1F77D
:10B27000DDFA2046EEF7D2F8002386F8423086F851
:10B28000303003B0F0BD38B500F130030361002366
:10B290000446C16BC36341B9D4E90521521A204663
:10B2A000BDE838402832FFF751B924222046CD6846
:10B2B000FFF74CF9636E2946013B6366EBE770B517
:10B2C000C568044695F8302012F00F0117D0FEF73C
:10B2D00004FFE36820461A6A99699200FFF736F97D
:10B2E000A36913B12046FFF7CEFF2C682946A44678
:10B2F00068680023BDE870404FF453726047FFF761
:10B3000051FF0A460121EDF73DFFA36920460833AE
:10B31000A360DCE7D0E902329B1A6FF00042D21A38
:10B320009142A8BF11460B44C0E90231704710B5E5
:10B33000044600222421FFF744F92269D0602269E3
:10B3400082600022C2604261636E0133636610BD99
:10B3500070B503690446DD686DB970BDCE682422FE
:10B36000EE60636E2046013B6366FFF7EFF8002E48
:10B37000F3D0B5603546E9680029EFD1EDE7C36D3C
:10B380000133C3659BB2C72B01D9F0F789BD704764
:10B3900024210246436E4B43916903F1800019B1A9
:10B3A00053695B1A28331844704770B50C4605463C
:10B3B0000E1F20468969FDF7DCFDA36913B1204605
:10B3C000FFF761FF31462846BDE870408022FFF755
:10B3D000BDB838B5FFF7E6FE0446012914BF0A469A
:10B3E00000220121EDF7CEFEA2690546083270B1B8
:10B3F00001462046FDF707FA236900225968A36930
:10B400002046C91AC910FDF760FA284638BDA26067
:10B41000F2E7C06800F53470FFF751BFC068D0F89C
:10B42000C43213B1D0F8C80218477047F0B50B46C4
:10B430000024934205DB00239C46013A8B4204DB47
:10B44000F0BD40F823400133F3E750F8234040F8C3
:10B4500023C00CB90133F1E7D4E90257154050F885
:10B460002560E66040F825403C46F2E708B590F9D3
:10B47000072091F90730002AB4BFD0E9032010302B
:10B48000002BACBF1031D1E903319A4205D101F054
:10B4900003FBB0FA80F0400908BD0020FCE730B59E
:10B4A00083794BB9D0E90324836853402244A242F4
:10B4B00004D1836001238371806830BD990812F83C
:10B4C000015D01EB431129444B40F0E7F8B5C66834
:10B4D0000746356A0C468D4204DD0A46B0692946A6
:10B4E000FFF7A4FF3846B169A300AA00FFF739F8B7
:10B4F00040B9A5420DDD2A462146B069BDE8F840B5
:10B50000FFF794BFA542B061346202DA22462946B1
:10B51000F4E7F8BD2DE9F84F80468946C568164620
:10B520006F6B57408A1891451CD1D5F820B0AA6995
:10B530000BF1FF333B4052F8234002EB830ACCB9B6
:10B54000EC69A3453EDC6FF000439C422CD1012105
:10B550004046FEF7DDFEEB69A34225D104214046BB
:10B56000FDF765F9BB0812F8011D03EB47130B4407
:10B570005F40D8E794F90730B34213D132464846CA
:10B5800004F1100101F088FA60B995F83E20637962
:10B5900082F01802134202D083F018036371204630
:10B5A000BDE8F88FE468CAE7296AB1F1005F03DA01
:10B5B00040464900FFF78AFF2B6AAA69013B3B40DE
:10B5C00002EB830A042106F111024046FEF74AFD10
:10B5D0000023044683718760C6711030835532465C
:10B5E000494601F044FADAF80030E360CAF8004056
:10B5F000EB690133EB61D2E7034600F5D472D3F86F
:10B600001C110833497911F0180F1CBFD0F89010A5
:10B61000C3F81411D3F81811497911F0180F1CBF91
:10B62000D0F89010C3F818119A42E8D170478B1CDB
:10B6300003D0013103D115307047142070471C200E
:10B64000704770B505460C46002091F90010FFF7D1
:10B65000EEFFEB680246142128465E6BFEF702FD02
:10B66000002386608371E06070BD38B5C3680C4606
:10B6700001F1150214215D6BFEF7F4FC4FF47F42DB
:10B680000023C0E90254C28000F114020261135584
:10B6900038BDC0688A68036A013B1A40836903EBBE
:10B6A00082031A688A4205D1CA681A60C369013BDD
:10B6B000C361704702F10C03F3E735232DE9F0472E
:10B6C000B1FBF3F50F4603FB1515D0F80C90ED0018
:10B6D00005F58E7559F80560804696F907303846AD
:10B6E000002BB4BF316906F1100109EB050AE5F73B
:10B6F00057F8E0B1DAF80440384694F90730002BE7
:10B70000B4BF216904F11001E5F74AF860B1384689
:10B71000CAF80460E5F756F8394602464046F0F7A5
:10B72000CBFC044649F805002046BDE8F0873446C6
:10B73000FAE7CA68282A02D80969FFF7EBBE08466B
:10B74000704701230269C079002903FA00F303F16D
:10B75000FF3343F00103ACBF91FBF3F0B1FBF3F017
:10B7600003FB101102EB0110704708B5F0F71AFD4A
:10B77000007900F00F00B0FA80F0400908BD2DE913
:10B78000F341164680460F46F0F720FD0379054643
:10B790001A0703D198F806305B0630D598F80720D1
:10B7A000022A3FD801239340013B41D3D8F81040EF
:10B7B00004EB03146279002AF6D1EB686946009322
:10B7C0006B7940468DF80430F0F700FD854233D0A8
:10B7D0008368024600EB0310A842F9D1A31A1B119B
:10B7E000936095E80F0084E80F00AB682BB12B1B2A
:10B7F00002EB23120023A260AB6010232B712C46B6
:10B800003B680120E3603B796371336823603379DF
:10B8100023710EE0A2F1100443F8044C12F80B3C23
:10B82000002BCAD0D8F8103053F8042C9A42F1D823
:10B83000002002B0BDE8F081AB6823B105EB031333
:10B840001B1B1B11A360631B1B11AB60D8E70844D3
:10B85000C07800F00F00B0FA80F04009704730B4B3
:10B860008B795B0612D4CC790D69032C34BF00218F
:10B870006FF003011023022C94BF00220122A34089
:10B88000294403EB820230BCFEF760BE30BC704737
:10B890000B7913F00F0F05D0136800200B6013799C
:10B8A0000B717047202B1FBF0069081A001103306D
:10B8B00008BF0120704730B40B79032B02D030BC95
:10B8C000FFF75DBF0C688568631E9D42F7D9C368AA
:10B8D00011792344D970C3681268A3EB84031A60FA
:10B8E00030BC70472DE9F04FABB002931B79059047
:10B8F00018070D46904600F0B98041462846029A46
:10B90000FFF73DFF0746002840F09980014680225E
:10B910000AA801F0B9F898F80430032B2DD1D8F813
:10B920000000431EB3F1333F27D2EEF701FC0124A0
:10B930002AAB03EB800040F8804C4FF00109EB7913
:10B9400009FA03F900231A46039309F1FF39B9F103
:10B95000FF3F02F1010612D1AA68002C61D001213B
:10B9600009AB9B460193894600234A457BD28A4214
:10B970003AD304924FF0000A28E03C46DDE72B69F9
:10B9800003EB09131979090715D05A79032A10D145
:10B99000D868431EB3F1333F0BD2EEF7C9FB2AAB95
:10B9A000023003EB800050F8883C0134013340F84A
:10B9B000883C3246C9E7012316460393F9E7E86855
:10B9C000FFF745FF08B90AF1010A013104988142E5
:10B9D000F5D95BF8040F53445044CBF8000029A874
:10B9E00058454FEA4909C0D11E442344002401218F
:10B9F0002246204603EB430E8E4512D3019B53F89B
:10BA000004CF01936044BCF1000F05D000EB400C63
:10BA10008C4524BF0A4604460137202F4FEA4101D6
:10BA2000EAD10399331B09B103EB93032946059827
:10BA3000F0F7F0FC41462846029AFFF73CFF98F8E1
:10BA400004305A0612D56B799B060FD5D8F8003012
:10BA50005B7913F0180F09D0294605982BB0BDE883
:10BA6000F04FFEF7C3BACDF8109083E72BB0BDE8D6
:10BA7000F08F8B7910B45B065BBF0123CC79002378
:10BA8000A3405DF8044BF0F7C5BC8368024613B1D0
:10BA900003EB8303043303F11C0093795B0609D4A1
:10BAA000D2791023022A94BF00210121934003EB95
:10BAB00081031844704738B50C460546FFF7CFFEA2
:10BAC000A36843B1E16803EB830228460432A1EB8B
:10BAD0008301FEF73BFD21462846BDE838401C2285
:10BAE000FEF734BD70B5866814464A1E9642054678
:10BAF0000CD8F0F757FB037919071FBF03682360C1
:10BB000003792371007900F03F0070BDC2680A44D8
:10BB1000D0780207F9D02071EA68A2EB81031B6894
:10BB20002360F2E710B51446F0F7B4FD03791B0764
:10BB30001FBF0368236003792371007900F03F0081
:10BB400010BD13B5144691F90720002A0DDBF0F75C
:10BB5000A1FD03791B071FBF0368236003792371CD
:10BB6000007900F03F0002B010BD0B79009143F066
:10BB70004003002269468DF80430F0F7A7FBE8E7A0
:10BB800038B504461546F0F70DFB2A460146204617
:10BB9000BDE83840FFF77CBEF0B487684D1EAF4269
:10BBA00004460B4616461BD9CA1CC168406928B119
:10BBB0008079870702D4885C00070FD00020337992
:10BBC000C5F17F558B5405F57F15E368326805F59F
:10BBD0007F553F3543F82520F0BC70475842FBE7BE
:10BBE000F0BCFFF7CDBFF7B504461646F0F752FD9F
:10BBF0000379054618070F4605D033682B60337963
:10BC00002B7100200DE0626912B19279910724D561
:10BC100032791207F5D0202B05D02069281A00119F
:10BC2000033003B0F0BD63799B0605D57B7913F033
:10BC3000180F01D00120F4E73B79324643F040036E
:10BC40006946204600978DF80430FFF798FD20B133
:10BC5000A37923F03F03A371D3E72B79202BDCD109
:10BC6000E8E773B591F907600446002E154604DB3A
:10BC700002B0BDE87040FFF7B6BF0B79009143F00A
:10BC80004003694600228DF80430F0F71FFB2A4676
:10BC90000146204602B0BDE87040FFF7F9BD73B51C
:10BCA0000B79054603F03F03042B0C46164621D0C2
:10BCB0000FD85BB3032B23D0214600222846F0F790
:10BCC00005FB32460146284602B0BDE87040FFF74A
:10BCD000DFBD132BF0D1002194ED000A01A8F1F78C
:10BCE000E7FA0028E8D0324628460199FFF754FFCA
:10BCF00002B070BD096802B0BDE87040FFF773BFC5
:10BD0000096802B0BDE87040FFF746BF0120EFE7C9
:10BD1000F7B50C46154607461A46294620461E46E4
:10BD2000FFF7BDFF30B1009033462A462146384622
:10BD3000F0F704FD03B0F0BDF7B515461C46531EE1
:10BD40008A6807469A420E4617D829463046F0F7C9
:10BD500029FA0379202B0BD103236A468DF804308E
:10BD60003146234638460095FFF7BCFD03B0F0BDD1
:10BD70002368036023790371F8E7CB6822792B44A9
:10BD8000DA70CB682268A3EB85031A60EEE72DE931
:10BD9000F0418C6805460E46002C4DD0CA681368E9
:10BDA0001046012B38BF01231946FFF750FDA0B9FB
:10BDB0001F1D9C4231D821461046FFF748FDD0B3E5
:10BDC000E11A01292ED9E11849081046FFF73FFD75
:10BDD00000280CBF0B460C46F2E71C461D1F012C29
:10BDE0000BD0013C21461046FFF731FD18B9146015
:10BDF0002046BDE8F081AC42F1D12346002408E0A2
:10BE0000191949081046FFF722FD00280CBF0C46FF
:10BE10000B46191B0129F3D8E9E71046591CFFF717
:10BE200016FD10B11C461360E2E7B94201D00B4683
:10BE3000BFE73B46BFE71460B3795B06D8D4671C05
:10BE400039463046FFF791FC0028D1D1EB68D3F892
:10BE5000348014B12046EEF76BF94FF0FF356FF0E8
:10BE60000043854028EA05050135DB1B9D4288BF5C
:10BE7000A51C28FA00F46FF0404898BFED19294638
:10BE80003046FFF772FC08B13C461BE0454506D240
:10BE900004F001032F46640803EB4505EFE76FF05C
:10BEA00000413046FFF761FC80B96FF000449FE726
:10BEB0002F197F0839463046FFF757FC00280CBF82
:10BEC0003C463D462B1B012BF2D891E72F466FF0E5
:10BED0000045D9E738B50D4611460446F0F7DAFBC0
:10BEE000037913F00F0305D101221846A179AA4066
:10BEF0001143A17138BD10B40B79C46803F00F036E
:10BF0000052B05D0072B0ED03E3354F8230001E05B
:10BF10000B68586950B104EB8204D4F894105DF8B2
:10BF2000044BF0F7B7BB0B68D868F3E704F12C00BB
:10BF30005DF8044B7047F0B40D4681682F68049E8D
:10BF40000F602D790D7115688D6012790A731A686A
:10BF50000A611B790B7533688B6133790B7701F1BB
:10BF60002003836003691A6A12F4841202D1F0BCC0
:10BF7000FCF762BF0022F0BCFCF761BFF8B50E46CB
:10BF8000069D816937686D1A816804460F603679AD
:10BF90000E7116688E6012790A731A680A611B792D
:10BFA00001220B7583681833836003691B6A13F4DD
:10BFB000841F10D1FCF740FFA368A269A3F1080019
:10BFC000A06053F8080C5119505113F8040C087173
:10BFD00000F03F00F8BDFCF732FFEDE72DE9F3413B
:10BFE0009DF82080154642460E461F460446FFF740
:10BFF00082FF037901461A0708D1294642462046A6
:10C00000FFF779FF037901461B0708D02B4632461C
:10C0100020460097FFF7B2FF02B0BDE8F0814FF075
:10C02000FF30F9E7162373B584680093A4F1100676
:10C03000083C3346224631460546FFF7CFFF013024
:10C0400004D1224631462846ECF7E2FE02B070BD2C
:10C05000F0B41F469DF81460049B144604960FB17B
:10C060000A462146F0BCF0F72BBC1FB50292032212
:10C070008DF80C209DF81C200192069A009202AACD
:10C08000FFF7E6FF05B05DF804FB73B50093836826
:10C0900004460D461646FFF7A1FF431C09D00128B0
:10C0A00005D010F00F0018BF012002B070BD0020B5
:10C0B000FBE7324629462046ECF7DEFE13B5049C2A
:10C0C0008CB107EE902AF8EEE77A1322CDED007AD4
:10C0D0008DF8042053B10A4669469DF81430FFF7E5
:10C0E000D4FF02B010BD00920322F1E76A46F4E7E4
:10C0F000F7B513790746032B0D461446866913D10D
:10C1000013680193019B5A1EB24229D203F10053D6
:10C110003A68013B9B1B02EBC30152F833302B60A2
:10C120000B792B7103B0F0BD0022204601A900F06D
:10C1300097F90028E6D1237903F00F03042B0FD1E0
:10C14000236893F90720002AACBF1033D3E90323F7
:10C15000012A05D11B786E2B02D103232E60E0E764
:10C160000023DEE76FF00041F0F71EBDF0B5044696
:10C1700085B008460D461746E4F724FB06460246FE
:10C1800001A92046F0F740FD3246284601A900F0FB
:10C1900083FC18B139462046F0F7CEFC05B0F0BD5F
:10C1A0002DE9F04190F9077091F90780002FACBF9D
:10C1B00000F11006D0E90376B8F1000FACBF01F131
:10C1C0001005D1E903852946304600F082FC58B9B4
:10C1D0003046E4F7F7FA04462846E4F7F3FA8045D8
:10C1E00004D1381B18BF0120BDE8F081A74207D059
:10C1F0000134013026443F1B0544A8EB0008E2E768
:10C200004FF0FF30F0E72DE9F84380460C46174623
:10C2100000266FF0070909FB04F358F80310B8195A
:10C2200091F90750002DB4BFD1E9035110312A46CE
:10C2300000F01DFC013C2E44EDD1BDE8F88310B5A3
:10C240000B790C4603F00F03042B04D1137903F090
:10C250000F03042B05D02146BDE810401523FFF73E
:10C2600014BF11682068FFF79BFF0028CCBF002097
:10C27000012010BD10B50B790C4603F00F03042B01
:10C2800004D1137903F00F03042B05D02146BDE838
:10C2900010401423FFF7F9BE11682068FFF780FFF4
:10C2A000C00F10BD10B5037903F00F03042B0ED19E
:10C2B000006890F90740002CB4BFD0E9034010306B
:10C2C000EDF796FF0134231A5842584110BD002063
:10C2D000FCE713B502790C46032A08D1D0ED007AA9
:10C2E000F8EEE77AC4ED007A012002B010BD69468D
:10C2F000FFF7D8FF0028F8D09DF80430032B02D1B7
:10C30000DDED007AECE7DDED007AEBE713B50279BD
:10C310000B79032A0C6826D1032B026804D1A242B0
:10C32000ACBF0020012011E002F18073B3F1007F67
:10C3300000EE104A0CD807EE902AF8EEE77AB4EE39
:10C34000E70AF1EE10FACCBF0120002002B010BDC8
:10C35000022101A8F0F7ACFF10B1019B9A42DFE780
:10C36000B5EEC00AEDE7132B90ED000A09D107EEF8
:10C37000904AB4EEE70AF1EE10FA4CBF012000201B
:10C38000E4E704F18073B3F1007F04D807EE904A2C
:10C39000F8EEE77AEDE7012101A8F0F789FF10B187
:10C3A0000198A042BCE7B5EEC00AE4E713B50279F4
:10C3B0000B79032A0C682BD1032B026804D1A2420B
:10C3C000CCBF0020012011E002F18073B3F1007FA7
:10C3D00000EE104A0CD807EE902AF8EEE77AB4EE99
:10C3E000E70AF1EE10FAACBF0120002002B010BD48
:10C3F000012101A8F0F75CFF10B1019B9A42DFE731
:10C40000B5EEC00AF1EE10FACCBF01200020EDE736
:10C41000132B90ED000A09D107EE904AB4EEE70A1B
:10C42000F1EE10FA94BF01200020DFE704F18073E1
:10C43000B3F1007F04D807EE904AF8EEE77AEDE713
:10C44000022101A8F0F734FF10B10198A042B7E72C
:10C45000B5EEC00AF1EE10FA4CBF01200020C5E78E
:10C460000346084611461A79132A03D193ED000AB0
:10C47000F0F71EBF032A03BF1B68036001200020E2
:10C480007047F7B50D466946044616466F46FFF7F6
:10C4900009FF3246294600280CBF20463846FFF7E0
:10C4A000DFFF03B0F0BD08B52DED028BB0EE608A62
:10C4B000F8F786FDB5EEC00AF1EE10FA07DDB5EE2D
:10C4C000C08AF1EE10FA08D530EE080A05E004D56E
:10C4D000B5EEC08AF1EE10FAF6DCBDEC028B08BDB9
:10C4E000002905DA11F11F0F06DB4942C8407047E9
:10C4F0001F2901DC884070470020704713B50446AF
:10C50000836801AAD0E90310984740B1019B33B179
:10C51000013B2360431C6360007802B010BD4FF004
:10C52000FF30FAE738B5056804460DB1012038BD83
:10C53000FFF7E4FF013006D023680133236063680E
:10C54000013B6360F2E72846F1E7C1E902230023DB
:10C550000861C1E900337047F8B504460F46154637
:10C560000DB92846F8BD2046FFF7DCFF0028F8D0BB
:10C5700026683846AE4228BF2E466168324600F033
:10C5800076FA236837449B1B23606368AD1B3344F2
:10C590006360E5E738B505460C46FFF7C3FF48B1D1
:10C5A0002B68A34231BF002068681B1B241824BFDE
:10C5B0002B606C6038BD2DE9F74390460A9A064619
:10C5C00093420F4601D2E7F7EDFE1C0C1D042846EE
:10C5D00000232146E4F7CAF802460B4669B1234618
:10C5E0004FF00009304642463946CDF80090F4F746
:10C5F00073F8012003B0BDE8F08381462146284648
:10C60000E4F7B4F80346EDE70C235843012300F1A7
:10C61000804000F58410416003607047C00000F165
:10C620008040043000F520331B6800F5243083EA95
:10C63000017303F0405303607047C00000F1804075
:10C64000043000F520331B6800F5243083EA0143F1
:10C6500003F4403303607047C00000F180400430B1
:10C6600000F520331B6800F5243083EA013303F41E
:10C67000405303607047C00000F18040043000F573
:10C6800020331B6800F5243083EA813303F44043F0
:10C69000036070474FF0000242EC440042EC40005F
:10C6A0000521F4F7EBB8F8B505460E46F4F748FA5D
:10C6B000314607462846F4F795F9041E05DB224665
:10C6C00031462846F4F7E8F904463846F4F74AFAC2
:10C6D0002046F8BDF0B5D0F86841121B1F2A35D8A6
:10C6E0004FF0180C4FF400350CFB01F400EB040E76
:10C6F0000EF54354DEF8DC70DEF8CC60E5609DF8A2
:10C700001440002C0CBF00241F2444F4604444F067
:10C710008004052B4FEA42150DD80CFB010045EAB9
:10C720008365C0F8DC50C0F8D840C0F8DC70C0F8B1
:10C73000CC600020F0BD45F0A0550532CEF8DC50AD
:10C74000053BCEF8D84002F01F02E2E76FF004008C
:10C75000F0E7F0B50126174602688E4022EA06028D
:10C760008BB0044602600D461A4603B3F4F7FEF898
:10C77000D8B918224FF000416A43A31803F5865335
:10C78000196119614FF00133AB40A3600123291DEA
:10C79000083504F5005603FA01F107F01F07AB4016
:10C7A000144431603360C4F8D8700BB0F0BD4FF45E
:10C7B000803208934FF4F833CDE905234FF440233A
:10C7C0006E4607930DF1140CBCE80F000FC64FF036
:10C7D000FF336A46294620463360C7E7CB08C05C72
:10C7E000012301F007018B401840003818BF0120D9
:10C7F0007047F8B5144605460E461F46F4F7A0F9F3
:10C800000246BC4202D94FF0FF340CE021462846D4
:10C81000FFF7E4FF80B90123E10804F0070083403B
:10C82000685C03436B541046F4F79CF9002C05DA5E
:10C8300026B10698F9F770F80134E2E72046F8BD12
:10C8400038B5044648B1EAF7F9FE962305465C433D
:10C85000EAF7F4FE431BA342FAD338BD40B1C368E4
:10C86000587810F001001EBF1878B0FA80F0400927
:10C870007047EFF31183102383F31288BFF36F8F98
:10C88000FEE708B5FFF7F5FF10B400F10C04C0E9AE
:10C890000344002444615DF8044BE5F717B990F9AF
:10C8A0000E308B4201D0F5F753BD00207047034690
:10C8B0000020C3E90033C3E9020070473AB18A425D
:10C8C00005D3C0E90212C0E90000002070476FF0F4
:10C8D00015007047012302688B4022EA03030360BE
:10C8E00022FA01F000F00100704720B10022EC3084
:10C8F0001146F6F72DBA704710B5F5F729F8041E62
:10C9000008DDEFF31180102383F31288BFF36F8FDC
:10C91000F5F7F8FD204610BDEFF30580003818BF8D
:10C920000120704760307047002310B58B4202D160
:10C930000020136010BDC45CAA2CF9D10133F5E7C7
:10C9400008B50A46D0E92001FFF7EEFF002008BD38
:10C95000D0E9003213605A600023C0E90033704709
:10C9600038B504460D46F5F71DFA237C43F0020363
:10C970002374D5B1A5602B689D4209D16B68C4E9C9
:10C9800000531C606C6010E06A689A42F6D01B6825
:10C99000002BF3D093F90E1094F90E209142F3DDA1
:10C9A0005A68C4E9003214605C6038BD10B5037C7D
:10C9B000044613F0280F0CD183680BB1F5F7CCFABD
:10C9C000237C204623F004032374BDE81040F5F7D0
:10C9D00081B910BDF5F77ABA38B50546046800206C
:10C9E000AC4200D138BD002CFCD02046F5F7B4FA9B
:10C9F00004F11800F6F726FC2046F5F76BF92C68D1
:10CA00000120A542EDE708B50246F6F711FB70B12B
:10CA1000D0E904319B1A61EBE272B3F1004F72F17D
:10CA2000000104DA002AACBF1846002008BD6FF0F0
:10CA30000040FBE708B5F6F735FD08BDF6F732BD57
:10CA40000023C0E9081200F11802C0E90622C0E97B
:10CA5000003303634363704720B1011F50F8040C97
:10CA6000F4F7DCBA704700BF0020704770470A44F3
:10CA7000431E914200D1704710B511F8014B91420D
:10CA800003F8014FF9D110BD02440346934200D18F
:10CA9000704703F8011BF9E70139024410B59042D1
:10CAA00001D1002005E0037811F8014FA34201D025
:10CAB000181B10BD0130F2E7C9B20346184613F83F
:10CAC000012B12B18A42F9D17047002918BF00200A
:10CAD0007047E3F765BE10B56AB10139841810F8E4
:10CAE000012B11F8013F9A4203D1A04201D0002A44
:10CAF000F5D1D01A10BD1046FCE70139034610B538
:10CB000032B111F8014F013A03F8014B002CF7D173
:10CB10001A440021934200D110BD03F8011BF9E72C
:10CB20000246014410B58A42134603D01C780132F4
:10CB3000002CF8D1181A10BD034630B5184613F86A
:10CB4000012B42B14C1E01E0954205D014F8015F63
:10CB5000002DF9D1F2E7104630BD034670B51E46F0
:10CB600013F8014B3CB14A1E01E0A542F7D012F880
:10CB7000015F002DF9D1301A70BD2DE9F843C3F1E2
:10CB800037090746884603F01F055FFA89F91646FC
:10CB9000384641462A460023E3F7E8FD4346D4B22F
:10CBA0003A4688460746092C84BF4C44E4B2AA4260
:10CBB0004FF0000204F13004934106F8014BE7D234
:10CBC0003046BDE8F8832DE9F041B0FA80F600293F
:10CBD00007460C46A1EB060606F1070648DB0846A9
:10CBE000F8F7D2F806442046351BF8F7D3F821466B
:10CBF0002A1A38463D3200F051F9B44236DC1F2D76
:10CC000064DC4FF0FF33AB4027EA0303B3FA83F34E
:10CC10005B091D46B0FA80F3F31A9E33FE2B59DCF4
:10CC2000002B23EAE371D4BF01230B469B1BA3F126
:10CC30009704963B20FA04F220FA03F312F0010263
:10CC400009D04FF0FF32A24030EA020240D1002D5D
:10CC50003ED003F001021344C3F3160303B9114499
:10CC600043EAC15300EE103ABDE8F0810123D0E75A
:10CC70004D422846F8F78EF8361A2846A6EB0408E7
:10CC8000F8F788F8294608EB000238463C3200F0F5
:10CC9000F2F8B44213DCB8F11F0F17DC4FF0FF338A
:10CCA00003FA08F337EA030310D10521B7FBF1F2C9
:10CCB00002EB8204A74204D101331746F6E70023B2
:10CCC000F3E79D428CBF00230123A2E70023A0E7E6
:10CCD0000122C0E74FF0FF43C4E72DE9F04F0518EC
:10CCE00089B0904641EB0104029304AB28462146EB
:10CCF0000093D2E9002300F0E1F806AB074689462D
:10CD00002846214600930025D8E9022300F0D6F8F2
:10CD1000DDE90423841851EB0306069B28BF012597
:10CD2000D8E90012ED18079B43F10003791849EB8D
:10CD30000202B94272EB0902D8E9022134BF012094
:10CD40000020A21846EB01018018029A41F100016F
:10CD5000A042A2F1410A71EB0602CDF800A034BF57
:10CD6000012200225219CDE9065343F1000300F0DD
:10CD7000BCF8129BC3E90001D8E90221DDE90653A2
:10CD8000039114990129D8E900E027D1A21A039947
:10CD9000CDF800A066EB0101774579EB000034BFC8
:10CDA00001200020101A61F10001844276EB01029B
:10CDB00034BF01220022AA1A63F1000300F095F8A3
:10CDC000139BC3E90001DDE9062320463146CDF877
:10CDD00000A000F08AF809B0BDE8F08F17EB070B50
:10CDE00049EB090C14EB040846EB0601BB457CEB50
:10CDF000090934BF0127002718EB070741F1000894
:10CE0000F3457CEB000C34BF01200020381A68F198
:10CE10000001801A039A61EB02016D195B41A74280
:10CE200078EB060234BF01220022AD1843F1000363
:10CE3000874278EB010834BF01220022AA1A029D22
:10CE4000A5F140050095B7E710B5A3FB0043029993
:10CE5000A2FB0020001943F100033F29DBBFA1F131
:10CE60002002C1F1400140398B40D6BFD04023FAA7
:10CE700001F0184310BD30B587B00446084615468A
:10CE800002A9F8F721F8049B204600955A1C059B3F
:10CE900043F10003FFF7D8FF07B030BD30B587B0CE
:10CEA00015460446084602A9F7F79CFF2046009560
:10CEB000DDE90423FFF7C8FF07B030BDF0B500245B
:10CEC0000D4606469446A0FB02012246059FE5FB5F
:10CED0000C12A446E5FB0324E3FB061C12EB0C0238
:10CEE00044F10004C7E90024F0BDF0B5059CC4F18D
:10CEF0004007C4F12006A4F12005E04002FA06F63E
:10CF0000BB4022FA05F5BA403343C4F120062B4357
:10CF100001FA06F6A4F12005304321FA05F5E140B7
:10CF2000284319431043F0BD10EE103A23F000409F
:10CF3000A0F1FF4358425841704710EE103A23F0D9
:10CF40000040B0F1FF4F94BF0020012070472DE951
:10CF5000F0410446CE0FC1F30A55C1F3130140F26C
:10CF6000FF70167154EA01076BD1002D71D12C4668
:10CF70002946002B156060DB0C2B60DCC3F10D052E
:10CF80000120AD0005F1FF3CA5F12107C5F1210607
:10CF900000FA07F720FA06F600FA0CF037430618F5
:10CFA00047EB0708D6F1000E68EB480C013E48F14C
:10CFB000FF38264008EA0108B04277EB080810DB8A
:10CFC000C5F12008B5F1200624FA05F501FA08F8A4
:10CFD00058BF41FA06F645EA080558BF3543ED0744
:10CFE00003D52018044641EB070104EA0E0401EAC8
:10CFF0000C019DF8186018460D250532C6F127066C
:10D0000004F00F03240944EA0174091163B9A8422A
:10D010000DDA013DF4D21AE01DB90125A5F2FF3564
:10D02000A7E741F48011F9E7092BC8BF9B193033FA
:10D03000A8425355B8BF2846EBE70023D9E70D2394
:10D04000D7E78542E8D146F0080600201671BDE812
:10D05000F0818542E5D146F00406F6E7D1E90432D5
:0CD0600093421EBF5A1C0A6118707047F2
:08D06C006837FE7F010000009F
:10D07400000000002CD10110CD0F011000000000B1
:10D084000000000048D101100000000080D1011010
:10D094000000000064D101109D7300100000000026
:10D0A400000000009CD10110A12A00100000000023
:10D0B400454400100000000000000000D4D101101D
:10D0C40000000000B8D10110B93A011000000000BE
:10D0D40000000000F0D101100000000028D201106F
:10D0E4000000000044D20110000000000CD2011026
:10D0F40029580010000000000000000060D2011058
:10D104000000000098D2011000000000B4D2011009
:10D11400000000007CD20110455000100000000007
:08D12400790601100000000073
:10D12C007AF60110B8DA0110F0D401105603002081
:10D13C00DC0000205156001000000000B3F7011075
:10D14C0000000000D0D4011060030020000000009B
:10D15C00000000000000000009FC01105C01002030
:10D16C003CD50110640300203C0100205F690110D4
:10D17C000000000017FC0110A40100203CD5011098
:10D18C0066030020840100205F690110000000008C
:10D19C0099F501106CDA0110000000005203002018
:10D1AC0000000000FD5F0110000000001DF70110E1
:10D1BC00B0DB0110ACD4011058030020900F0020FC
:10D1CC00F76101100000000029F70110BCDB011011
:10D1DC00ACD401105A030020A40F0020F7610110F9
:10D1EC000000000065F6011080DA0110A0D40110D7
:10D1FC0054030020000000202D51001000000000FE
:10D20C00ECFD01102C020020E0D40110680300207A
:10D21C00CC010020E1680010000000003AFF011072
:10D22C0044020020E8D401106A03002064020020AC
:10D23C00697100100000000047FF0110C4020020BB
:10D24C00E8D401106C030020E40200206971001086
:10D25C0000000000F9FB011008DC011018D50110CA
:10D26C0062030020E40000201564001000000000A0
:10D27C0092F501104CDA0110000000005003002060
:10D28C00A80E0020095100100000000098F70110B2
:10D29C00C8DB0110000000005C030020000000004F
:10D2AC00296401100000000098F70110D8DB011070
:10D2BC000CD501105E030020080A0020415B001011
:04D2CC00000000005E
:10D2D000000000002F5C0110000000002F5C011016
:10D2E000000000002F5C0110000000002F5C011006
:10D2F000000000002F5C0110000000002F5C0110F6
:10D30000000000002F5C0110000000002F5C0110E5
:10D31000000000002F5C0110000000002F5C0110D5
:10D32000000000002F5C0110000000002F5C0110C5
:10D33000000000002F5C0110000000002F5C0110B5
:10D34000000000002F5C0110000000002F5C0110A5
:10D35000000000002F5C0110000000002F5C011095
:10D36000000000002F5C0110000000002F5C011085
:10D37000000000002F5C0110D4D101107D5A001074
:10D38000000000002F5C0110000000002F5C011065
:10D39000000000002F5C0110000000002F5C011055
:10D3A000000000002F5C0110000000002F5C011045
:10D3B000000000002F5C0110000000002F5C011035
:10D3C000000000002F5C0110000000002F5C011025
:10D3D000000000002F5C011080D101105D6500107D
:10D3E00064D101105D650010F0D10110A15300104F
:10D3F000000000002F5C0110000000002F5C0110F5
:10D40000000000002F5C0110000000002F5C0110E4
:10D41000000000002F5C0110000000002F5C0110D4
:10D42000000000002F5C0110000000002F5C0110C4
:10D43000000000002F5C0110000000002F5C0110B4
:10D44000000000002F5C0110000000002F5C0110A4
:10D45000000000002F5C0110000000002F5C011094
:10D46000000000002F5C0110000000002F5C011084
:10D47000080400207891002000080000B11400107A
:10D480000000000000000000000000000700000095
:10D490000000000069E20110000000000000000030
:0CD4A0002152001085520010E40C000026
:10D4AC004D590010BB610110C96201106962011075
:10D4BC0019630110D161011005620110A958001007
:04D4CC00795800107B
:10D4D000355D0010515D0010615D00107D5D001034
:10D4E000F96900109D6A0110056F0010296B011089
:10D4F0006F600110AB600110000000004F6101106F
:0CD5000037610110000000000000000076
:0CD50C00616301105B630110000000006F
:10D51800CD5D00107D600010F5620010115E0010F6
:10D528000000000063650110DD5D001000000000D0
:04D5380000000000EF
:10D53C00B5670110DF670110ED6701105969011023
:10D54C0011680110216801103F680110A5640010DA
:10D55C005D68011081680110AD680110BB68011095
:10D56C0071680110C9680110EF680110FD680110A5
:10D57C000B6901102169011025690110B5670110B3
:10D58C00DF670110ED670110596901101168011076
:10D59C00000000000000000000000000000000007F
:10D5AC00000000000000000000000000000000006F
:10D5BC00000000000000000000000000000000005F
:08D5CC00000000000000000057
:10D5D40072F6011003000000D3E5011003000000FF
:10D5E40066EA01100300000038F101100300000096
:10D5F40016E80110030000001AE8011003000000FF
:10D604000BEA0110030000005A0D02100400000090
:10D6140021F101100300000029F1011003000000B2
:10D6240080050210030000004EE401100300000016
:10D6340076F201100300000000FC0110030000005A
:10D6440002E7011003000000F3FD011003000000D5
:10D6540054FF011003000000F7E60110030000006E
:10D664009FF701100300000036F5011003000000CD
:10D6740000DA0110780E002014EA01100100000005
:10D68400E4D90110BC000020FAE9011001000000F7
:10D69800000A010A020A030A070A040C050A060519
:10D6A800080B090B0A0C0B0C0CFF0DFF0E0D0FFFDE
:10D6B80010FF000000000000010000000000000052
:10D6C8000500000000000000190000000000000034
:10D6D8007D00000000000000710200000000000052
:10D6E800350C000000000000093D000000000000AB
:10D6F8002D31010000000000E1F5050000000000E8
:10D7080065CD1D0000000000F90295000000000032
:10D71800DD0EE90200000000514A8D0E00000000F5
:10D728009573C24800000000E941CC6B010000007D
:10D738008D49FD1A07000000C16FF2862300000022
:10D74800C52EBCA2B1000000D9E9AC2D78030000B9
:10D758003D9160E45811000031D6E275BC560000D6
:10D76800F52E6E4DAEB10100C9EA26836778080030
:10D77800ED95C28F055A2A00A1EDCCCE1BC2D3006D
:10D7880025A4000A8BCA2204000000000000000043
:10D798000000000000000010000000000000000071
:10D7A800B9340332B7F4AD1410DB1AB30892540E2F
:10D7B8000D307D951447BA1A66088F4D26ADC66D93
:10D7C800F598BF85E2B74511CA96853D92BD1DEB18
:10D7D800FCA11860DCEF52163C92AE220BB8C1B423
:10D7E800839D2D5B0562DA1C304C7E8F4E8BB25BBD
:10D7F80016F4529F8B56A512FBD4827643ED8AF01D
:10D808008FE7F9311565191850F19BD94A13EEB411
:10D81800284CF0A686C1251F035FC270CB9E49160F
:10D82800E642889C44EB2014B0650836AD6EA585A9
:10D8380085F0CA14E2FD031A0B899979D5B13D091F
:10D84800D8DA973A35EBCF10AC363F5E73BB38CF9A
:10D858003E6752FA44AFBA1501000000000000000C
:10D868000000000000000020345065C05FC9A652C7
:10D87800BB13CBAEC440C21806C8DF7100D5A87C64
:10D88800F56F0FDA58FC27136E4756357D2420654F
:10D8980002C7E768E48CA41DE9E60268D7CD3961C0
:10D8A8007977FCC2405BEF16798CDE43FFA751F90C
:10D8B80091F3B278F5BDBE11E857E9D6E8BEE87B2A
:10D8C800B054AC8F848D751BEA23A499E9F9D38BE6
:10D8D800B7A3714061DA3E15CEE33ECB73F9480831
:10D8E8008C97B427D51B7010A2BFEFB9EB85321502
:10D8F8004DB44DB49BBB6F1996B6076CF8E7EEAD07
:10D9080036D9B4F59135AE13222218AF4E6A684D58
:10D9180091DAAA3D4F40741E9FBD9EE006A1C098B3
:10D9280057C2A7FDA40E90170E7D497173E3208F8F
:10D93800B220D87605143B12853D7434811343B068
:10D94800AD297A5F27F4351CA9E10110C3520110F3
:10D95800AEE10110A35201107FEF01106512001013
:10D96800B4E1011001130010B8E101100912001010
:10D978000000000000000000C805002000010000B1
:10D98800915901102F590110020000000B5B011082
:10D99800000000000000000000000000000000007F
:10D9A80092E901109AE9011000000000000000004F
:10D9B80000000000560D0210460D02103E0D021028
:10D9C8004E0D0210D4D90110540E00203D3700101E
:10D9D8006C0E00204E90002001000000BF5B01107B
:10D9E800B55B0110835B0110613700100000000077
:10D9F800775B011000000000B5370010A937001050
:10DA0800D937001000000000000000009D3700100A
:10DA180000000000DD5B0110800E00204F90002008
:10DA280000010000CC00002040DA011000000000D6
:10DA38000000000000000000C1440010694400100C
:10DA48009144001060D2011096F50110AD5F0110ED
:10DA58008D5F0110855F01107D5F0110755F0110FA
:10DA6800D75F0110000030502CD1011005000000D4
:10DA780048D101100C000000090000009CDA0110D8
:10DA88002F6001102CD101100900000048D10110AD
:10DA980000000000A4DA011001000000ACDA011057
:10DAA80003000000E80B0400EA0B0400EB0B040081
:10DAB800000001400080044000000540008005404F
:10DAC80000800E40A8DB0110010000007D0000006E
:10DAD80005000000020000000100000064000000D2
:10DAE8000500000005000000000000000000000024
:10DAF80080D1F00880D1F00800000000000000008C
:10DB080080D1F00880D1F00800000000000000007B
:10DB180080D1F00880D1F00800000000000000006B
:10DB280080D1F00880D1F008020000000000000059
:10DB3800001BB700001BB700010000000000000038
:10DB480080D1F00880D1F00800000000000000003B
:10DB580080D1F00880D1F00800000000010000002A
:10DB680080D1F00880D1F00800000000000000001B
:10DB7800006CDC02006CDC02000000000000000009
:10DB8800006CDC02006CDC020C000000A00A000043
:10DB9800100000000000000000000000000000006D
:10DBA800B0DB011000000000FFFF000000000000D3
:10DBB80000000000FFFFFFFF53620110B8D1011001
:10DBC8009CD10110F4DB0110C8E0011004FF000033
:10DBD8009CD10110060300000100000000350C0074
:10DBE800EF190210180100000A000000FCDB011008
:10DBF8000100000004DC011001000000C60900005B
:10DC080044D20110000000000000000000000000E5
:10DC18000000000000366E01010000002CDC01103D
:10DC28000100000034DC011002000000940800002C
:10DC38009508040044DC0110010000004CDC0110D0
:10DC4800020000009C0800009D080400D4D10110C7
:10DC58000A000100D4D101100D0001006CDC011094
:10DC68000100000074DC0110030000004E080000F1
:10DC78004F0800004C080400B8D10110070001004B
:10DC880090DC01100100000098DC01100300000086
:10DC98006208000063080000640804000600000031
:10DCA8000000000000000000FFFFFFFFFFFFFFFF74
:10DCB800FFFFFFFF8D0902105A04021060040210D2
:10DCC8006304021068040210F10F02106F040210BE
:10DCD80075040210050802101701021079040210D9
:10DCE8006C0402108C0102107E040210D10802108C
:10DCF800B309021094090210840402108B04021064
:10DD080092040210970402109C040210A20402104C
:10DD1800A8040210AC040210AB040210AF040210F5
:10DD2800B2040210B5040210B8040210BB040210B9
:10DD3800BE040210C1040210C4040210CA04021076
:10DD4800D3040210DD040210E404021000000000F5
:10DD58002000000000000000100B00000000000080
:10DD6800000000003A090210420902105401021092
:10DD78004D090210540902105A0902105F090210D5
:10DD8800650902106B090210710902107709021067
:10DD98007D090210830902108A09021091090210F4
:10DDA800970902109E090210A4090210AA0902107C
:10DDB800B0090210B7090210BC090210C10902100B
:10DDC800CA090210D1090210D9090210D10802109B
:10DDD800E20902108B1E0210250B02107A080210AD
:10DDE800EA090210050802108B1E0210F009021041
:10DDF800F7090210FF09021066DA0010A4DA001011
:10DE0800DEDA001020DB001060DB0010A4DB00105D
:10DE1800D2DB001002DC001030DC00106CDC0010DB
:10DE2800AEDC00100CDD00108CDD001046DE0010AA
:10DE3800EEDE001066DF001010E000101AE100109E
:10DE480002E20010A6E2001046E30010C8E300104A
:10DE580036E40010DEE4001086E5001034E6001019
:10DE6800F2E600108CE7001010E80010D0E800106F
:10DE780036E900109CE9001002EA00106CEA001074
:10DE8800D4EA001076EB001018EC0010BAEC001081
:10DE980066ED0010F8ED001074EE001022EF00108F
:10DEA800A6EF00102AF00010AEF0001034F10010B8
:10DEB800BCF1001012F200106CF20010CAF200104F
:10DEC8003CF30010B8F3001002F4001048F40010FE
:10DED800A2F40010E4F400101EF5001052F5001032
:10DEE800B8F5001052F60010ECF6001046F70010D6
:10DEF800D2F7001074F8001016F90010B8F90010E5
:10DF08005AFA0010B6FA001022FB00107AFB001033
:10DF1800F2FB00106CFC0010BAFC00101EFD001093
:10DF2800AEFD0010F2FD001028FE001074FE001077
:10DF3800ACFE00108EFF00106E000110C40001102E
:10DF4800FC000110400101108E0101102C0D02107F
:10DF5800C5030110330D0210150301103A0D02100C
:10DF68009D030110420D0210450501104A0D0210D3
:10DF7800CD040110520D02104D04011000000000E4
:10DF8800000000005D0F02106B0F02107F0F0210DF
:10DF98008E0F02109A0F021074D0011074D0011065
:10DFA8009CD00110ACD001101CD101102CD1011053
:10DFB800C71802100001000088130000A51E0210F7
:10DFC800A41E0210A41E0210A41E0210A41E0210F9
:10DFD800A41E0210A41E0210A41E0210A41E0210E9
:10DFE800A41E0210FFFFFFFFFFFFFFFFFFFFFFFF61
:10DFF800FFFF00000000000000000000000000001B
:10E0080000000000000000409559695955555455C5
:10E01800155555560405154110545540455155445C
:10E0280040455044505555450040004040044496F2
:10E0380065555655454045545141154055915555DE
:10E0480055554051050100005445545445550504A3
:10E0580000100410140440000000014055551541FB
:10E068005404000044000100000000404100004446
:10E078005044455054005555545565510040004092
:10E088000100000100050100115451515455550576
:10E098000015415000000440100104050000000074
:10E0A800000000000000008000000000DCCFD13537
:10E0B8000000000000C0153F0000803F0000C03F86
:10E0C800216323120012000270726F746F636F6C09
:10E0D80073006C656E206D75737420626520706FB7
:10E0E800736974697665006261756472617465004C
:10E0F800706172697479006E6F6E65006F64640098
:10E108006576656E00696E76616C6964207061720F
:10E1180069747920272573272028657870656374CA
:10E12800656420276E6F6E65272C20276F6464272F
:10E13800206F7220276576656E27290073746F70CB
:10E148005F6269747300696E76616C6964207374C8
:10E158006F705F6269747320256420286578706524
:10E16800637465642031206F722032290064617401
:10E17800615F6269747300696E76616C69642064BA
:10E188006174615F62697473202564202865787002
:10E19800656374656420372C2038206F7220392914
:10E1A80000696E6974007772697465006366670058
:10E1B8006F6E5F7278005F5052454C4F4144007A51
:10E1C800626F6F6B00574553545F544F5044495228
:10E1D8002F7A626F6F6B2F73616D706C65732F7719
:10E1E8007261707065722F6C75612F756172742F12
:10E1F8006275696C642F6C75612F756172745F73D9
:10E20800616D706C655F6C75615F7468726561647F
:10E218002E6300415353455254494F4E20464149BD
:10E228004C205B25735D20402025733A25640A0045
:10E23800095365747570207265717569726564201B
:10E24800746F206265207375636365737366756C9C
:10E258000A004C7561206572726F723A2025730A44
:10E2680000756172745F73616D706C655F6C756168
:10E278005F7468726561645F6964006865617020D5
:10E28800636F7272757074696F6E20286672656547
:10E29800206C697374206C696E6B6167652900680E
:10E2A80065617020636F7272757074696F6E202873
:10E2B80066726565206368756E6B206C696E6B614C
:10E2C800676529006865617020636F727275707484
:10E2D800696F6E20286E6F7420696E207573653FB4
:10E2E80029206174202570006865617020636F7251
:10E2F80072757074696F6E20286275666665722023
:10E308006F766572666C6F773F292061742025707F
:10E31800006865617020636F7272757074696F6EE2
:10E3280020286C656674206E65696768626F723F45
:10E3380029206174202570006865617020636F7200
:10E3480072757074696F6E2028646F75626C6520D1
:10E35800667265653F292061742025700057455312
:10E36800545F544F504449522F7A65706879722F20
:10E378006C69622F686561702F686561702E630033
:10E3880028616C69676E20262028616C69676E2099
:10E398002D20312929203D3D20300009616C696715
:10E3A8006E206D757374206265206120706F7765CB
:10E3B80072206F6620320A006279746573203E20ED
:10E3C800686561705F666F6F7465725F62797465A6
:10E3D8007328627974657329000968656170207310
:10E3E800697A6520697320746F6F20736D616C6C36
:10E3F8000A00686561705F737A203E206368756EF5
:10E408006B737A2873697A656F662873747275639B
:10E4180074207A5F686561702929006368756E6B7E
:10E42800305F73697A65202B206D696E5F6368754C
:10E438006E6B5F73697A65286829203C3D206865A2
:10E4480061705F737A006F735F686561700057452C
:10E4580053545F544F504449522F7A65706879720B
:10E468002F6C69622F6F732F63627072696E7466A6
:10E478005F7061636B616765642E63000953747232
:10E48800696E67207769746820746F6F206D616E9C
:10E498007920617267756D656E74730A000973740B
:10E4A800725F7074725F706F735B5D20746F6F2042
:10E4B800736D616C6C0A0009746F6F206D616E7901
:10E4C80020666F726D617420617267730A00696EED
:10E4D8005F7061636B6167656420213D2028287641
:10E4E8006F6964202A2930290028756E7369676E60
:10E4F8006564292063686172202A20757365642029
:10E50800666F722025257020617267756D656E745F
:10E518002E2049742773207265636F6D6D656E6474
:10E52800656420746F206361737420697420746F4C
:10E5380020766F6964202A2062656361757365209F
:10E548006974206D6179206361757365206D6973E5
:10E558006265686176696F7220696E20636572749E
:10E5680061696E20636F6E66696775726174696F41
:10E578006E732E20537472696E673A2225732220B7
:10E58800617267756D656E743A256400736370799E
:10E598005F636E74203C2073697A656F66286370C8
:10E5A800795F7374725F706F7329006B6565705F54
:10E5B800636E74203C2073697A656F66286B6565A5
:10E5C800705F7374725F706F732900636270726931
:10E5D8006E74665F7061636B61676500574553547D
:10E5E8005F544F504449522F7A65706879722F6989
:10E5F8006E636C7564652F7A65706879722F6B65C8
:10E60800726E656C2E6800216B5F69735F7072654E
:10E618005F6B65726E656C282900096B5F637572A4
:10E6280072656E745F6765742063616C6C656420E5
:10E638007072652D6B65726E656C0A005745535490
:10E648005F544F504449522F7A65706879722F6C25
:10E6580069622F6F732F6D7073635F706275662EBA
:10E668006300657272203D3D203000574553545F6A
:10E67800544F504449522F7A65706879722F696EE9
:10E68800636C7564652F7A65706879722F73706929
:10E698006E6C6F636B2E68007A5F7370696E5F6C67
:10E6A8006F636B5F76616C6964286C290009496E39
:10E6B80076616C6964207370696E6C6F636B20257A
:10E6C800700A007A5F7370696E5F756E6C6F636B4A
:10E6D8005F76616C6964286C2900094E6F74206D3F
:10E6E80079207370696E6C6F636B2025700A0073F4
:10E6F80079735F6765746F707400736F6300574553
:10E7080053545F544F504449522F7A657068797258
:10E718002F696E636C7564652F7A65706879722FDE
:10E728006C6F6767696E672F6C6F675F6261636B99
:10E73800656E642E68006261636B656E6420213DBE
:10E74800202828766F6964202A293029006C6F6791
:10E7580067696E6700574553545F544F5044495298
:10E768002F7A65706879722F7375627379732F6C5D
:10E778006F6767696E672F6C6F675F636F72652E6F
:10E7880063006C6F675F6261636B656E645F636F84
:10E79800756E745F6765742829203C2028283332F9
:10E7A800202F20335529202D202831202B203029B7
:10E7B80029006261636B656E64203C3D205F6C6F6D
:10E7C800675F6261636B656E645F6C6973745F65D4
:10E7D8006E640009756E6578706563746564206C95
:10E7E80069737420656E64206C6F636174696F6E01
:10E7F8000A006C6F675F6261636B656E645F636F6D
:10E80800756E745F6765742829203E2030006C6F30
:10E8180067006C6F675F6D676D74004D657373613A
:10E828006765202822257322292064726F7070651D
:10E838006420626563617573652069742065786317
:10E84800656564732073697A65206C696D697461A4
:10E8580074696F6E202825752900574553545F54F5
:10E868004F504449522F7A65706879722F737562D8
:10E878007379732F6C6F6767696E672F6C6F675F4B
:10E888006D73672E6300706C656E203E3D2030000E
:10E898004D6573736167652064726F70706564207D
:10E8A8006265636175736520697420657863656561
:10E8B80064732073697A65206C696D697461746921
:10E8C8006F6E2028257529000D0A00574553545F9F
:10E8D800544F504449522F7A65706879722F737576
:10E8E800627379732F6C6F6767696E672F6C6F67D8
:10E8F8005F6F75747075742E63006F75745F6374E1
:10E90800782D3E636F6E74726F6C5F626C6F636BB1
:10E918002D3E6F6666736574203C3D206F75745F8D
:10E928006374782D3E73697A65001B5B306D006CEB
:10E938006576656C203C3D203400257320005B25FE
:10E9480030386C755D20005B253032753A253032E1
:10E95800753A253032752E253033752C25303375B0
:10E968005D20003C25733E200025732F0025733A57
:10E978002000657272203E3D20300025303278201C
:10E9880000202020007C002563001B5B313B3331D5
:10E998006D001B5B313B33336D00574553545F5457
:10E9A8004F504449522F7A65706879722F73756297
:10E9B8007379732F6C6F6767696E672F6261636B1A
:10E9C800656E64732F6C6F675F6261636B656E64FD
:10E9D8005F756172742E63006465766963655F694B
:10E9E800735F726561647928756172745F646576B6
:10E9F80029006C6F675F6261636B656E645F756148
:10EA08007274006C6F675F75617274006C6F675F1A
:10EA18006261636B656E645F73656D69686F73745B
:10EA280000696E76616C6964206469736B20696E35
:10EA3800746572666163652121006469736B20697E
:10EA48006E7465726661636520616C726561647974
:10EA58002072656769737465726564212100646951
:10EA6800736B0072302F61313A20203078253038AE
:10EA780078202072312F61323A20203078253038C2
:10EA880078202072322F61333A20203078253038B0
:10EA9800780072332F61343A202030782530387866
:10EAA800207231322F69703A20203078253038783A
:10EAB800207231342F6C723A202030782530387823
:10EAC8000020787073723A2020307825303878002A
:10EAD800735B2532645D3A20203078253038782001
:10EAE80020735B2532645D3A2020307825303878F1
:10EAF8002020735B2532645D3A2020307825303839
:10EB0800782020735B2532645D3A202030782530E8
:10EB180038780066707363723A2020307825303870
:10EB280078004661756C74696E6720696E737472DB
:10EB3800756374696F6E20616464726573732028ED
:10EB48007231352F7063293A2030782530387800B3
:10EB5800556E68616E646C6564204952516E3A2046
:10EB68002564002A2A2A2A2A205553414745204647
:10EB780041554C54202A2A2A2A2A00202044697602
:10EB88006973696F6E206279207A65726F00202040
:10EB9800556E616C69676E6564206D656D6F72791D
:10EBA80020616363657373002020537461636B2075
:10EBB8006F766572666C6F772028636F6E74657800
:10EBC800742061726561206E6F742076616C69646F
:10EBD800290020204E6F20636F70726F6365737316
:10EBE8006F7220696E737472756374696F6E7300E7
:10EBF8002020496C6C6567616C206C6F6164206FC4
:10EC080066204558435F52455455524E20696E74EC
:10EC18006F205043002020496C6C6567616C20753B
:10EC28007365206F66207468652045505352002034
:10EC380020417474656D707420746F206578656305
:10EC480075746520756E646566696E656420696EA5
:10EC5800737472756374696F6E002A2A2A2A2A20CF
:10EC68004D5055204641554C54202A2A2A2A2A001C
:10EC78002020537461636B696E67206572726F72CE
:10EC88002028636F6E746578742061726561206DE9
:10EC980069676874206265206E6F742076616C699C
:10ECA8006429002020556E737461636B696E672058
:10ECB8006572726F72002020446174612041636341
:10ECC8006573732056696F6C6174696F6E002020DC
:10ECD8004D4D46415220416464726573733A203049
:10ECE800782578002020496E737472756374696F93
:10ECF8006E204163636573732056696F6C61746934
:10ED08006F6E002020466C6F6174696E672D706F9E
:10ED1800696E74206C617A792073746174652070EF
:10ED28007265736572766174696F6E206572726F51
:10ED38007200574553545F544F504449522F7A65D7
:10ED4800706879722F617263682F61726D2F636FBB
:10ED580072652F636F727465785F6D2F6661756C6D
:10ED6800742E6300212828285343425F5479706524
:10ED7800202A292028283078453030304530303056
:10ED8800554C29202B20307830443030554C2920E0
:10ED9800292D3E434653522026202831554C203CED
:10EDA8003C20283055202B20345529292900095387
:10EDB8007461636B696E67206F72204461746120AF
:10EDC8004163636573732056696F6C6174696F6E14
:10EDD800206572726F7220776974686F757420731A
:10EDE8007461636B2067756172642C20757365723A
:10EDF8002D6D6F6465206F72206E756C6C2D706F51
:10EE0800696E74657220646574656374696F6E0AEF
:10EE18000A002A2A2A2A2A20425553204641554CBC
:10EE280054202A2A2A2A2A002020537461636B69F5
:10EE38006E67206572726F72002020507265636978
:10EE48007365206461746120627573206572726FE6
:10EE580072002020424641522041646472657373F7
:10EE68003A2030782578002020496D7072656369F2
:10EE78007365206461746120627573206572726FB6
:10EE880072002020496E737472756374696F6E2006
:10EE9800627573206572726F72005265736572765F
:10EEA800656420457863657074696F6E2028005327
:10EEB800707572696F757320696E7465727275709A
:10EEC8007420284952512000535053454C20696EF4
:10EED80020746872656164206D6F646520646F6575
:10EEE80073206E6F7420696E646963617465205065
:10EEF80053500065736620213D202828766F696489
:10EF0800202A293029000945534620636F756C640F
:10EF1800206E6F742062652072657472696576650B
:10EF280064207375636365737366756C6C792E20E2
:10EF38005368616C6C206E65766572206F636375CB
:10EF4800722E0A002A2A2A2A2A2048415244204698
:10EF580041554C54202A2A2A2A2A00202042757317
:10EF6800206661756C74206F6E20766563746F72AD
:10EF7800207461626C6520726561640020204465BC
:10EF8800627567206576656E740020204661756C31
:10EF98007420657363616C6174696F6E2028736592
:10EFA800652062656C6F772900415243485F455878
:10EFB80043455054207769746820726561736F6E99
:10EFC8002025780A00094661756C742065736361B1
:10EFD8006C6174696F6E20776974686F7574204608
:10EFE800535220696E666F0A00094861726446616F
:10EFF800756C7420776974686F757420484653522D
:10F0080020696E666F205368616C6C206E6576654A
:10F0180072206F636375720A002A2A2A2A2A2044FA
:10F0280065627567206D6F6E69746F7220657863AD
:10F03800657074696F6E202A2A2A2A2A002A2A2AC9
:10F048002A2A20257320256429202A2A2A2A2A00E8
:10F05800574553545F544F504449522F7A6570684E
:10F0680079722F617263682F61726D2F636F726599
:10F078002F636F727465785F6D2F6972715F6D6150
:10F088006E6167652E63007072696F203C3D2028B1
:10F098002831554C203C3C2028342929202D20316A
:10F0A800290009696E76616C6964207072696F72F3
:10F0B80069747920256420666F722025642069723E
:10F0C80071212076616C756573206D75737420628B
:10F0D80065206C657373207468616E20256C750AF1
:10F0E8000A00574553545F544F504449522F7A658C
:10F0F800706879722F6C69622F6C6962632F70690E
:10F10800636F6C6962632F6173736572742E630039
:10F1180061626F727428290A006E65745F62756691
:10F12800006E65745F6275665F73696D706C65000B
:10F13800667300436F756C64206E6F7420257320AE
:10F148006361726420706F776572207669612053FD
:10F158004448430064697361626C6500656E61626E
:10F168006C6500436F756C64206E6F7420737461F6
:10F1780072742062757320636C6F636B00436172F5
:10F1880064206572726F72206F6E20434D443000A8
:10F198004361726420646F6573206E6F74207375A9
:10F1A80070706F727420434D44382C2061737375EE
:10F1B8006D696E67206C656761637920636172644D
:10F1C8000043617264206572726F72206F6E204313
:10F1D8004D443800534420686F737420636F6E7415
:10F1E800726F6C6C65722072657475726E656420DE
:10F1F800696E76616C69642070726F70657274698B
:10F2080065730054696D656F7574207768696C65FE
:10F2180020747279696E6720746F206163717569F3
:10F2280072652063617264206D757465780046614B
:10F23800696C656420746F2072657365742053442B
:10F24800484320492F4F004661696C656420746FFC
:10F2580020696E697420534420636172642061667A
:10F2680074657220492F4F2072657365740073644A
:10F278000053442061707020636F6D6D616E64206F
:10F288006661696C65642077697468205231207200
:10F298006573706F6E7365206F662030782558002F
:10F2A8005344494F20646F6573206E6F74207375E3
:10F2B80070706F7274204D4D4320636F6D6D616E79
:10F2C800647300436F756C64206E6F742067657497
:10F2D8002053442063617264206D7574657800461C
:10F2E80061696C656420746F207265616420667260
:10F2F8006F6D2053444D4D43202564004361726473
:10F3080020646964206E6F742072657475726E2053
:10F31800746F207265616479207374617465004349
:10F328006172642072656164206661696C6564005D
:10F338004F6E6C7920256420626C6F636B73206F4D
:10F348006620256420776572652077726974746514
:10F358006E005772697465206661696C6564004562
:10F3680072617365206661696C65640043617264EB
:10F378002062757379207768656E20706F77657283
:10F38800696E67206F6666004661696C6564207403
:10F398006F2071756572792063617264204F4352E2
:10F3A800004D6178696D756D20534420636C6F63FF
:10F3B8006B20697320756E6465722032354D487A0A
:10F3C8002C207573696E6720636C6F636B206F66A2
:10F3D800202564487A004661696C656420746F2052
:10F3E80072616973652062757320667265717565EF
:10F3F8006E637920746F2032354D487A00436F75FB
:10F408006C64206E6F742073657420534420626CA2
:10F418006F636B6C656E20746F2035313200436109
:10F42800726420646964206E6F7420616363657020
:10F4380074206E6577207370656564004661696C39
:10F44800656420746F206368616E676520686F73F8
:10F458007420627573207370656564004661696C19
:10F46800656420746F2073776974636820636172C0
:10F478006420746F204853206D6F6465004661698D
:10F488006C656420746F206368616E6765206361D2
:10F4980072642062757320776964746820746F20C1
:10F4A8003420626974730048532063617264206970
:10F4B8006E6974206661696C6564004361726420DA
:10F4C8006E65766572206C65667420627573792046
:10F4D800737461746500574553545F544F504449E1
:10F4E800522F7A65706879722F7375627379732FEA
:10F4F8007A6275732F7A6275732E63006F62736513
:10F5080072766174696F6E203C3D205F7A62757314
:10F518005F6368616E6E656C5F6F6273657276615A
:10F5280074696F6E5F6C6973745F656E64007A628C
:10F53800757300574553545F544F504449522F7ABE
:10F5480065706879722F7375627379732F7A627533
:10F55800732F7A6275735F6974657261626C655F37
:10F5680073656374696F6E732E63006368616E20E0
:10F578003C3D205F7A6275735F6368616E6E656C8F
:10F588005F6C6973745F656E64006D6D63005344EE
:10F598000070696F40353033303030303000756E70
:10F5A800737570706F72746564206368616E6E65E0
:10F5B8006C2069642027256427004163717569738D
:10F5C8006974696F6E2074696D65206973206E6F48
:10F5D800742076616C696400756E737570706F72F3
:10F5E80074656420646966666572656E7469616CC9
:10F5F800206D6F6465004761696E206973206E6FC6
:10F60800742076616C696400756E737570706F72C2
:10F61800746564207265736F6C7574696F6E2025EC
:10F628006400756E737570706F72746564206368BA
:10F63800616E6E656C7320696E206D61736B3A2024
:10F64800307825303878006275666665722073698F
:10F658007A6520746F6F20736D616C6C00616463F0
:10F66800403430306130303030006164635F727034
:10F678006900636C6F636B2D636F6E74726F6C6C73
:10F688006572403430303130303030005745535493
:10F698005F544F504449522F7A65706879722F69C8
:10F6A8006E636C7564652F7A65706879722F647201
:10F6B80069766572732F6770696F2F6770696F5FFE
:10F6C8007574696C732E680063616C6C6261636B3E
:10F6D80000094E6F2063616C6C6261636B210A00E4
:10F6E80063616C6C6261636B2D3E68616E646C650E
:10F6F8007200094E6F2063616C6C6261636B2068F5
:10F70800616E646C6572210A0063622D3E68616EE9
:10F71800646C6572006770696F2D706F7274403128
:10F72800006770696F2D706F727440300025733AEE
:10F738002050494F20646576696365206E6F742098
:10F7480072656164790025733A20696E76616C6927
:10F7580064206368616E6E656C20746F20636F6CE3
:10F768006F72206D617070696E672E2043686563E3
:10F778006B2074686520636F6C6F722D6D6170709B
:10F78800696E672044542070726F706572747900D6
:10F79800777332383132007773323831325F7270B2
:10F7A800695F7069636F5F70696F00726573657414
:10F7B8002D636F6E74726F6C6C65724034303032CA
:10F7C8003030303000574553545F544F50444952FD
:10F7D8002F7A65706879722F696E636C7564652F0E
:10F7E8007A65706879722F647269766572732F67AB
:10F7F80070696F2E6800286366672D3E706F72749B
:10F808005F70696E5F6D61736B2026202867706971
:10F818006F5F706F72745F70696E735F74292831DF
:10F82800554C203C3C202870696E29292920213D0F
:10F838002030550009556E737570706F7274656469
:10F848002070696E0A0028666C616773202620287C
:10F858002831554C203C3C202832312929207C2055
:10F868002831554C203C3C202832322929207C2044
:10F878002831554C203C3C202832332929207C2033
:10F888002831554C203C3C202832342929207C2022
:10F898002831554C203C3C202832352929207C2011
:10F8A8002831554C203C3C2028323629292929204A
:10F8B8003D3D20300009496E746572727570742080
:10F8C800666C61677320617265206E6F7420737552
:10F8D80070706F727465640A0028666C61677320C3
:10F8E8002620282831203C3C203429207C2028311F
:10F8F800203C3C203529292920213D202828312059
:10F908003C3C203429207C202831203C3C203529CF
:10F9180029000950756C6C20557020616E64205068
:10F92800756C6C20446F776E2073686F756C6420FB
:10F938006E6F7420626520656E61626C6564207309
:10F94800696D756C74616E656F75736C790A0021E9
:10F958002828666C6167732026202831554C203C86
:10F968003C20283136292929202626202128666C82
:10F978006167732026202831554C203C3C202831D3
:10F98800372929292026262028666C6167732026B6
:10F99800202831203C3C20312929290009496E7052
:10F9A80075742063616E6E6F7420626520656E6188
:10F9B800626C656420666F7220274F70656E204404
:10F9C8007261696E272C20274F70656E20536F7502
:10F9D80072636527206D6F64657320776974686F3B
:10F9E8007574204F75747075740A0028666C6167A9
:10F9F800732026202831203C3C2031292920213D14
:10FA08002030207C7C2028666C61677320262028A3
:10FA180031203C3C20322929203D3D2030002866F9
:10FA28006C616773202620282831554C203C3C20E7
:10FA38002831382929207C202831554C203C3C206D
:10FA480028313929292929203D3D2030207C7C2056
:10FA580028666C6167732026202831554C203C3C71
:10FA68002028313729292920213D203000094F75C8
:10FA780074707574206E6565647320746F20626598
:10FA880020656E61626C656420746F206265206910
:10FA98006E697469616C697A6564206C6F77206F30
:10FAA8007220686967680A0028666C616773202697
:10FAB80020282831554C203C3C2028313829292041
:10FAC8007C202831554C203C3C20283139292929D3
:10FAD8002920213D20282831554C203C3C20283124
:10FAE800382929207C202831554C203C3C202831BD
:10FAF8003929292900094F75747075742063616E5E
:10FB08006E6F7420626520696E697469616C697AC8
:10FB18006564206C6F7720616E6420686967680A85
:10FB28000044617461207772697465206661696C4C
:10FB3800656400426164206461746120435243003B
:10FB480042616420746F6B656E00506F77657265F3
:10FB58006420757000436172642053434C4B2069E4
:10FB68006E69742073657175656E63652066616979
:10FB78006C656400506F776572656420646F776E9A
:10FB880000436F756C64206E6F7420636F6E6669D6
:10FB98006775726520706F776572206770696F206E
:10FBA8002825642900436172642064657465637460
:10FBB800204750494F20646576696365206E6F74ED
:10FBC80020726561647900436F756C64206E6F7490
:10FBD80020636F6E66696775726520636172642D54
:10FBE8006465746563742070696E3B2028256429F8
:10FBF8000073646863403000736468635F7370699E
:10FC080000756172744034303037383030300075E8
:10FC180061727440343030373030303000475049EA
:10FC28004F20706F727420666F7220636C6B207047
:10FC3800696E206973206E6F742072656164790043
:10FC4800436F756C646E277420636F6E66696775A1
:10FC5800726520636C6B2070696E3B2028256429CF
:10FC6800004750494F20706F727420666F72206D84
:10FC78006F73692070696E206973206E6F742072CB
:10FC88006561647900436F756C646E277420636FD7
:10FC98006E666967757265206D6F73692070696E2D
:10FCA8003B2028256429004750494F20706F727403
:10FCB80020666F72206D69736F2070696E2069739A
:10FCC800206E6F7420726561647900436F756C648F
:10FCD8006E277420636F6E666967757265206D693B
:10FCE800736F2070696E3B202825642900435320D8
:10FCF8004750494F20706F72742025732070696EC9
:10FD0800202564206973206E6F74207265616479A0
:10FD1800004661696C656420746F20636F6E666964
:10FD2800677572652043532070696E733A202564A5
:10FD380000536C617665206D6F6465206E6F74206A
:10FD4800737570706F7274656400576F7264207396
:10FD5800697A6573203E2033322062697473206E9D
:10FD68006F7420737570706F72746564004E6F20C5
:10FD78004D4F53492070696E2073706563696669D9
:10FD8800656420696E2068616C66206475706C65B6
:10FD980078206D6F646500426F7468205258206146
:10FDA8006E642054582073706563696669656420C1
:10FDB800696E2068616C66206475706C6578206D6A
:10FDC8006F646500436F756C646E277420636F6E93
:10FDD800666967757265204D4F53492070696E3AA0
:10FDE80020256400737069626230007370695F6215
:10FDF800697462616E67004672657175656E6379D4
:10FE080020697320757020746F20257520696E2015
:10FE1800636F6E74726F6C6C6572206D6F64652EA3
:10FE2800004C53422D6669727374206E6F74207390
:10FE38007570706F727465640048616C662D6475C6
:10FE4800706C6578206E6F7420737570706F727443
:10FE58006564005065726970686572616C206D6FC9
:10FE68006465206973206E6F7420737570706F728B
:10FE780074656400576F72642073697A6573206FC4
:10FE880074686572207468616E20382062697473C2
:10FE980020617265206E6F7420737570706F727454
:10FEA8006564005570646174652065786365656490
:10FEB800732063757272656E74206275666665720A
:10FEC800004661696C656420746F20656E61626CC0
:10FED800652074686520636C6F636B004661696CAC
:10FEE800656420746F206170706C792070696E632E
:10FEF80074726C207374617465004661696C656422
:10FF080020746F20636F6E66696775726520737001
:10FF180069004661696C656420746F207370695F5D
:10FF2800636F6E7465787420636F6E666967757247
:10FF380065007370694034303038383030300073C1
:10FF48007069403430303830303030007370695F59
:10FF5800706C30323200286E6F206E616D6529003A
:10FF6800536C0025733A25643A20005F5F6E616D1B
:10FF78006500737461636B206F766572666C6F776A
:10FF88002028257329005F4C4F41444544006E6F7B
:10FF98007420656E6F75676820737461636B005FAA
:10FFA800472E00657874726120617267756D656EA1
:10FFB800740062616420617267756D656E742023D8
:10FFC800256420282573290063616C6C696E67209D
:10FFD80027257327206F6E206261642073656C6625
:10FFE8002028257329006261642025732023256455
:08FFF80020746F2027257327F8
:020000041002E8
:100000002028257329006C696768742075736572F0
:10001000646174610025732065787065637465643C
:100020002C20676F74202573006E756D62657220D9
:10003000686173206E6F20696E74656765722072E7
:100040006570726573656E746174696F6E00746F4C
:100050006F206D616E7920757076616C75657300C7
:10006000636F726520616E64206C6962726172797F
:10007000206861766520696E636F6D706174696276
:100080006C65206E756D6572696320747970657337
:100090000076657273696F6E206D69736D6174634C
:1000A000683A206170702E206E6565647320256645
:1000B0002C204C756120636F72652070726F7669B9
:1000C000646573202566006F70636F6465730063F9
:1000D0006F6E7374616E747300636F6E74726F6CA5
:1000E0002073747275637475726520746F6F206C01
:1000F0006F6E670072657475726E73007265676902
:100100007374657273006D756C7469706C652072C0
:100110006573756C747300676C6F62616C006669FF
:10012000656C64005F454E5600696E746567657264
:1001300020696E64657800686F6F6B006D6574612F
:100140006D6574686F6400666F72206974657261B2
:10015000746F72005F5F6763002028257320272576
:100160007327290028432074656D706F726172795E
:1001700029002874656D706F726172792900287684
:10018000617261726729003D3F006D61696E003DDB
:100190005B435D003F3A3F3A2025730025733A25C3
:1001A000643A202573003C6E6F206572726F722076
:1001B0006F626A6563743E00617474656D7074206B
:1001C000746F20257320612025732076616C75651E
:1001D000257300636F6E636174656E6174650062A0
:1001E00061642027666F722720257320286E756D45
:1001F0006265722065787065637465642C20676F32
:100200007420257329006E756D62657225732068F0
:100210006173206E6F20696E746567657220726508
:1002200070726573656E746174696F6E0061747469
:10023000656D707420746F20636F6D7061726520DE
:1002400074776F2025732076616C75657300617417
:1002500074656D707420746F20636F6D706172656A
:10026000202573207769746820257300676C6F629E
:10027000616C202725732720616C72656164792089
:10028000646566696E656400275F5F63616C6C27F7
:1002900020636861696E20746F6F206C6F6E6700F9
:1002A000617474656D707420746F206C6F6164206C
:1002B00061202573206368756E6B20286D6F6465FF
:1002C0002069732027257327290062740062696EF4
:1002D0006172790074657874006572726F7220695A
:1002E0006E206572726F722068616E646C696E67F1
:1002F000007661726961626C65202725732720672B
:100300006F742061206E6F6E2D636C6F7361626C11
:10031000652076616C7565002725632700273C5CA6
:1003200025643E27002573206E65617220257300C9
:100330006C65786963616C20656C656D656E7420B1
:10034000746F6F206C6F6E67006368756E6B2068EA
:10035000617320746F6F206D616E79206C696E65BA
:10036000730068657861646563696D616C206469B8
:10037000676974206578706563746564004565001D
:100380005070007858002D2B006D616C666F726D97
:100390006564206E756D62657200636F6D6D656E6C
:1003A0007400756E66696E6973686564206C6F6E43
:1003B0006720257320287374617274696E672061E9
:1003C00074206C696E652025642900696E76616C05
:1003D0006964206C6F6E6720737472696E67206445
:1003E000656C696D6974657200756E66696E6973B6
:1003F00068656420737472696E67006D69737369F0
:100400006E6720277B27005554462D382076616C77
:10041000756520746F6F206C61726765006D69731C
:1004200073696E6720277D2700696E76616C696449
:10043000206573636170652073657175656E6365B2
:1004400000646563696D616C20657363617065202C
:10045000746F6F206C6172676500627265616B001A
:10046000646F00656C736500656C73656966006632
:10047000616C736500666F7200676F746F006C6FFC
:1004800063616C0072657065617400726574757289
:100490006E007468656E007472756500756E7469BF
:1004A0006C007768696C65002F2F002E2E2E003DA2
:1004B0003D003E3D003C3D007E3D003C3C003E3E5C
:1004C000003A3A003C656F663E003C6E756D6265B1
:1004D000723E003C696E74656765723E003C6E61F9
:1004E0006D653E003C737472696E673E006D656DAC
:1004F0006F727920616C6C6F636174696F6E2065D7
:1005000072726F723A20626C6F636B20746F6F202F
:1005100062696700746F6F206D616E7920257320AA
:10052000286C696D697420697320256429002E7810
:10053000586E4E00252E376700252E3967002D3066
:1005400031323334353637383900286E756C6C29C2
:100550000025005B737472696E67202200225D00C3
:100560007661726961626C65206465636C61726159
:1005700074696F6E73006C6162656C732F676F7462
:100580006F7300617474656D707420746F20617393
:100590007369676E20746F20636F6E737420766169
:1005A000726961626C6520272573270025732065B9
:1005B0007870656374656400257320657870656381
:1005C0007465642028746F20636C6F7365202573D5
:1005D000206174206C696E6520256429003C676F7A
:1005E000746F2025733E206174206C696E65202530
:1005F00064206A756D707320696E746F207468650D
:100600002073636F7065206F662027257327006E47
:100610006F2076697369626C65206C6162656C201D
:100620002725732720666F72203C676F746F3E200A
:100630006174206C696E6520256400636F6E73744D
:1006400000756E6B6E6F776E20617474726962757F
:100650007465202725732700676C6F62616C2076B4
:1006600061726961626C65732063616E6E6F742084
:10067000626520746F2D62652D636C6F7365640015
:100680006D61696E2066756E6374696F6E00667564
:100690006E6374696F6E206174206C696E652025CD
:1006A0006400746F6F206D616E7920257320286C53
:1006B000696D69742069732025642920696E20257D
:1006C0007300257320697320676C6F62616C2077FB
:1006D00068656E20616363657373696E6720766118
:1006E000726961626C6520272573270076617269E3
:1006F00061626C652027257327206E6F7420646506
:10070000636C61726564006C6F63616C207661720A
:100710006961626C65730028666F7220737461741E
:10072000652900273D27206F722027696E272065E5
:1007300078706563746564006D756C7469706C6560
:1007400020746F2D62652D636C6F73656420766114
:10075000726961626C657320696E206C6F63616C95
:10076000206C697374006C6162656C2027257327A7
:1007700020616C726561647920646566696E656488
:10078000206F6E206C696E65202564006272656161
:100790006B206F757473696465206C6F6F70007384
:1007A000796E746178206572726F720066756E631F
:1007B00074696F6E730073656C6600287661726190
:1007C0007267207461626C6529003C6E616D653EE4
:1007D000206F7220272E2E2E272065787065637477
:1007E00065640063616E6E6F742075736520272EDB
:1007F0002E2E27206F7574736964652061207661E1
:10080000726172672066756E6374696F6E006974D9
:10081000656D7320696E206120636F6E73747275ED
:1008200063746F720066756E6374696F6E206172B7
:1008300067756D656E747320657870656374656443
:1008400000756E65787065637465642073796D6298
:100850006F6C004320737461636B206F7665726602
:100860006C6F77006572726F72206F626A65637475
:10087000206973206E6F74206120737472696E67D3
:10088000006572726F7220696E20006E6F74206551
:100890006E6F756768206D656D6F727900696E7631
:1008A000616C6964206B657920746F20276E6578B0
:1008B0007427007461626C65206F766572666C6F78
:1008C00077007461626C6520696E64657820697375
:1008D000206E696C007461626C6520696E64657875
:1008E000206973204E614E00706572666F726D20D4
:1008F00062697477697365206F7065726174696F7E
:100900006E206F6E00706572666F726D2061726925
:1009100074686D65746963206F6E007661726172D0
:1009200067207461626C6520686173206E6F20704F
:10093000726F70657220276E27005F5F696E646555
:1009400078005F5F6E6577696E646578005F5F6DE4
:100950006F6465005F5F6C656E005F5F6571005F6F
:100960005F616464005F5F737562005F5F6D756CEB
:10097000005F5F6D6F64005F5F706F77005F5F6443
:100980006976005F5F69646976005F5F62616E64CB
:10099000005F5F626F72005F5F62786F72005F5F1F
:1009A00073686C005F5F736872005F5F756E6D00E7
:1009B0005F5F626E6F74005F5F6C74005F5F6C6599
:1009C000005F5F636F6E636174005F5F63616C6C97
:1009D000005F5F636C6F7365006E6F2076616C758E
:1009E0006500626F6F6C65616E007461626C6500BA
:1009F00074687265616400757076616C756500700D
:100A0000726F746F0025733A206261642062696EB0
:100A100061727920666F726D6174202825732900D8
:100A20002573202573206D69736D6174636800748C
:100A300072756E6361746564206368756E6B0069BE
:100A40006E7465676572206F766572666C6F77008D
:100A50007472756E6361746564206669786564207C
:100A600062756666657200696E76616C6964207392
:100A70007472696E6720696E6465780062616420D3
:100A8000666F726D617420666F7220636F6E73742F
:100A9000616E7420737472696E6700696E76616C42
:100AA000696420636F6E7374616E740062696E6155
:100AB000727920737472696E67006E6F74206120A2
:100AC00062696E617279206368756E6B001B4C758C
:100AD000610076657273696F6E206D69736D617404
:100AE000636800666F726D6174206D69736D617407
:100AF000636800636F7272757074656420636875F3
:100B00006E6B0019930D0A1A0A00696E7400666F05
:100B1000726D6174004C756120696E7465676572F1
:100B2000004C7561206E756D6265720027666F728C
:100B3000272073746570206973207A65726F006C6A
:100B4000696D6974007374657000696E69746961B8
:100B50006C2076616C756500275F5F696E646578EF
:100B60002720636861696E20746F6F206C6F6E67F9
:100B70003B20706F737369626C65206C6F6F7000DF
:100B8000275F5F6E6577696E6465782720636861AB
:100B9000696E20746F6F206C6F6E673B20706F738F
:100BA0007369626C65206C6F6F7000737472696E2C
:100BB00067206C656E677468206F766572666C6F0F
:100BC0007700676574206C656E677468206F6600D7
:100BD000617474656D707420746F206469766964E3
:100BE00065206279207A65726F00617474656D703A
:100BF0007420746F20706572666F726D20276E2589
:100C0000253027006D6F64756C65202725732720BC
:100C10006E6F7420666F756E643A0A096E6F206697
:100C200069656C64207061636B6167652E707265C5
:100C30006C6F61645B272573275D003A7072656C89
:100C40006F61643A00657870656374656420312073
:100C5000617267756D656E74732C20676F742025E3
:100C6000640025733A205B25735D3A202573005399
:100C70006F6D657468696E672077656E7420777232
:100C80006F6E67207769746820616C6C6F63617444
:100C9000696F6E0A002D2D204C7561207468726595
:100CA0006164206D656D6F7279207265706F72740A
:100CB0003A0A00756E75736564006D61782075730E
:100CC0006564002020202020202025367320202548
:100CD0003873202025387320202535730A0075735A
:100CE00061676500686561703A202025367A752055
:100CF0002025387A75202025387A752020253475EE
:100D000025250A00737461636B3A2025367A7520B5
:100D10002025387A75202025387A752020253475CD
:100D200025250A0072657175697265006D736C65C1
:100D30006570007072696E746B006C6F675F696ECE
:100D400066006C6F675F77726E006C6F675F6462DE
:100D500067006C6F675F657272006C75615F7A65C2
:100D60007068797200574553545F544F504449524C
:100D70002F7A65706879722F696E636C7564652F60
:100D80007A65706879722F7A6275732F7A627573DB
:100D90002E68006F627320213D202828766F6964D9
:100DA000202A29302900096F627320697320726537
:100DB0007175697265640A006368616E20213D2067
:100DC0002828766F6964202A293029000963686120
:100DD0006E2069732072657175697265640A004ED0
:100DE0006F2050494F207374617465206D61636892
:100DF000696E65732061726520617661696C6162FC
:100E00006C6500574553545F544F504449522F7AF4
:100E100065706879722F6B65726E656C2F6465768C
:100E20006963652E63007263203E3D202D28307873
:100E3000666629202626207263203C203000096443
:100E4000657669636520257320696E69743A206947
:100E50006E76616C6964206572726F7220282564F9
:100E6000290A0048616C74696E6720737973746530
:100E70006D00556E6B6E6F776E206572726F7200CB
:100E8000756E6B6E6F776E003E3E3E205A45504841
:100E9000595220464154414C204552524F52202530
:100EA000643A202573206F6E20435055202564003E
:100EB0004661756C7420647572696E6720696E7422
:100EC0006572727570742068616E646C696E670A11
:100ED0000043757272656E74207468726561643A5D
:100EE000202570202825732900574553545F544FFF
:100EF000504449522F7A65706879722F6B65726E13
:100F0000656C2F666174616C2E6300726561736F2E
:100F10006E20213D204B5F4552525F4B45524E455E
:100F20004C5F50414E49430009417474656D7074C3
:100F3000656420746F207265636F766572206672D7
:100F40006F6D2061206B65726E656C2070616E69DB
:100F50006320636F6E646974696F6E0A0043505555
:100F600020657863657074696F6E00556E68616E98
:100F7000646C656420696E74657272757074005378
:100F80007461636B206F766572666C6F77004B657A
:100F9000726E656C206F6F7073004B65726E656C5E
:100FA0002070616E696300574553545F544F50443D
:100FB00049522F7A65706879722F6B65726E656C15
:100FC0002F696E69742E63007468726561645F6472
:100FD000617461203C3D205F5F7374617469635F7D
:100FE0007468726561645F646174615F6C69737475
:100FF0005F656E640069646C6500646576203C3DE5
:10100000205F6465766963655F6C6973745F656EA4
:101010006400574553545F544F504449522F7A65EA
:10102000706879722F6B65726E656C2F6B68656185
:10103000702E630021617263685F69735F696E5F20
:101040006973722829207C7C20282874696D656F5B
:101050007574292E7469636B73203D3D2028282800
:101060006B5F74696D656F75745F74297B307D2962
:10107000292E7469636B732900090A006865617021
:10108000203C3D205F6B5F686561705F6C697374C5
:101090005F656E6400574553545F544F5044495246
:1010A0002F7A65706879722F6B65726E656C2F6927
:1010B000646C652E63005F6B65726E656C2E637089
:1010C00075735B305D2E63757272656E742D3E6252
:1010D0006173652E7072696F203E3D203000574568
:1010E00053545F544F504449522F7A657068797257
:1010F0002F6B65726E656C2F6D757465782E63004D
:1011000021617263685F69735F696E5F69737228DA
:101110002900096D7574657865732063616E6E6F63
:1011200074206265207573656420696E73696465F7
:1011300020495352730A006D757465782D3E6C6FAB
:10114000636B5F636F756E74203E203055005745AA
:1011500053545F544F504449522F7A6570687972E6
:101160002F6B65726E656C2F696E636C7564652F8D
:101170006B73636865642E680021617263685F69E0
:1011800072715F756E6C6F636B6564286B6579292E
:10119000007468726561642D3E626173652E7065CE
:1011A0006E6465645F6F6E00574553545F544F50D3
:1011B0004449522F7A65706879722F6B65726E653B
:1011C0006C2F73656D2E63002828617263685F69F8
:1011D000735F696E5F6973722829203D3D20302955
:1011E000207C7C20282874696D656F7574292E74A5
:1011F00069636B73203D3D202828286B5F74696DFF
:10120000656F75745F74297B307D29292E7469633D
:101210006B73292900574553545F544F504449522A
:101220002F7A65706879722F6B65726E656C2F7797
:101230006F726B2E6300776F726B2D3E71756575E3
:101240006520213D202828766F6964202A293029CD
:1012500000776F726B20213D202828766F6964200B
:101260002A29302900776F726B2D3E68616E646C9D
:10127000657220213D202828766F6964202A293054
:10128000290021666C61675F746573742826717527
:101290006575652D3E666C6167732C204B5F574FFB
:1012A000524B5F51554555455F5354415254454447
:1012B0005F4249542900717565756500574553545F
:1012C0005F544F504449522F7A65706879722F6B82
:1012D00065726E656C2F7468726561642E63002898
:1012E0002828287072696F2929203D3D203135203A
:1012F0002626207A5F69735F69646C655F74687223
:101300006561645F656E7472792828656E747279A0
:10131000292929207C7C202828283135202D20319E
:1013200029203E3D2028282D31362929292026260E
:101330002028287072696F2929203E3D2028282DF9
:10134000313629292026262028287072696F2929FC
:10135000203C3D20283135202D2031292929000924
:10136000696E76616C6964207072696F72697479F4
:1013700020282564293B20616C6C6F77656420729E
:10138000616E67653A20256420746F2025640A0029
:101390000954687265616473206D6179206E6F74A1
:1013A000206265206372656174656420696E2049FE
:1013B0005352730A00574553545F544F5044495297
:1013C0002F7A65706879722F6B65726E656C2F73FA
:1013D000636865642E6300217A5F69735F69646C7A
:1013E000655F7468726561645F6F626A65637428C3
:1013F0007468726561642900574553545F544F50B7
:101400004449522F7A65706879722F6B65726E65E8
:101410006C2F696E636C7564652F6B74687265619F
:10142000642E68005F6B65726E656C2E63707573F9
:101430005B305D2E63757272656E7420213D2028CD
:1014400028766F6964202A293029002169735F7426
:1014500068726561645F64756D6D79287468726522
:1014600061642900574553545F544F504449522FEB
:101470007A65706879722F6B65726E656C2F696E14
:10148000636C7564652F6B737761702E6800617291
:1014900063685F6972715F756E6C6F636B656428FA
:1014A0006B657929207C7C205F6B65726E656C2E84
:1014B000637075735B305D2E63757272656E742D2B
:1014C0003E626173652E7468726561645F737461F6
:1014D000746520262028282831554C203C3C2028A3
:1014E00030292929207C20282831554C203C3C20BB
:1014F0002833292929290009436F6E7465787420DF
:10150000737769746368696E67207768696C6520B2
:10151000686F6C64696E67206C6F636B210A00737F
:10152000697A656F66285F73636865645F73706965
:101530006E6C6F636B29203D3D2030207C7C206CDD
:101540006F636B20213D20265F73636865645F7362
:1015500070696E6C6F636B005F6B65726E656C2E8D
:10156000637075735B305D2E63757272656E742D7A
:101570003E626173652E73636865645F6C6F636B55
:10158000656420213D203155005F6B65726E656C8E
:101590002E637075735B305D2E63757272656E7449
:1015A0002D3E626173652E73636865645F6C6F6363
:1015B0006B656420213D20305500217465726D6992
:1015C0006E617465000961626F72746564205F63A7
:1015D000757272656E74206261636B2066726F6DE6
:1015E00020646561640A0021657373656E746961C6
:1015F0006C000961626F7274656420657373656E57
:101600007469616C207468726561642025700A00D9
:10161000574553545F544F504449522F7A65706870
:1016200079722F6B65726E656C2F74696D65736C62
:101630006963696E672E6300282874696D656F752C
:10164000742920262620282875696E747074725FAC
:10165000742928736C6963655F74696D656F75744F
:10166000732929203C3D20282875696E7470747296
:101670005F74292874696D656F7574292920262681
:1016800020282875696E747074725F7429287469D3
:101690006D656F75742929203C20282875696E7442
:1016A0007074725F7429282628736C6963655F748F
:1016B000696D656F757473295B282873697A655F36
:1016C0007429282828696E742973697A656F6628D9
:1016D000636861725B31202D202832202A20212866
:1016E000215F5F6275696C74696E5F747970657390
:1016F0005F636F6D70617469626C655F70285F5FB6
:10170000747970656F665F5F28736C6963655F7479
:10171000696D656F757473292C205F5F74797065CE
:101720006F665F5F282628736C6963655F74696DF7
:10173000656F757473295B305D292929295D29201E
:101740002D203129202B202873697A656F66287334
:101750006C6963655F74696D656F75747329202F9B
:101760002073697A656F662828736C6963655F7496
:10177000696D656F757473295B305D292929295D51
:1017800029292026262028282875696E74707472ED
:101790005F74292874696D656F75742929202D205F
:1017A000282875696E747074725F742928736C6967
:1017B00063655F74696D656F7574732929292025C8
:1017C0002073697A656F662828736C6963655F7436
:1017D000696D656F757473295B305D29203D3D200F
:1017E000302900574553545F544F504449522F7A83
:1017F00065706879722F6B65726E656C2F74696D98
:10180000656F75742E6300217379735F646E6F6406
:10181000655F69735F6C696E6B65642826746F2DF4
:101820003E6E6F64652900574553545F544F5044D2
:1018300049522F7A65706879722F6B65726E656C8C
:101840002F74696D65722E6300574553545F544F72
:10185000504449522F7A65706879722F6B65726EA9
:10186000656C2F6D656D706F6F6C2E6300616C69B8
:10187000676E203D3D2030207C7C20282875696ED5
:10188000747074725F74296D656D20262028616CF8
:1018900069676E202D20312929203D3D2030000927
:1018A0006D6973616C69676E6564206D656D6F72DB
:1018B000792061742025702028616C69676E203D55
:1018C00020257A75290A00737973776F726B71001E
:1018D0006E616E00206C6F63616C207561727420A4
:1018E0003D207265717569726528227A626F6F6B2F
:1018F00022292E70726F746F636F6C732E75617214
:10190000740A200A206C6F63616C20657272203D3E
:1019100020756172742E636667287B0A20096261F4
:10192000756472617465203D203131353230302C60
:101930000A2009706172697479203D20226E6F6EF1
:1019400065222C0A200973746F705F6269747320BA
:101950003D20312C0A2009646174615F62697473EF
:10196000203D20382C0A207D290A200A2065727229
:10197000203D20756172742E696E697428290A20D1
:101980000A20657272203D20756172742E7772692B
:101990007465282248656C6C6F2C20776F726C64BC
:1019A000215C6E22290A00206D657373616765737F
:1019B0002064726F70706564202D2D2D0D0A1B5BE5
:1019C000306D001B5B313B33316D2D2D2D20000B15
:1019D0000A0E0C0F10050A0B0E0C0F100A0B0D0C43
:1019E0000F100B0F100A0F100B0E0C050809040244
:1019F0000103FFFFFFFFFFFFFFFFFFFFFFFFFFFFF1
:101A0000FFFFFFFFFFFFFFFFFFFFFFFFFFFFFFFFE6
:101A1000FFFFFFFFFFFFFFFFFFFFFFFFFFFFFFFFD6
:101A2000FFFFFFFFFFFFFFFFFFFFFFFFFFFFFFFFC6
:101A3000FFFFFFFFFFFFFFFFFFFFFFFFFFFFFFFFB6
:101A4000FFFFFFFFFFFFFFFFFFFFFFFFFFFFFFFFA6
:101A5000FFFFFFFFFFFFFFFFFFFFFFFFFFFFFFFF96
:101A6000FFFFFFFFFFFFFFFFFFFFFFFFFFFFFFFF86
:101A7000FFFFFFFFFFFFFFFFFFFFFFFFFFFFFFFF76
:101A8000FFFFFFFFFFFFFFFFFFFFFFFFFFFFFFFF66
:101A9000FFFFFFFFFFFFFFFFFFFFFFFFFFFFFFFF56
:101AA000FFFFFFFFFFFFFFFFFFFFFFFFFFFFFFFF46
:101AB000FFFFFFFFFFFFFFFFFFFFFFFFFFFFFFFF36
:101AC000FFFFFFFFFFFFFFFFFFFFFFFFFFFFFFFF26
:101AD000FFFFFFFFFFFFFFFFFFFFFFFFFFFFFFFF16
:101AE000FFFFFFFFFFFFFFFFFFFFFFFFFFFFFFFF06
:101AF000FFFFFFFFFFFFFFFFFFFFFFFFFFFFFFFFF6
:101B0000FFFFFFFFFFFFFFFFFFFFFFFFFFFFFFFFE5
:101B1000FFFFFFFFFFFFFFFFFFFFFFFFFFFFFFFFD5
:101B2000FFFFFFFFFFFFFFFFFFFFFFFFFFFFFFFFC5
:101B3000FFFFFFFFFFFFFFFFFFFFFFFFFFFFFFFFB5
:101B4000FFFFFFFFFFFFFFFFFFFFFFFFFFFFFFFFA5
:101B5000FFFFFFFFFFFFFFFFFFFFFFFFFFFFFFFF95
:101B6000FFFFFFFFFFFFFFFFFFFFFFFFFFFFFFFF85
:101B7000FFFFFFFFFFFFFFFFFFFFFFFFFFFFFFFF75
:101B8000FFFFFFFFFFFFFFFFFFFFFFFFFFFFFFFF65
:101B9000FFFFFFFFFFFFFFFFFFFFFFFFFFFFFFFF55
:101BA000FFFFFFFFFFFFFFFFFFFFFFFFFFFFFFFF45
:101BB000FFFFFFFFFFFFFFFFFFFFFFFFFFFFFFFF35
:101BC000FFFFFFFFFFFFFFFFFFFFFFFFFFFFFFFF25
:101BD000FFFFFFFFFFFFFFFFFFFFFFFFFFFFFFFF15
:101BE000FFFFFFFFFFFFFFFFFFFFFFFFFFFFFFFF05
:101BF000FFFF0000000000000000000008080808C7
:101C000008000000000000000000000000000000CC
:101C10000000000C04040404040404040404040488
:101C200004040416161616161616161616040404C0
:101C300004040404151515151515050505050505F8
:101C40000505050505050505050505050505040446
:101C500004040504151515151515050505050505D7
:101C60000505050505050505050505050505040426
:101C7000040400000000000000000000000000005C
:101C80000000000000000000000000000000000054
:101C90000000000000000000000000000000000044
:101CA0000000000000000000000000000000000034
:101CB0000000000000000000000000000000000024
:101CC0000000000000000000000000000000000014
:101CD0000000000000000000000000000000000004
:101CE00000000000000000000000000000000000F4
:101CF000000000757076616C7565006C6F63616CD7
:101D000000010303040405060001020203030303A8
:101D1000040404040404040405050505050505057B
:101D2000050505050505050506060606060606065B
:101D30000606060606060606060606060606060643
:101D4000060606060606060607070707070707072B
:101D50000707070707070707070707070707070713
:101D60000707070707070707070707070707070703
:101D700007070707070707070707070707070707F3
:101D800007070707070707070808080808080808DB
:101D900008080808080808080808080808080808C3
:101DA00008080808080808080808080808080808B3
:101DB00008080808080808080808080808080808A3
:101DC0000808080808080808080808080808080893
:101DD0000808080808080808080808080808080883
:101DE0000808080808080808080808080808080873
:101DF0000808080808080808080808080808080863
:101E00000808080808080808080B0B0A0A08080848
:101E10000808000808080800000000090808080869
:101E20000808080808080808080808080808080832
:101E300008080808080880808008080808080000CA
:101E400005101010101010101010101868682000E5
:101E5000000A0A02000A210A4808022804494D4AD9
:101E60004B0A0A0A0A0B0B0B0B0E0D0B0B0B0B0686
:101E7000060404050507070707090803030303030E
:101E80000303030303030302020101757365726414
:101E9000617461006C6F675F6462675F7772617025
:101EA00070657200002E00616E006E66696E697466
:041EB00079000000B5
:101EB400000000000000000000000000000000001E
:101EC4004135011000000000000000000000000087
:101ED40020000020200000204560011000000000C8
:101EE40000000000000000000000000000000000EE
:101EF400400000204000002000000000010000001D
:101F040050000020500000200000000001000000EC
:101F140000000000000000000000000000000000BD
:101F240000000000000000000000000000000000AD
:101F3400000000000000000000000000000000009D
:101F4400F0D10110000000000000000000000000BB
:101F540000000000B91200100000000000000000A2
:101F6400FEFFFFFFC75601104F590110CCD90110D5
:101F740000000000C4000020C40000200000000095
:101F8400735C01100000000000000000A02E63003C
:101F9400A02E6300000000000000000000366E0167
:101FA40000310000B8D1011007000100000000005A
:101FB400010000000000000000000000000000001C
:101FC400000000000000000000000000000000000D
:101FD40000000000000000000000000000000000FD
:101FE40000000000000000000000000000C201002A
:101FF40000010300000000000000000000000000D9
:102004000000000000000000000000000080074005
:1020140024DC011000000000000000002CD101109D
:10202400060000004369011000000000B1670110C0
:10203400AD67011000C201000001030000000000B0
:10204400000000000000000000000000000000008C
:1020540000000000000007403CDC0110000000000C
:10206400000000002CD10110060000002D690110B1
:1020740000000000B1670110AD670110000000000E
:102084000000000054DC011001000000DC0100200D
:10209400DC0100200000000001000000EC01002031
:1020A400EC0100200000000001000000000000001E
:1020B400000000000000000000000000000000001C
:1020C400000000000000000000000000000000000C
:1020D400000000000000000000000000D4D1011046
:1020E4000E000000D4D101100F0000000000000019
:1020F4000000000000800840000000000000000014
:102104002CD101100600000048D10110130000007A
:1021140064DC011000000000000000005CDC011021
:10212400010000007402002074020020000000007E
:10213400010000008402002084020020000000004E
:10214400010000000000000000000000000000008A
:10215400000000000000000000000000000000007B
:10216400000000000000000000000000000000006B
:102174000000000000000840000000000000000013
:102184002CD101100600000048D1011012000000FB
:1021940088DC0110000000000000000080DC011059
:1021A40001000000F4020020F402002000000000FE
:1021B40001000000040300200403002000000000CC
:1021C400010000000000000000000000000000000A
:1021D40000000000000000000000000000000000FB
:1021E40000000000000000000000000000000000EB
:1021F40000000000C800000048030020480300203D
:1022040000000000000000000000000000000000CA
:1022140000000000000000000000000000000000BA
:1022240000000000000000000000000000000000AA
:10223400000000000000000000000000000000009A
:10224400000000000000000000000000000000008A
:0C2254000000000000000000000000007E
:04226000000000007A
:1022640000000000B8BA00204C0800000000000084
:08227400000000000000000062
:10227C00C8030020C803002000000000010000007B
:10228C00000000000000000000000000E40300203B
:10229C00E403002000000000100010000400000007
:0C22AC000000000030DA011008C700201C
:0422B80015E015E038
:040000051000404166
:00000001FF
